,TractCode,CountBlocks_2015,Blocks Served Any Provider_2015,Prop Served Any_2015,CountBlocks_2017,Blocks Served Any Provider_2017,Prop Served Any_2017,CountBlocks_2019,Blocks Served Any Provider_2019,Prop Served Any_2019
0,47165021002,84.0,83.0,98.81,73,68,93.15,73,69,94.52
1,47165020901,22.0,21.0,95.45,25,24,96.0,25,24,96.0
2,47165020300,113.0,109.0,96.46,111,111,100.0,111,111,100.0
3,47165020902,116.0,116.0,100.0,114,113,99.12,113,113,100.0
4,47165020800,134.0,131.0,97.76,134,134,100.0,134,134,100.0
5,47165021203,62.0,60.0,96.77,68,67,98.53,68,67,98.53
6,47105060302,205.0,205.0,100.0,209,209,100.0,238,238,100.0
7,47105060202,391.0,390.0,99.74,396,396,100.0,412,412,100.0
8,47105060301,197.0,197.0,100.0,197,197,100.0,205,205,100.0
9,47179060400,193.0,193.0,100.0,193,192,99.48,195,195,100.0
10,47157001200,51.0,51.0,100.0,51,51,100.0,50,50,100.0
11,47157001300,59.0,59.0,100.0,64,64,100.0,54,54,100.0
12,47157001400,38.0,38.0,100.0,40,40,100.0,37,37,100.0
13,47157001500,52.0,51.0,98.08,55,55,100.0,49,49,100.0
14,47157001700,88.0,88.0,100.0,70,70,100.0,70,70,100.0
15,47157001900,31.0,31.0,100.0,33,33,100.0,33,33,100.0
16,47157002000,42.0,42.0,100.0,42,42,100.0,42,42,100.0
17,47157002100,80.0,80.0,100.0,80,80,100.0,80,80,100.0
18,47157002400,42.0,42.0,100.0,42,42,100.0,43,43,100.0
19,47157002500,81.0,81.0,100.0,75,75,100.0,75,75,100.0
20,47179061800,224.0,224.0,100.0,220,220,100.0,222,222,100.0
21,47179061300,293.0,293.0,100.0,292,292,100.0,292,292,100.0
22,47179061100,104.0,104.0,100.0,104,104,100.0,104,104,100.0
23,47179060600,131.0,131.0,100.0,129,129,100.0,130,130,100.0
24,47179061200,160.0,160.0,100.0,158,158,100.0,159,159,100.0
25,47179060900,157.0,157.0,100.0,157,157,100.0,157,157,100.0
26,47179061500,209.0,207.0,99.04,214,211,98.6,210,205,97.62
27,47037010106,42.0,42.0,100.0,40,40,100.0,39,39,100.0
28,47179060100,169.0,169.0,100.0,169,169,100.0,169,169,100.0
29,47157002600,40.0,40.0,100.0,40,40,100.0,40,40,100.0
30,47157002700,54.0,54.0,100.0,64,64,100.0,51,51,100.0
31,47157002800,63.0,62.0,98.41,73,73,100.0,62,62,100.0
32,47157002900,86.0,86.0,100.0,98,98,100.0,82,82,100.0
33,47105060201,230.0,230.0,100.0,228,228,100.0,246,246,100.0
34,47105060501,402.0,402.0,100.0,415,415,100.0,478,478,100.0
35,47105060502,93.0,93.0,100.0,95,95,100.0,105,105,100.0
36,47037010103,41.0,41.0,100.0,41,41,100.0,37,37,100.0
37,47037010202,45.0,45.0,100.0,53,52,98.11,52,51,98.08
38,47037010104,39.0,39.0,100.0,40,39,97.5,40,39,97.5
39,47121960200,252.0,252.0,100.0,278,278,100.0,379,379,100.0
40,47035970200,238.0,238.0,100.0,249,249,100.0,351,351,100.0
41,47035970800,228.0,228.0,100.0,230,230,100.0,472,472,100.0
42,47035970400,313.0,313.0,100.0,314,314,100.0,346,346,100.0
43,47055920300,403.0,403.0,100.0,398,398,100.0,418,418,100.0
44,47121960100,104.0,104.0,100.0,173,173,100.0,332,332,100.0
45,47121960300,150.0,150.0,100.0,118,118,100.0,168,168,100.0
46,47157003000,47.0,47.0,100.0,48,48,100.0,42,42,100.0
47,47135930100,241.0,239.0,99.17,230,226,98.26,296,295,99.66
48,47113000900,105.0,105.0,100.0,105,105,100.0,105,105,100.0
49,47065001100,111.0,110.0,99.1,114,110,96.49,114,109,95.61
50,47155080300,97.0,97.0,100.0,97,97,100.0,97,97,100.0
51,47155080500,216.0,216.0,100.0,217,217,100.0,230,230,100.0
52,47155080400,209.0,208.0,99.52,291,291,100.0,323,323,100.0
53,47155081000,426.0,424.0,99.53,451,450,99.78,521,521,100.0
54,47055920400,265.0,264.0,99.62,278,278,100.0,261,261,100.0
55,47055920500,214.0,214.0,100.0,256,256,100.0,244,244,100.0
56,47055920600,275.0,275.0,100.0,272,272,100.0,269,269,100.0
57,47055920200,253.0,253.0,100.0,291,291,100.0,291,291,100.0
58,47055920800,281.0,281.0,100.0,368,368,100.0,348,348,100.0
59,47055920700,37.0,37.0,100.0,138,138,100.0,132,132,100.0
60,47055920100,232.0,232.0,100.0,240,240,100.0,201,201,100.0
61,47029920400,19.0,19.0,100.0,13,13,100.0,73,73,100.0
62,47157001100,45.0,44.0,97.78,51,51,100.0,46,46,100.0
63,47037013300,191.0,188.0,98.43,193,193,100.0,193,193,100.0
64,47037018102,64.0,63.0,98.44,60,58,96.67,59,58,98.31
65,47029920100,243.0,243.0,100.0,243,243,100.0,180,180,100.0
66,47029920502,169.0,169.0,100.0,173,172,99.42,284,284,100.0
67,47029920200,334.0,334.0,100.0,334,334,100.0,335,335,100.0
68,47029920600,219.0,219.0,100.0,217,217,100.0,244,244,100.0
69,47029920300,78.0,78.0,100.0,132,132,100.0,193,193,100.0
70,47029920501,252.0,252.0,100.0,264,263,99.62,292,292,100.0
71,47065011324,48.0,48.0,100.0,48,48,100.0,48,48,100.0
72,47019070400,58.0,58.0,100.0,58,58,100.0,58,58,100.0
73,47019070700,62.0,62.0,100.0,64,64,100.0,64,64,100.0
74,47065001300,101.0,101.0,100.0,108,101,93.52,108,98,90.74
75,47031970801,146.0,146.0,100.0,146,146,100.0,146,146,100.0
76,47031980100,13.0,13.0,100.0,48,48,100.0,39,39,100.0
77,47065001400,101.0,100.0,99.01,107,102,95.33,107,102,95.33
78,47065003000,65.0,62.0,95.38,75,62,82.67,75,62,82.67
79,47065003400,68.0,68.0,100.0,75,69,92.0,75,69,92.0
80,47065010412,57.0,57.0,100.0,56,56,100.0,57,57,100.0
81,47065010433,66.0,66.0,100.0,72,70,97.22,72,69,95.83
82,47065010502,43.0,43.0,100.0,43,43,100.0,43,43,100.0
83,47065010307,157.0,155.0,98.73,156,156,100.0,154,154,100.0
84,47065012200,96.0,96.0,100.0,97,97,100.0,97,97,100.0
85,47065011445,79.0,77.0,97.47,80,80,100.0,82,81,98.78
86,47065010306,72.0,72.0,100.0,73,73,100.0,73,73,100.0
87,47065011446,51.0,50.0,98.04,52,51,98.08,51,50,98.04
88,47065011204,127.0,127.0,100.0,125,125,100.0,124,124,100.0
89,47065012300,175.0,173.0,98.86,178,176,98.88,178,176,98.88
90,47065002400,175.0,175.0,100.0,175,175,100.0,175,175,100.0
91,47065002800,96.0,96.0,100.0,113,94,83.19,113,90,79.65
92,47165021104,29.0,29.0,100.0,31,31,100.0,31,31,100.0
93,47165021205,59.0,58.0,98.31,56,55,98.21,56,56,100.0
94,47165021009,45.0,41.0,91.11,45,45,100.0,45,44,97.78
95,47165020501,87.0,82.0,94.25,92,90,97.83,92,90,97.83
96,47187050205,52.0,52.0,100.0,47,47,100.0,47,47,100.0
97,47037010602,27.0,27.0,100.0,27,27,100.0,27,27,100.0
98,47037013602,20.0,20.0,100.0,18,17,94.44,18,17,94.44
99,47065002900,49.0,48.0,97.96,51,49,96.08,51,49,96.08
100,47065010431,89.0,88.0,98.88,91,89,97.8,88,86,97.73
101,47065010101,94.0,94.0,100.0,84,84,100.0,86,86,100.0
102,47065003300,124.0,124.0,100.0,135,124,91.85,135,123,91.11
103,47065001200,72.0,72.0,100.0,76,71,93.42,76,72,94.74
104,47065010501,95.0,95.0,100.0,98,98,100.0,98,98,100.0
105,47065003200,69.0,69.0,100.0,68,68,100.0,68,68,100.0
106,47065011311,114.0,113.0,99.12,114,114,100.0,115,115,100.0
107,47065012100,168.0,167.0,99.4,181,180,99.45,181,180,99.45
108,47065002000,131.0,130.0,99.24,169,126,74.56,169,120,71.01
109,47065010600,55.0,55.0,100.0,55,55,100.0,55,55,100.0
110,47065011442,28.0,28.0,100.0,37,28,75.68,37,29,78.38
111,47065000400,106.0,106.0,100.0,110,108,98.18,110,108,98.18
112,47065011800,83.0,83.0,100.0,85,84,98.82,84,83,98.81
113,47065011321,44.0,43.0,97.73,48,46,95.83,47,45,95.74
114,47001020300,47.0,47.0,100.0,48,48,100.0,50,50,100.0
115,47065003100,119.0,119.0,100.0,121,119,98.35,116,114,98.28
116,47065000800,63.0,63.0,100.0,64,63,98.44,62,61,98.39
117,47135930200,396.0,386.0,97.47,421,403,95.72,482,477,98.96
118,47187050304,83.0,77.0,92.77,105,68,64.76,72,67,93.06
119,47187050203,60.0,59.0,98.33,56,54,96.43,54,52,96.3
120,47187050905,53.0,48.0,90.57,57,53,92.98,57,54,94.74
121,47187050204,43.0,43.0,100.0,43,43,100.0,43,43,100.0
122,47037019200,127.0,125.0,98.43,127,127,100.0,127,127,100.0
123,47037019500,365.0,343.0,93.97,414,362,87.44,376,364,96.81
124,47037019400,202.0,198.0,98.02,216,215,99.54,218,217,99.54
125,47029920700,176.0,176.0,100.0,128,127,99.22,385,385,100.0
126,47187050206,30.0,29.0,96.67,29,29,100.0,29,29,100.0
127,47037016700,90.0,90.0,100.0,83,83,100.0,85,85,100.0
128,47037015612,39.0,39.0,100.0,36,36,100.0,36,36,100.0
129,47037010105,43.0,43.0,100.0,39,39,100.0,42,39,92.86
130,47037010303,44.0,43.0,97.73,45,43,95.56,47,44,93.62
131,47001021201,92.0,92.0,100.0,86,84,97.67,110,110,100.0
132,47001021302,131.0,131.0,100.0,135,134,99.26,173,173,100.0
133,47001021202,158.0,153.0,96.84,160,157,98.12,198,198,100.0
134,47001020901,148.0,147.0,99.32,142,141,99.3,259,259,100.0
135,47001020902,165.0,155.0,93.94,166,164,98.8,302,302,100.0
136,47001020700,64.0,64.0,100.0,263,263,100.0,332,332,100.0
137,47001020100,88.0,84.0,95.45,81,74,91.36,120,120,100.0
138,47001020400,86.0,84.0,97.67,87,86,98.85,110,110,100.0
139,47001020500,69.0,68.0,98.55,64,63,98.44,86,86,100.0
140,47001021000,200.0,198.0,99.0,195,193,98.97,335,335,100.0
141,47001021301,81.0,75.0,92.59,80,76,95.0,106,106,100.0
142,47001020800,199.0,192.0,96.48,218,217,99.54,292,292,100.0
143,47001021100,74.0,72.0,97.3,69,66,95.65,97,97,100.0
144,47093007100,78.0,78.0,100.0,71,71,100.0,94,94,100.0
145,47093006207,28.0,28.0,100.0,28,28,100.0,34,34,100.0
146,47093005810,38.0,38.0,100.0,38,38,100.0,47,47,100.0
147,47093004612,16.0,16.0,100.0,16,16,100.0,16,16,100.0
148,47125980100,39.0,39.0,100.0,42,41,97.62,41,40,97.56
149,47125101804,99.0,99.0,100.0,95,95,100.0,100,100,100.0
150,47125101903,104.0,104.0,100.0,104,104,100.0,104,104,100.0
151,47125101904,73.0,73.0,100.0,72,72,100.0,76,76,100.0
152,47125101306,50.0,50.0,100.0,50,50,100.0,50,50,100.0
153,47125101305,21.0,21.0,100.0,20,20,100.0,20,20,100.0
154,47125102002,47.0,47.0,100.0,47,47,100.0,47,47,100.0
155,47155080901,170.0,169.0,99.41,171,168,98.25,239,238,99.58
156,47155080201,135.0,135.0,100.0,138,138,100.0,142,142,100.0
157,47155080202,121.0,121.0,100.0,122,122,100.0,125,125,100.0
158,47155080802,202.0,202.0,100.0,211,211,100.0,212,212,100.0
159,47155080902,248.0,248.0,100.0,249,244,97.99,335,335,100.0
160,47065011411,67.0,67.0,100.0,66,66,100.0,63,61,96.83
161,47017962300,236.0,236.0,100.0,289,289,100.0,250,248,99.2
162,47017962400,83.0,83.0,100.0,186,186,100.0,95,95,100.0
163,47017962500,160.0,160.0,100.0,293,293,100.0,166,165,99.4
164,47017962000,295.0,294.0,99.66,402,402,100.0,305,304,99.67
165,47017962100,360.0,360.0,100.0,512,512,100.0,384,383,99.74
166,47021070203,115.0,115.0,100.0,116,116,100.0,114,114,100.0
167,47021070103,67.0,67.0,100.0,69,69,100.0,69,69,100.0
168,47065010411,66.0,66.0,100.0,67,67,100.0,67,67,100.0
169,47065001800,142.0,142.0,100.0,149,147,98.66,147,146,99.32
170,47065002300,103.0,103.0,100.0,106,101,95.28,105,101,96.19
171,47065001900,176.0,174.0,98.86,179,178,99.44,178,176,98.88
172,47065010700,57.0,57.0,100.0,56,56,100.0,55,55,100.0
173,47065001600,36.0,34.0,94.44,41,41,100.0,42,42,100.0
174,47065010432,75.0,75.0,100.0,79,76,96.2,79,76,96.2
175,47065000700,87.0,87.0,100.0,88,88,100.0,87,86,98.85
176,47065002600,138.0,137.0,99.28,148,137,92.57,148,135,91.22
177,47163042400,135.0,135.0,100.0,135,135,100.0,135,135,100.0
178,47037011300,84.0,84.0,100.0,82,81,98.78,91,81,89.01
179,47037017901,77.0,77.0,100.0,72,72,100.0,71,71,100.0
180,47105060600,287.0,287.0,100.0,278,277,99.64,345,345,100.0
181,47105060100,293.0,292.0,99.66,312,311,99.68,437,437,100.0
182,47105060400,181.0,177.0,97.79,349,345,98.85,442,442,100.0
183,47105060700,162.0,161.0,99.38,147,147,100.0,305,305,100.0
184,47037015620,35.0,35.0,100.0,36,36,100.0,36,36,100.0
185,47005963300,232.0,232.0,100.0,232,232,100.0,231,231,100.0
186,47005963100,51.0,51.0,100.0,89,89,100.0,128,128,100.0
187,47005963400,190.0,190.0,100.0,344,343,99.71,285,285,100.0
188,47005963200,54.0,54.0,100.0,175,175,100.0,154,154,100.0
189,47005963000,92.0,92.0,100.0,113,113,100.0,142,142,100.0
190,47015960100,274.0,274.0,100.0,264,264,100.0,274,274,100.0
191,47015960200,294.0,294.0,100.0,290,290,100.0,293,293,100.0
192,47015960300,151.0,151.0,100.0,152,152,100.0,151,151,100.0
193,47021070300,101.0,101.0,100.0,99,99,100.0,99,99,100.0
194,47021070102,85.0,85.0,100.0,82,82,100.0,87,87,100.0
195,47023970300,297.0,297.0,100.0,273,272,99.63,305,304,99.67
196,47163040200,317.0,317.0,100.0,317,317,100.0,317,317,100.0
197,47163040900,79.0,79.0,100.0,79,79,100.0,79,79,100.0
198,47163041600,83.0,83.0,100.0,83,83,100.0,83,83,100.0
199,47163041500,60.0,60.0,100.0,63,63,100.0,63,63,100.0
200,47163041800,113.0,113.0,100.0,114,114,100.0,114,114,100.0
201,47163042100,184.0,184.0,100.0,184,184,100.0,184,184,100.0
202,47163042300,157.0,157.0,100.0,157,157,100.0,157,157,100.0
203,47163042600,160.0,160.0,100.0,160,160,100.0,160,160,100.0
204,47163042801,87.0,87.0,100.0,87,87,100.0,87,87,100.0
205,47163042900,73.0,73.0,100.0,73,73,100.0,73,73,100.0
206,47163043000,245.0,245.0,100.0,245,245,100.0,245,245,100.0
207,47049965100,173.0,173.0,100.0,174,174,100.0,201,201,100.0
208,47023970100,213.0,213.0,100.0,169,169,100.0,214,214,100.0
209,47023970200,161.0,161.0,100.0,163,163,100.0,164,164,100.0
210,47049965200,197.0,195.0,98.98,194,192,98.97,229,229,100.0
211,47049965300,147.0,146.0,99.32,149,147,98.66,174,173,99.43
212,47049965000,167.0,159.0,95.21,168,162,96.43,214,209,97.66
213,47057500300,366.0,366.0,100.0,369,369,100.0,357,357,100.0
214,47057500100,226.0,226.0,100.0,235,235,100.0,236,236,100.0
215,47123925400,386.0,386.0,100.0,379,379,100.0,447,447,100.0
216,47057500200,174.0,174.0,100.0,185,183,98.92,261,261,100.0
217,47125100200,67.0,67.0,100.0,67,67,100.0,67,67,100.0
218,47125100602,52.0,52.0,100.0,52,52,100.0,52,52,100.0
219,47165021103,55.0,55.0,100.0,55,54,98.18,55,54,98.18
220,47165021201,73.0,73.0,100.0,69,69,100.0,69,69,100.0
221,47185935000,192.0,192.0,100.0,192,192,100.0,201,201,100.0
222,47185935200,111.0,111.0,100.0,109,109,100.0,114,114,100.0
223,47185935500,187.0,187.0,100.0,187,187,100.0,191,191,100.0
224,47185935400,177.0,177.0,100.0,177,177,100.0,177,177,100.0
225,47185935300,224.0,224.0,100.0,224,224,100.0,225,225,100.0
226,47185935100,186.0,186.0,100.0,186,186,100.0,193,193,100.0
227,47157003400,32.0,32.0,100.0,30,30,100.0,30,30,100.0
228,47123925000,253.0,244.0,96.44,296,288,97.3,510,510,100.0
229,47123925300,274.0,274.0,100.0,278,278,100.0,357,357,100.0
230,47123925200,315.0,314.0,99.68,317,317,100.0,394,394,100.0
231,47079969500,217.0,217.0,100.0,218,218,100.0,218,218,100.0
232,47123925100,309.0,309.0,100.0,309,309,100.0,383,383,100.0
233,47157000100,135.0,134.0,99.26,133,132,99.25,134,132,98.51
234,47157000300,39.0,39.0,100.0,37,37,100.0,37,37,100.0
235,47157000400,54.0,53.0,98.15,55,54,98.18,55,54,98.18
236,47079969000,399.0,399.0,100.0,418,418,100.0,411,411,100.0
237,47079969400,120.0,120.0,100.0,120,120,100.0,120,120,100.0
238,47079969800,200.0,200.0,100.0,314,314,100.0,252,252,100.0
239,47079969200,171.0,171.0,100.0,196,196,100.0,185,185,100.0
240,47079969700,30.0,30.0,100.0,196,196,100.0,111,111,100.0
241,47079969100,271.0,271.0,100.0,271,271,100.0,271,271,100.0
242,47081950100,157.0,157.0,100.0,231,230,99.57,235,235,100.0
243,47079969300,214.0,214.0,100.0,231,231,100.0,222,222,100.0
244,47081950400,214.0,214.0,100.0,153,151,98.69,253,253,100.0
245,47081950200,200.0,199.0,99.5,229,229,100.0,249,249,100.0
246,47081950500,91.0,90.0,98.9,85,85,100.0,141,141,100.0
247,47145030100,46.0,45.0,97.83,48,47,97.92,59,59,100.0
248,47145030300,169.0,169.0,100.0,229,228,99.56,390,390,100.0
249,47145030800,273.0,271.0,99.27,273,271,99.27,374,374,100.0
250,47145030900,179.0,176.0,98.32,197,196,99.49,297,297,100.0
251,47145030700,172.0,168.0,97.67,192,189,98.44,339,339,100.0
252,47145030500,184.0,179.0,97.28,197,192,97.46,334,334,100.0
253,47145030202,225.0,219.0,97.33,222,217,97.75,342,342,100.0
254,47145030600,114.0,110.0,96.49,118,117,99.15,194,194,100.0
255,47145030201,229.0,227.0,99.13,216,214,99.07,406,406,100.0
256,47145030400,261.0,259.0,99.23,249,247,99.2,391,391,100.0
257,47159975400,331.0,331.0,100.0,318,318,100.0,342,342,100.0
258,47159975100,104.0,103.0,99.04,114,114,100.0,114,114,100.0
259,47159975200,222.0,222.0,100.0,245,245,100.0,258,258,100.0
260,47115050101,180.0,180.0,100.0,176,176,100.0,188,188,100.0
261,47159975000,108.0,108.0,100.0,169,169,100.0,222,222,100.0
262,47159975300,100.0,98.0,98.0,89,88,98.88,104,103,99.04
263,47073050400,112.0,112.0,100.0,149,149,100.0,218,218,100.0
264,47073050700,63.0,63.0,100.0,76,76,100.0,89,89,100.0
265,47093006104,60.0,58.0,96.67,61,60,98.36,67,67,100.0
266,47073050900,174.0,174.0,100.0,176,176,100.0,125,125,100.0
267,47073050100,232.0,232.0,100.0,232,232,100.0,185,185,100.0
268,47187050207,45.0,45.0,100.0,45,45,100.0,45,45,100.0
269,47187050102,53.0,53.0,100.0,53,53,100.0,53,53,100.0
270,47187050504,59.0,59.0,100.0,59,59,100.0,62,62,100.0
271,47187051001,171.0,169.0,98.83,154,150,97.4,154,150,97.4
272,47187051100,277.0,276.0,99.64,284,284,100.0,295,295,100.0
273,47037011400,76.0,76.0,100.0,75,75,100.0,76,75,98.68
274,47179060700,33.0,33.0,100.0,33,33,100.0,33,33,100.0
275,47179060800,137.0,137.0,100.0,137,137,100.0,137,137,100.0
276,47179061000,149.0,149.0,100.0,149,149,100.0,149,149,100.0
277,47115050202,308.0,308.0,100.0,389,389,100.0,345,345,100.0
278,47115050102,269.0,269.0,100.0,259,259,100.0,300,300,100.0
279,47115050302,156.0,156.0,100.0,421,421,100.0,225,224,99.56
280,47115050301,363.0,362.0,99.72,365,364,99.73,413,413,100.0
281,47115050201,264.0,264.0,100.0,263,263,100.0,299,299,100.0
282,47157010630,41.0,41.0,100.0,37,37,100.0,36,36,100.0
283,47137925100,218.0,214.0,98.17,220,218,99.09,357,355,99.44
284,47037010702,26.0,25.0,96.15,28,27,96.43,28,27,96.43
285,47037010801,49.0,49.0,100.0,48,48,100.0,48,48,100.0
286,47157020635,37.0,37.0,100.0,39,39,100.0,34,34,100.0
287,47157011200,43.0,43.0,100.0,43,43,100.0,43,43,100.0
288,47157011300,78.0,78.0,100.0,76,76,100.0,79,79,100.0
289,47157011400,133.0,133.0,100.0,129,128,99.22,130,129,99.23
290,47157011600,77.0,77.0,100.0,74,74,100.0,74,74,100.0
291,47157011500,84.0,82.0,97.62,73,73,100.0,73,73,100.0
292,47125100700,32.0,32.0,100.0,32,32,100.0,32,32,100.0
293,47125100800,137.0,137.0,100.0,137,137,100.0,137,137,100.0
294,47125101101,25.0,25.0,100.0,25,25,100.0,25,25,100.0
295,47125101002,52.0,52.0,100.0,52,52,100.0,52,52,100.0
296,47157011800,70.0,70.0,100.0,75,75,100.0,70,70,100.0
297,47157022700,80.0,80.0,100.0,80,80,100.0,80,80,100.0
298,47157007821,68.0,68.0,100.0,68,68,100.0,69,69,100.0
299,47157007822,32.0,32.0,100.0,31,31,100.0,31,31,100.0
300,47157007900,61.0,61.0,100.0,63,63,100.0,61,61,100.0
301,47157008000,70.0,70.0,100.0,74,74,100.0,67,67,100.0
302,47157008110,41.0,41.0,100.0,41,41,100.0,40,40,100.0
303,47157021341,85.0,84.0,98.82,85,84,98.82,82,81,98.78
304,47157021612,54.0,54.0,100.0,54,54,100.0,54,54,100.0
305,47157006600,61.0,59.0,96.72,89,89,100.0,64,60,93.75
306,47021070201,109.0,109.0,100.0,108,108,100.0,108,108,100.0
307,47021070401,54.0,54.0,100.0,58,57,98.28,69,68,98.55
308,47021070402,106.0,106.0,100.0,114,112,98.25,122,120,98.36
309,47157008120,69.0,69.0,100.0,73,73,100.0,69,69,100.0
310,47157008600,91.0,91.0,100.0,106,106,100.0,89,89,100.0
311,47157008700,64.0,64.0,100.0,68,68,100.0,67,67,100.0
312,47157021620,90.0,88.0,97.78,91,88,96.7,92,90,97.83
313,47157021721,40.0,39.0,97.5,39,39,100.0,38,38,100.0
314,47119010802,332.0,332.0,100.0,330,330,100.0,330,330,100.0
315,47119010201,384.0,384.0,100.0,395,395,100.0,385,385,100.0
316,47119011002,355.0,355.0,100.0,351,351,100.0,351,351,100.0
317,47119010302,147.0,147.0,100.0,122,122,100.0,124,124,100.0
318,47139950201,107.0,106.0,99.07,116,116,100.0,152,152,100.0
319,47155080101,95.0,93.0,97.89,90,90,100.0,140,140,100.0
320,47155080601,170.0,168.0,98.82,167,162,97.01,217,217,100.0
321,47043060502,130.0,129.0,99.23,136,136,100.0,134,134,100.0
322,47043060601,159.0,159.0,100.0,154,153,99.35,157,156,99.36
323,47157008800,98.0,97.0,98.98,98,98,100.0,96,95,98.96
324,47157008900,67.0,65.0,97.01,86,86,100.0,62,61,98.39
325,47157009100,36.0,36.0,100.0,43,43,100.0,37,37,100.0
326,47157021731,34.0,32.0,94.12,30,27,90.0,32,28,87.5
327,47157021741,71.0,71.0,100.0,69,68,98.55,68,68,100.0
328,47157021732,61.0,57.0,93.44,62,60,96.77,61,58,95.08
329,47125100601,46.0,46.0,100.0,46,46,100.0,46,46,100.0
330,47125101902,31.0,31.0,100.0,31,31,100.0,31,31,100.0
331,47125102006,67.0,67.0,100.0,68,68,100.0,68,68,100.0
332,47125101307,32.0,32.0,100.0,32,32,100.0,32,32,100.0
333,47155080102,165.0,159.0,96.36,159,156,98.11,272,272,100.0
334,47155080602,205.0,205.0,100.0,316,316,100.0,330,330,100.0
335,47125101202,45.0,45.0,100.0,46,46,100.0,47,47,100.0
336,47125101303,73.0,73.0,100.0,73,73,100.0,73,73,100.0
337,47125102005,62.0,62.0,100.0,62,62,100.0,62,62,100.0
338,47125102003,35.0,35.0,100.0,35,35,100.0,35,35,100.0
339,47157006700,89.0,89.0,100.0,92,92,100.0,88,88,100.0
340,47157009300,74.0,74.0,100.0,74,74,100.0,74,74,100.0
341,47157009400,63.0,63.0,100.0,63,63,100.0,63,63,100.0
342,47071920400,275.0,275.0,100.0,276,276,100.0,275,275,100.0
343,47071920600,225.0,224.0,99.56,426,426,100.0,233,233,100.0
344,47071920300,162.0,162.0,100.0,178,178,100.0,160,160,100.0
345,47071920500,226.0,226.0,100.0,567,567,100.0,215,214,99.53
346,47071920100,127.0,127.0,100.0,407,407,100.0,206,206,100.0
347,47071920200,364.0,364.0,100.0,509,509,100.0,321,321,100.0
348,47157009500,115.0,115.0,100.0,128,128,100.0,115,115,100.0
349,47157009600,89.0,89.0,100.0,137,137,100.0,87,87,100.0
350,47063101200,138.0,138.0,100.0,138,138,100.0,138,138,100.0
351,47063100700,439.0,439.0,100.0,439,439,100.0,439,439,100.0
352,47063100300,124.0,124.0,100.0,124,124,100.0,124,124,100.0
353,47063100800,261.0,261.0,100.0,261,261,100.0,261,261,100.0
354,47063100600,192.0,192.0,100.0,192,192,100.0,192,192,100.0
355,47063100500,76.0,76.0,100.0,76,76,100.0,76,76,100.0
356,47063101100,198.0,198.0,100.0,198,198,100.0,198,198,100.0
357,47063101000,274.0,274.0,100.0,274,274,100.0,274,274,100.0
358,47063100400,153.0,153.0,100.0,153,153,100.0,153,153,100.0
359,47063100100,150.0,150.0,100.0,150,150,100.0,150,150,100.0
360,47063100900,115.0,115.0,100.0,115,115,100.0,115,115,100.0
361,47063100200,201.0,201.0,100.0,201,201,100.0,201,201,100.0
362,47157021752,33.0,33.0,100.0,34,34,100.0,34,34,100.0
363,47157021751,68.0,68.0,100.0,66,66,100.0,68,68,100.0
364,47125100400,45.0,45.0,100.0,45,45,100.0,45,45,100.0
365,47065010800,70.0,70.0,100.0,73,73,100.0,71,71,100.0
366,47065011447,73.0,73.0,100.0,73,73,100.0,72,72,100.0
367,47065980200,11.0,9.0,81.82,11,10,90.91,19,16,84.21
368,47065980100,7.0,5.0,71.43,10,9,90.0,10,9,90.0
369,47149040806,87.0,87.0,100.0,100,100,100.0,90,90,100.0
370,47149041102,34.0,33.0,97.06,32,31,96.88,30,30,100.0
371,47149041202,49.0,49.0,100.0,55,55,100.0,52,52,100.0
372,47149041401,24.0,24.0,100.0,26,26,100.0,25,25,100.0
373,47149040305,27.0,27.0,100.0,29,29,100.0,29,29,100.0
374,47073050302,158.0,158.0,100.0,157,157,100.0,171,171,100.0
375,47149040105,41.0,38.0,92.68,36,36,100.0,36,36,100.0
376,47149040501,88.0,87.0,98.86,98,97,98.98,98,97,98.98
377,47149040808,77.0,77.0,100.0,85,85,100.0,86,86,100.0
378,47149040303,28.0,28.0,100.0,29,29,100.0,27,27,100.0
379,47149040502,110.0,109.0,99.09,108,108,100.0,109,109,100.0
380,47149041201,65.0,65.0,100.0,102,102,100.0,95,95,100.0
381,47149040809,49.0,48.0,97.96,50,50,100.0,50,50,100.0
382,47149041403,49.0,49.0,100.0,54,54,100.0,54,54,100.0
383,47149040304,41.0,41.0,100.0,41,41,100.0,41,41,100.0
384,47157009700,38.0,38.0,100.0,45,45,100.0,38,37,97.37
385,47157009800,50.0,50.0,100.0,57,57,100.0,48,48,100.0
386,47157010000,79.0,79.0,100.0,79,79,100.0,79,79,100.0
387,47149040904,45.0,45.0,100.0,55,55,100.0,50,49,98.0
388,47149041402,24.0,24.0,100.0,27,27,100.0,26,26,100.0
389,47157010110,74.0,73.0,98.65,73,73,100.0,73,73,100.0
390,47157021420,56.0,54.0,96.43,71,71,100.0,55,49,89.09
391,47157021430,79.0,73.0,92.41,85,85,100.0,76,75,98.68
392,47157021754,42.0,42.0,100.0,34,34,100.0,34,34,100.0
393,47157021900,63.0,62.0,98.41,59,58,98.31,60,60,100.0
394,47157021753,30.0,29.0,96.67,26,24,92.31,26,26,100.0
395,47157006800,43.0,43.0,100.0,43,43,100.0,43,43,100.0
396,47157006900,48.0,48.0,100.0,53,53,100.0,48,48,100.0
397,47157007000,40.0,40.0,100.0,44,44,100.0,40,40,100.0
398,47157010210,63.0,63.0,100.0,62,62,100.0,62,62,100.0
399,47157010610,75.0,73.0,97.33,75,70,93.33,74,69,93.24
400,47157010620,41.0,41.0,100.0,37,37,100.0,37,37,100.0
401,47093006003,35.0,35.0,100.0,36,36,100.0,37,37,100.0
402,47097050506,47.0,47.0,100.0,66,66,100.0,65,65,100.0
403,47157007100,44.0,44.0,100.0,48,48,100.0,44,44,100.0
404,47157007200,34.0,34.0,100.0,34,34,100.0,32,32,100.0
405,47157010710,66.0,65.0,98.48,64,63,98.44,61,60,98.36
406,47157010720,32.0,32.0,100.0,32,32,100.0,32,31,96.88
407,47157010810,57.0,57.0,100.0,53,53,100.0,54,54,100.0
408,47157010820,48.0,47.0,97.92,46,46,100.0,46,46,100.0
409,47037013202,48.0,48.0,100.0,49,48,97.96,49,48,97.96
410,47037013201,41.0,41.0,100.0,41,41,100.0,41,41,100.0
411,47037018409,60.0,60.0,100.0,60,60,100.0,60,60,100.0
412,47037018410,14.0,14.0,100.0,16,16,100.0,16,16,100.0
413,47037015803,7.0,7.0,100.0,6,6,100.0,6,6,100.0
414,47157011010,47.0,47.0,100.0,46,45,97.83,45,45,100.0
415,47037015804,21.0,21.0,100.0,21,21,100.0,21,21,100.0
416,47037015629,28.0,28.0,100.0,32,30,93.75,31,30,96.77
417,47125101500,97.0,97.0,100.0,100,100,100.0,110,110,100.0
418,47125101103,32.0,32.0,100.0,32,32,100.0,32,32,100.0
419,47125100900,63.0,63.0,100.0,63,63,100.0,63,63,100.0
420,47125101102,89.0,89.0,100.0,89,89,100.0,89,89,100.0
421,47125101802,186.0,186.0,100.0,184,184,100.0,185,185,100.0
422,47125101600,85.0,85.0,100.0,84,84,100.0,85,85,100.0
423,47125101700,192.0,192.0,100.0,235,235,100.0,254,254,100.0
424,47125101400,35.0,32.0,91.43,34,25,73.53,37,26,70.27
425,47125100100,78.0,78.0,100.0,78,78,100.0,78,78,100.0
426,47125100500,67.0,67.0,100.0,67,67,100.0,67,67,100.0
427,47157011020,33.0,32.0,96.97,29,26,89.66,30,27,90.0
428,47157020400,43.0,42.0,97.67,133,133,100.0,32,28,87.5
429,47037015626,23.0,23.0,100.0,26,26,100.0,26,26,100.0
430,47037015628,10.0,10.0,100.0,11,11,100.0,12,11,91.67
431,47165021106,53.0,52.0,98.11,51,50,98.04,51,50,98.04
432,47093005401,92.0,88.0,95.65,99,97,97.98,143,143,100.0
433,47093005604,71.0,69.0,97.18,73,72,98.63,98,98,100.0
434,47093004403,70.0,69.0,98.57,93,93,100.0,99,99,100.0
435,47093005710,54.0,52.0,96.3,51,49,96.08,77,77,100.0
436,47093006208,62.0,60.0,96.77,71,70,98.59,81,81,100.0
437,47093005812,63.0,63.0,100.0,64,64,100.0,64,64,100.0
438,47093004611,78.0,78.0,100.0,77,77,100.0,92,92,100.0
439,47093005904,92.0,91.0,98.91,90,89,98.89,97,97,100.0
440,47093005808,80.0,80.0,100.0,80,80,100.0,81,81,100.0
441,47093006205,43.0,43.0,100.0,43,43,100.0,44,44,100.0
442,47093005906,20.0,20.0,100.0,17,17,100.0,31,31,100.0
443,47093005712,71.0,71.0,100.0,72,72,100.0,77,77,100.0
444,47093006001,40.0,39.0,97.5,38,38,100.0,40,40,100.0
445,47093006900,95.0,93.0,97.89,95,95,100.0,108,108,100.0
446,47093005811,51.0,51.0,100.0,51,51,100.0,51,51,100.0
447,47093006206,38.0,37.0,97.37,41,39,95.12,44,44,100.0
448,47093005706,75.0,74.0,98.67,80,79,98.75,85,85,100.0
449,47011011500,310.0,310.0,100.0,348,348,100.0,336,336,100.0
450,47093007000,104.0,102.0,98.08,102,101,99.02,107,107,100.0
451,47157020511,36.0,36.0,100.0,50,50,100.0,34,33,97.06
452,47157020541,76.0,76.0,100.0,80,80,100.0,72,71,98.61
453,47157020542,71.0,69.0,97.18,76,76,100.0,50,48,96.0
454,47153060200,248.0,248.0,100.0,250,250,100.0,251,251,100.0
455,47011010200,149.0,149.0,100.0,149,149,100.0,149,149,100.0
456,47011010600,139.0,139.0,100.0,139,139,100.0,139,139,100.0
457,47011011201,229.0,229.0,100.0,229,229,100.0,239,239,100.0
458,47011011202,200.0,200.0,100.0,201,201,100.0,201,201,100.0
459,47011010300,83.0,83.0,100.0,83,83,100.0,83,83,100.0
460,47011010100,186.0,186.0,100.0,186,186,100.0,186,186,100.0
461,47011011300,310.0,310.0,100.0,316,316,100.0,310,310,100.0
462,47011011000,140.0,140.0,100.0,140,140,100.0,140,140,100.0
463,47011011100,217.0,217.0,100.0,221,221,100.0,213,213,100.0
464,47011010500,176.0,176.0,100.0,176,176,100.0,176,176,100.0
465,47011010900,109.0,109.0,100.0,109,109,100.0,105,105,100.0
466,47011010700,186.0,186.0,100.0,186,186,100.0,186,186,100.0
467,47167040100,37.0,37.0,100.0,39,39,100.0,33,33,100.0
468,47167040400,70.0,70.0,100.0,70,70,100.0,73,73,100.0
469,47167041000,103.0,103.0,100.0,103,103,100.0,103,103,100.0
470,47167040900,51.0,51.0,100.0,52,52,100.0,61,61,100.0
471,47167040500,111.0,111.0,100.0,113,113,100.0,108,108,100.0
472,47167040200,43.0,43.0,100.0,52,52,100.0,47,47,100.0
473,47165020204,84.0,84.0,100.0,85,84,98.82,85,84,98.82
474,47157006500,49.0,49.0,100.0,54,54,100.0,46,46,100.0
475,47157980200,30.0,30.0,100.0,25,25,100.0,23,23,100.0
476,47169090100,105.0,104.0,99.05,172,171,99.42,244,244,100.0
477,47169090200,87.0,86.0,98.85,86,86,100.0,88,88,100.0
478,47165020503,40.0,40.0,100.0,39,39,100.0,41,41,100.0
479,47165020101,94.0,94.0,100.0,153,153,100.0,153,153,100.0
480,47165020602,116.0,115.0,99.14,166,164,98.8,181,179,98.9
481,47165020203,45.0,45.0,100.0,46,46,100.0,49,49,100.0
482,47165020207,25.0,25.0,100.0,26,26,100.0,26,26,100.0
483,47165020206,35.0,35.0,100.0,36,36,100.0,37,37,100.0
484,47165020404,33.0,33.0,100.0,33,33,100.0,33,33,100.0
485,47165021005,88.0,85.0,96.59,87,87,100.0,90,90,100.0
486,47165021004,43.0,42.0,97.67,44,44,100.0,45,45,100.0
487,47165020903,72.0,71.0,98.61,78,78,100.0,77,77,100.0
488,47165021107,53.0,53.0,100.0,54,54,100.0,53,53,100.0
489,47165021008,43.0,42.0,97.67,41,41,100.0,43,43,100.0
490,47165020405,28.0,28.0,100.0,26,26,100.0,27,27,100.0
491,47065011203,60.0,60.0,100.0,59,59,100.0,59,59,100.0
492,47165020502,53.0,53.0,100.0,59,59,100.0,61,61,100.0
493,47165020603,62.0,61.0,98.39,63,63,100.0,67,67,100.0
494,47101970200,433.0,433.0,100.0,428,428,100.0,436,436,100.0
495,47101970100,276.0,276.0,100.0,267,267,100.0,277,277,100.0
496,47127930200,127.0,127.0,100.0,239,239,100.0,233,233,100.0
497,47065011444,57.0,57.0,100.0,58,58,100.0,54,54,100.0
498,47065000600,96.0,95.0,98.96,99,98,98.99,98,97,98.98
499,47065010304,90.0,90.0,100.0,88,88,100.0,87,86,98.85
500,47065010201,69.0,69.0,100.0,73,73,100.0,69,69,100.0
501,47065010434,50.0,50.0,100.0,50,50,100.0,50,50,100.0
502,47065010202,117.0,117.0,100.0,118,118,100.0,116,116,100.0
503,47065011323,46.0,46.0,100.0,44,44,100.0,45,45,100.0
504,47065012400,114.0,113.0,99.12,119,113,94.96,119,113,94.96
505,47165020403,36.0,36.0,100.0,35,34,97.14,35,35,100.0
506,47165021105,55.0,54.0,98.18,54,54,100.0,54,54,100.0
507,47165021204,75.0,72.0,96.0,67,66,98.51,67,66,98.51
508,47165021007,32.0,32.0,100.0,29,29,100.0,30,30,100.0
509,47165020102,150.0,150.0,100.0,236,236,100.0,236,236,100.0
510,47165020407,48.0,48.0,100.0,54,54,100.0,54,54,100.0
511,47165020601,64.0,64.0,100.0,104,104,100.0,105,105,100.0
512,47165020209,50.0,50.0,100.0,60,60,100.0,62,62,100.0
513,47165020208,47.0,47.0,100.0,52,52,100.0,52,52,100.0
514,47165020205,56.0,56.0,100.0,62,61,98.39,63,62,98.41
515,47149040600,120.0,119.0,99.17,119,119,100.0,121,121,100.0
516,47165021006,39.0,39.0,100.0,37,37,100.0,38,38,100.0
517,47165020406,42.0,42.0,100.0,42,42,100.0,42,42,100.0
518,47117955200,399.0,399.0,100.0,371,371,100.0,345,345,100.0
519,47117955100,277.0,277.0,100.0,255,255,100.0,256,256,100.0
520,47117955000,288.0,288.0,100.0,288,288,100.0,288,288,100.0
521,47117955300,114.0,114.0,100.0,114,114,100.0,114,114,100.0
522,47117955500,378.0,378.0,100.0,397,397,100.0,392,391,99.74
523,47019071500,81.0,81.0,100.0,86,86,100.0,84,84,100.0
524,47187050800,136.0,136.0,100.0,141,140,99.29,141,139,98.58
525,47149042000,63.0,63.0,100.0,71,71,100.0,66,66,100.0
526,47149041800,113.0,102.0,90.27,151,151,100.0,129,123,95.35
527,47149040403,97.0,96.0,98.97,104,104,100.0,102,102,100.0
528,47149042100,106.0,105.0,99.06,128,128,100.0,111,110,99.1
529,47149041000,99.0,99.0,100.0,100,100,100.0,103,103,100.0
530,47149040200,58.0,57.0,98.28,61,59,96.72,61,60,98.36
531,47093005905,27.0,27.0,100.0,26,24,92.31,37,37,100.0
532,47149040302,172.0,168.0,97.67,184,184,100.0,167,164,98.2
533,47187050502,114.0,111.0,97.37,111,110,99.1,128,128,100.0
534,47149041500,6.0,6.0,100.0,23,23,100.0,9,9,100.0
535,47149041600,125.0,125.0,100.0,126,126,100.0,126,125,99.21
536,47149041700,91.0,90.0,98.9,98,98,100.0,92,92,100.0
537,47149041900,51.0,50.0,98.04,52,52,100.0,51,51,100.0
538,47143975402,109.0,109.0,100.0,109,109,100.0,109,109,100.0
539,47093005707,62.0,62.0,100.0,58,58,100.0,74,74,100.0
540,47093005908,69.0,67.0,97.1,68,68,100.0,82,82,100.0
541,47093006103,51.0,51.0,100.0,52,52,100.0,53,53,100.0
542,47093005903,17.0,17.0,100.0,15,15,100.0,19,19,100.0
543,47093005907,29.0,29.0,100.0,25,25,100.0,35,35,100.0
544,47093006402,89.0,89.0,100.0,89,89,100.0,98,98,100.0
545,47093006302,63.0,62.0,98.41,64,64,100.0,79,79,100.0
546,47093006501,96.0,96.0,100.0,98,97,98.98,116,116,100.0
547,47093006301,74.0,74.0,100.0,75,75,100.0,90,90,100.0
548,47093005708,13.0,13.0,100.0,13,13,100.0,13,13,100.0
549,47093005813,81.0,81.0,100.0,80,80,100.0,81,81,100.0
550,47043060200,166.0,165.0,99.4,186,181,97.31,207,203,98.07
551,47065002500,148.0,147.0,99.32,164,150,91.46,164,148,90.24
552,47065010413,52.0,52.0,100.0,49,49,100.0,47,47,100.0
553,47065011201,171.0,168.0,98.25,163,161,98.77,158,157,99.37
554,47043060700,139.0,139.0,100.0,132,130,98.48,153,151,98.69
555,47043060300,173.0,167.0,96.53,188,188,100.0,199,199,100.0
556,47043060100,117.0,117.0,100.0,136,136,100.0,101,101,100.0
557,47037011500,76.0,76.0,100.0,76,76,100.0,76,76,100.0
558,47037015300,79.0,73.0,92.41,102,75,73.53,78,73,93.59
559,47037018601,37.0,37.0,100.0,38,38,100.0,38,38,100.0
560,47037013000,23.0,22.0,95.65,24,23,95.83,25,24,96.0
561,47037010903,29.0,27.0,93.1,28,28,100.0,30,29,96.67
562,47037015401,71.0,70.0,98.59,66,66,100.0,66,66,100.0
563,47037980200,29.0,23.0,79.31,70,22,31.43,32,22,68.75
564,47037013100,45.0,45.0,100.0,45,45,100.0,45,45,100.0
565,47037015619,28.0,28.0,100.0,28,28,100.0,28,28,100.0
566,47037015609,17.0,17.0,100.0,19,19,100.0,21,19,90.48
567,47037015405,33.0,33.0,100.0,35,35,100.0,35,35,100.0
568,47037019112,23.0,23.0,100.0,24,23,95.83,24,23,95.83
569,47037018407,23.0,23.0,100.0,24,24,100.0,24,24,100.0
570,47037011700,158.0,158.0,100.0,156,156,100.0,159,157,98.74
571,47037018404,30.0,29.0,96.67,31,30,96.77,31,30,96.77
572,47037012801,70.0,69.0,98.57,75,75,100.0,76,76,100.0
573,47037011600,60.0,60.0,100.0,60,60,100.0,60,60,100.0
574,47037018500,103.0,102.0,99.03,105,103,98.1,105,102,97.14
575,47037019111,24.0,24.0,100.0,25,25,100.0,25,25,100.0
576,47037010901,38.0,38.0,100.0,36,36,100.0,37,36,97.3
577,47037015617,24.0,24.0,100.0,25,25,100.0,25,25,100.0
578,47037018000,73.0,71.0,97.26,73,73,100.0,73,73,100.0
579,47037012701,49.0,49.0,100.0,50,48,96.0,50,48,96.0
580,47037015610,46.0,45.0,97.83,44,44,100.0,52,46,88.46
581,47037018408,16.0,16.0,100.0,15,15,100.0,15,15,100.0
582,47037015615,27.0,27.0,100.0,29,29,100.0,29,29,100.0
583,47037018201,57.0,57.0,100.0,54,54,100.0,54,54,100.0
584,47037018405,46.0,45.0,97.83,44,44,100.0,44,44,100.0
585,47093005704,67.0,67.0,100.0,69,68,98.55,82,82,100.0
586,47047060501,112.0,110.0,98.21,112,112,100.0,115,115,100.0
587,47037010501,155.0,153.0,98.71,155,154,99.35,155,155,100.0
588,47037010502,92.0,90.0,97.83,91,90,98.9,92,92,100.0
589,47037011200,66.0,66.0,100.0,66,66,100.0,67,66,98.51
590,47037011800,89.0,89.0,100.0,90,90,100.0,90,90,100.0
591,47037011900,66.0,65.0,98.48,65,65,100.0,64,64,100.0
592,47183968600,195.0,195.0,100.0,320,320,100.0,219,219,100.0
593,47183968500,212.0,212.0,100.0,429,429,100.0,292,292,100.0
594,47183968700,123.0,123.0,100.0,196,196,100.0,150,150,100.0
595,47183968000,124.0,124.0,100.0,145,145,100.0,126,126,100.0
596,47183968400,304.0,304.0,100.0,458,458,100.0,346,346,100.0
597,47183968300,172.0,172.0,100.0,227,227,100.0,175,175,100.0
598,47037012100,87.0,87.0,100.0,87,87,100.0,87,87,100.0
599,47037012200,110.0,110.0,100.0,110,110,100.0,110,110,100.0
600,47093003000,45.0,45.0,100.0,45,45,100.0,49,49,100.0
601,47093002000,102.0,102.0,100.0,102,102,100.0,104,104,100.0
602,47093004300,60.0,57.0,95.0,59,58,98.31,78,78,100.0
603,47093001500,131.0,131.0,100.0,131,131,100.0,134,134,100.0
604,47093002900,75.0,74.0,98.67,75,75,100.0,85,85,100.0
605,47093002300,53.0,53.0,100.0,52,52,100.0,58,58,100.0
606,47093004700,66.0,65.0,98.48,68,67,98.53,79,79,100.0
607,47093004401,80.0,80.0,100.0,88,88,100.0,92,92,100.0
608,47093006102,61.0,60.0,98.36,61,61,100.0,68,68,100.0
609,47093005201,63.0,63.0,100.0,65,65,100.0,68,68,100.0
610,47093000800,74.0,73.0,98.65,73,73,100.0,85,85,100.0
611,47093002200,71.0,71.0,100.0,71,71,100.0,83,83,100.0
612,47093005803,78.0,78.0,100.0,78,78,100.0,81,81,100.0
613,47093004500,50.0,49.0,98.0,51,51,100.0,56,56,100.0
614,47093006203,54.0,52.0,96.3,54,52,96.3,57,57,100.0
615,47093003500,100.0,100.0,100.0,101,101,100.0,140,140,100.0
616,47093003100,46.0,45.0,97.83,43,43,100.0,55,55,100.0
617,47093005202,87.0,86.0,98.85,83,79,95.18,107,107,100.0
618,47093002400,117.0,116.0,99.15,113,113,100.0,128,128,100.0
619,47093002800,85.0,82.0,96.47,85,83,97.65,102,102,100.0
620,47093005000,72.0,72.0,100.0,72,72,100.0,76,76,100.0
621,47093005602,66.0,65.0,98.48,84,84,100.0,88,88,100.0
622,47093003400,74.0,73.0,98.65,75,73,97.33,78,78,100.0
623,47147080500,112.0,111.0,99.11,109,107,98.17,109,107,98.17
624,47047060600,100.0,98.0,98.0,205,205,100.0,127,123,96.85
625,47047060300,86.0,86.0,100.0,125,125,100.0,93,92,98.92
626,47147080700,168.0,168.0,100.0,160,160,100.0,180,180,100.0
627,47147080101,125.0,120.0,96.0,110,108,98.18,169,167,98.82
628,47147080401,88.0,86.0,97.73,95,93,97.89,97,96,98.97
629,47147080402,76.0,74.0,97.37,80,77,96.25,79,76,96.2
630,47047060800,80.0,76.0,95.0,93,93,100.0,122,122,100.0
631,47037012600,57.0,55.0,96.49,57,57,100.0,58,57,98.28
632,47037012802,62.0,61.0,98.39,64,63,98.44,66,64,96.97
633,47037013500,79.0,79.0,100.0,78,78,100.0,78,78,100.0
634,47037015618,49.0,49.0,100.0,49,49,100.0,49,49,100.0
635,47037015802,45.0,44.0,97.78,46,46,100.0,46,46,100.0
636,47037017401,25.0,25.0,100.0,24,24,100.0,24,23,95.83
637,47037017402,48.0,48.0,100.0,46,46,100.0,47,47,100.0
638,47037018101,46.0,46.0,100.0,47,47,100.0,48,48,100.0
639,47093001400,61.0,61.0,100.0,61,61,100.0,63,63,100.0
640,47093001700,89.0,89.0,100.0,89,88,98.88,92,92,100.0
641,47047060502,97.0,94.0,96.91,109,107,98.17,123,120,97.56
642,47047060403,112.0,110.0,98.21,172,172,100.0,111,111,100.0
643,47047060401,69.0,68.0,98.55,100,100,100.0,79,78,98.73
644,47047060402,71.0,71.0,100.0,105,105,100.0,75,74,98.67
645,47047060702,111.0,107.0,96.4,136,136,100.0,118,117,99.15
646,47089070600,260.0,260.0,100.0,260,260,100.0,259,259,100.0
647,47047060701,77.0,77.0,100.0,110,110,100.0,77,74,96.1
648,47047060404,92.0,90.0,97.83,139,139,100.0,99,98,98.99
649,47037013700,153.0,148.0,96.73,176,154,87.5,158,154,97.47
650,47037013800,46.0,46.0,100.0,46,46,100.0,46,46,100.0
651,47037013900,63.0,62.0,98.41,63,63,100.0,64,63,98.44
652,47037016000,81.0,79.0,97.53,79,79,100.0,82,79,96.34
653,47037016200,95.0,92.0,96.84,93,93,100.0,93,93,100.0
654,47037016100,91.0,89.0,97.8,92,90,97.83,94,90,95.74
655,47037018401,32.0,32.0,100.0,34,34,100.0,35,35,100.0
656,47037018901,28.0,28.0,100.0,29,29,100.0,29,29,100.0
657,47037018902,32.0,32.0,100.0,33,33,100.0,33,33,100.0
658,47037018203,36.0,36.0,100.0,36,36,100.0,36,36,100.0
659,47037018602,61.0,61.0,100.0,57,57,100.0,57,57,100.0
660,47037018700,79.0,75.0,94.94,74,74,100.0,74,74,100.0
661,47089070400,183.0,183.0,100.0,185,185,100.0,244,244,100.0
662,47089070700,331.0,331.0,100.0,331,331,100.0,331,331,100.0
663,47089070100,312.0,312.0,100.0,312,312,100.0,312,312,100.0
664,47089070300,297.0,297.0,100.0,297,297,100.0,297,297,100.0
665,47089070200,173.0,173.0,100.0,173,173,100.0,173,173,100.0
666,47089070900,347.0,347.0,100.0,381,381,100.0,381,381,100.0
667,47089070800,310.0,310.0,100.0,319,318,99.69,331,331,100.0
668,47089070500,137.0,137.0,100.0,121,121,100.0,204,204,100.0
669,47187050602,221.0,219.0,99.1,228,225,98.68,230,227,98.7
670,47139950202,307.0,306.0,99.67,287,286,99.65,327,325,99.39
671,47093001600,62.0,62.0,100.0,61,61,100.0,64,64,100.0
672,47037010701,49.0,49.0,100.0,50,50,100.0,50,50,100.0
673,47029980100,2.0,2.0,100.0,2,2,100.0,14,14,100.0
674,47037014200,78.0,78.0,100.0,80,80,100.0,80,80,100.0
675,47037014300,86.0,86.0,100.0,88,88,100.0,88,88,100.0
676,47037014800,54.0,53.0,98.15,54,54,100.0,54,54,100.0
677,47037016300,69.0,68.0,98.55,69,69,100.0,69,69,100.0
678,47093004200,71.0,71.0,100.0,71,71,100.0,72,72,100.0
679,47093000901,15.0,15.0,100.0,16,16,100.0,20,20,100.0
680,47093004608,32.0,32.0,100.0,32,32,100.0,37,37,100.0
681,47093005501,63.0,62.0,98.41,73,72,98.63,81,81,100.0
682,47093003802,41.0,41.0,100.0,41,41,100.0,51,51,100.0
683,47093003902,48.0,48.0,100.0,46,46,100.0,49,49,100.0
684,47093005402,92.0,92.0,100.0,87,87,100.0,174,174,100.0
685,47019071600,92.0,92.0,100.0,126,126,100.0,133,133,100.0
686,47019070300,191.0,191.0,100.0,192,192,100.0,192,192,100.0
687,47037015100,62.0,61.0,98.39,75,59,78.67,65,59,90.77
688,47037016400,51.0,50.0,98.04,53,51,96.23,53,52,98.11
689,47019071100,89.0,89.0,100.0,89,89,100.0,89,89,100.0
690,47019071300,234.0,234.0,100.0,232,232,100.0,233,233,100.0
691,47019070800,113.0,113.0,100.0,115,115,100.0,116,116,100.0
692,47019070500,113.0,113.0,100.0,110,110,100.0,112,111,99.11
693,47019070100,109.0,109.0,100.0,109,109,100.0,109,109,100.0
694,47019071000,112.0,112.0,100.0,111,111,100.0,112,112,100.0
695,47053966200,175.0,175.0,100.0,226,226,100.0,225,225,100.0
696,47053966400,265.0,265.0,100.0,290,290,100.0,268,268,100.0
697,47053967100,171.0,171.0,100.0,235,235,100.0,227,227,100.0
698,47053966600,76.0,76.0,100.0,91,91,100.0,91,91,100.0
699,47053967300,147.0,147.0,100.0,147,147,100.0,147,147,100.0
700,47053966100,204.0,204.0,100.0,233,233,100.0,225,225,100.0
701,47053966700,228.0,228.0,100.0,344,344,100.0,323,320,99.07
702,47053966800,127.0,127.0,100.0,138,138,100.0,132,132,100.0
703,47053966900,168.0,168.0,100.0,213,213,100.0,177,177,100.0
704,47053967000,226.0,226.0,100.0,283,283,100.0,247,247,100.0
705,47053966500,236.0,236.0,100.0,255,255,100.0,247,247,100.0
706,47053966300,80.0,78.0,97.5,162,162,100.0,162,162,100.0
707,47037015200,35.0,34.0,97.14,34,34,100.0,34,34,100.0
708,47037015402,42.0,42.0,100.0,44,44,100.0,44,44,100.0
709,47037016500,54.0,52.0,96.3,55,55,100.0,55,55,100.0
710,47093001800,53.0,53.0,100.0,52,52,100.0,53,53,100.0
711,47093001900,53.0,53.0,100.0,53,53,100.0,57,57,100.0
712,47093002700,86.0,85.0,98.84,87,83,95.4,95,95,100.0
713,47037019108,14.0,14.0,100.0,15,14,93.33,15,14,93.33
714,47037015501,31.0,31.0,100.0,30,30,100.0,30,30,100.0
715,47037019003,27.0,26.0,96.3,25,25,100.0,25,24,96.0
716,47093000100,98.0,92.0,93.88,95,91,95.79,115,115,100.0
717,47093003200,69.0,69.0,100.0,69,67,97.1,75,75,100.0
718,47093003700,65.0,64.0,98.46,67,65,97.01,77,77,100.0
719,47093004000,45.0,45.0,100.0,44,44,100.0,52,52,100.0
720,47093004606,58.0,58.0,100.0,58,58,100.0,59,59,100.0
721,47093004900,80.0,80.0,100.0,82,82,100.0,100,100,100.0
722,47093005100,89.0,89.0,100.0,88,88,100.0,114,114,100.0
723,47093005701,75.0,75.0,100.0,87,87,100.0,137,137,100.0
724,47187050907,94.0,93.0,98.94,74,71,95.95,74,71,95.95
725,47187050103,121.0,121.0,100.0,119,119,100.0,131,131,100.0
726,47037016600,71.0,69.0,97.18,65,64,98.46,65,63,96.92
727,47037016800,97.0,96.0,98.97,95,94,98.95,95,94,98.95
728,47037019110,29.0,29.0,100.0,30,30,100.0,30,30,100.0
729,47187050101,110.0,110.0,100.0,110,110,100.0,111,111,100.0
730,47187050307,95.0,78.0,82.11,85,73,85.88,87,72,82.76
731,47187050208,79.0,76.0,96.2,82,68,82.93,84,70,83.33
732,47187050306,36.0,35.0,97.22,32,32,100.0,32,32,100.0
733,47187051201,172.0,171.0,99.42,183,182,99.45,204,203,99.51
734,47187050702,55.0,53.0,96.36,52,52,100.0,52,52,100.0
735,47187050406,41.0,41.0,100.0,40,40,100.0,40,40,100.0
736,47187050904,59.0,59.0,100.0,59,59,100.0,59,59,100.0
737,47187050303,32.0,32.0,100.0,29,29,100.0,29,29,100.0
738,47187050305,32.0,32.0,100.0,30,30,100.0,30,30,100.0
739,47187050405,37.0,36.0,97.3,27,27,100.0,28,28,100.0
740,47187050403,12.0,12.0,100.0,15,15,100.0,14,14,100.0
741,47187050404,79.0,78.0,98.73,71,69,97.18,69,68,98.55
742,47187050601,74.0,74.0,100.0,73,73,100.0,73,73,100.0
743,47043060402,165.0,160.0,96.97,178,177,99.44,192,191,99.48
744,47187051202,282.0,282.0,100.0,290,290,100.0,285,285,100.0
745,47187050503,152.0,149.0,98.03,153,152,99.35,174,173,99.43
746,47043060602,214.0,206.0,96.26,230,221,96.09,236,228,96.61
747,47043060401,105.0,105.0,100.0,117,117,100.0,126,126,100.0
748,47043060501,189.0,187.0,98.94,198,196,98.99,203,201,99.01
749,47149041302,85.0,85.0,100.0,85,85,100.0,85,85,100.0
750,47149040805,97.0,96.0,98.97,120,120,100.0,116,116,100.0
751,47149040903,82.0,82.0,100.0,89,89,100.0,86,86,100.0
752,47189030600,99.0,99.0,100.0,99,99,100.0,99,99,100.0
753,47149042200,119.0,116.0,97.48,137,134,97.81,133,129,96.99
754,47149040902,151.0,149.0,98.68,153,150,98.04,153,151,98.69
755,47037019105,30.0,29.0,96.67,32,32,100.0,32,32,100.0
756,47037019106,19.0,19.0,100.0,21,21,100.0,21,21,100.0
757,47037015502,56.0,56.0,100.0,58,58,100.0,59,58,98.31
758,47037017100,50.0,49.0,98.0,50,50,100.0,52,50,96.15
759,47037016900,127.0,127.0,100.0,125,125,100.0,125,125,100.0
760,47189030901,116.0,115.0,99.14,112,112,100.0,114,114,100.0
761,47189030304,64.0,64.0,100.0,63,62,98.41,60,59,98.33
762,47189030500,144.0,144.0,100.0,144,144,100.0,144,144,100.0
763,47189030700,103.0,103.0,100.0,103,103,100.0,103,103,100.0
764,47189031000,341.0,341.0,100.0,352,352,100.0,406,406,100.0
765,47189030202,264.0,262.0,99.24,265,263,99.25,265,263,99.25
766,47187050908,55.0,55.0,100.0,56,55,98.21,56,56,100.0
767,47139950400,217.0,216.0,99.54,193,192,99.48,192,192,100.0
768,47139950100,71.0,71.0,100.0,54,54,100.0,69,69,100.0
769,47139950300,170.0,166.0,97.65,185,180,97.3,155,150,96.77
770,47041920102,193.0,193.0,100.0,191,191,100.0,193,193,100.0
771,47041920101,90.0,89.0,98.89,83,83,100.0,107,107,100.0
772,47187051002,103.0,96.0,93.2,100,98,98.0,112,109,97.32
773,47187050909,67.0,67.0,100.0,78,78,100.0,73,73,100.0
774,47109930100,270.0,270.0,100.0,368,368,100.0,236,236,100.0
775,47109930500,343.0,342.0,99.71,513,513,100.0,408,408,100.0
776,47109930200,111.0,111.0,100.0,112,112,100.0,135,135,100.0
777,47109930700,165.0,165.0,100.0,260,260,100.0,182,181,99.45
778,47109930300,109.0,109.0,100.0,174,174,100.0,193,193,100.0
779,47109930400,137.0,137.0,100.0,183,183,100.0,117,117,100.0
780,47109930600,138.0,138.0,100.0,293,293,100.0,171,171,100.0
781,47009011602,173.0,173.0,100.0,177,176,99.44,185,185,100.0
782,47031970802,338.0,338.0,100.0,382,382,100.0,393,393,100.0
783,47075930301,124.0,124.0,100.0,147,147,100.0,138,138,100.0
784,47075930302,81.0,81.0,100.0,82,82,100.0,81,81,100.0
785,47039955001,169.0,167.0,98.82,179,178,99.44,188,188,100.0
786,47039955101,152.0,152.0,100.0,154,153,99.35,163,162,99.39
787,47001980100,13.0,8.0,61.54,15,6,40.0,134,134,100.0
788,47117955400,143.0,143.0,100.0,143,143,100.0,142,142,100.0
789,47001020202,123.0,115.0,93.5,95,89,93.68,155,155,100.0
790,47001020201,43.0,42.0,97.67,41,38,92.68,84,84,100.0
791,47065011100,132.0,131.0,99.24,134,134,100.0,132,132,100.0
792,47007953100,618.0,618.0,100.0,618,618,100.0,618,618,100.0
793,47007953000,260.0,260.0,100.0,259,259,100.0,259,259,100.0
794,47007953200,294.0,294.0,100.0,294,294,100.0,294,294,100.0
795,47009010600,127.0,127.0,100.0,127,127,100.0,127,127,100.0
796,47009010700,104.0,104.0,100.0,104,104,100.0,104,104,100.0
797,47009010200,275.0,275.0,100.0,273,273,100.0,275,275,100.0
798,47009010100,189.0,189.0,100.0,189,189,100.0,189,189,100.0
799,47009011102,143.0,143.0,100.0,143,143,100.0,143,143,100.0
800,47009010500,127.0,127.0,100.0,127,127,100.0,127,127,100.0
801,47009011200,367.0,367.0,100.0,368,368,100.0,369,369,100.0
802,47009010400,221.0,220.0,99.55,249,249,100.0,258,258,100.0
803,47009011101,95.0,95.0,100.0,94,94,100.0,95,95,100.0
804,47009010900,133.0,133.0,100.0,137,137,100.0,137,137,100.0
805,47009010800,110.0,110.0,100.0,110,110,100.0,110,110,100.0
806,47065011600,110.0,110.0,100.0,130,110,84.62,130,109,83.85
807,47065011402,87.0,87.0,100.0,89,89,100.0,89,89,100.0
808,47065011413,76.0,75.0,98.68,79,78,98.73,81,80,98.77
809,47065011314,35.0,35.0,100.0,35,35,100.0,34,34,100.0
810,47093006403,33.0,33.0,100.0,33,33,100.0,35,35,100.0
811,47093004609,54.0,54.0,100.0,52,52,100.0,65,65,100.0
812,47093005807,40.0,40.0,100.0,38,38,100.0,46,46,100.0
813,47093005809,68.0,68.0,100.0,68,68,100.0,68,68,100.0
814,47093004614,27.0,27.0,100.0,28,28,100.0,29,29,100.0
815,47093005709,22.0,22.0,100.0,22,22,100.0,22,22,100.0
816,47093005711,43.0,43.0,100.0,43,42,97.67,50,50,100.0
817,47167040602,86.0,84.0,97.67,84,80,95.24,92,88,95.65
818,47093006700,120.0,118.0,98.33,120,118,98.33,142,142,100.0
819,47039955102,213.0,213.0,100.0,247,246,99.6,240,240,100.0
820,47039955002,394.0,392.0,99.49,390,389,99.74,393,392,99.75
821,47053967400,337.0,337.0,100.0,378,378,100.0,374,374,100.0
822,47053980100,37.0,37.0,100.0,283,283,100.0,37,37,100.0
823,47167040302,126.0,126.0,100.0,175,175,100.0,120,119,99.17
824,47167040601,97.0,97.0,100.0,84,83,98.81,88,87,98.86
825,47167040700,146.0,146.0,100.0,149,149,100.0,149,149,100.0
826,47167040800,52.0,52.0,100.0,52,52,100.0,53,53,100.0
827,47179061602,232.0,232.0,100.0,230,229,99.57,232,232,100.0
828,47179061901,279.0,279.0,100.0,275,273,99.27,282,281,99.65
829,47179061402,185.0,184.0,99.46,174,172,98.85,176,175,99.43
830,47179060502,129.0,128.0,99.22,123,123,100.0,124,124,100.0
831,47179061601,96.0,96.0,100.0,93,93,100.0,92,92,100.0
832,47179061702,174.0,172.0,98.85,142,140,98.59,143,142,99.3
833,47179060501,138.0,138.0,100.0,111,111,100.0,112,112,100.0
834,47179061701,111.0,111.0,100.0,109,109,100.0,109,109,100.0
835,47179061401,142.0,141.0,99.3,146,145,99.32,144,141,97.92
836,47179061902,196.0,196.0,100.0,177,176,99.44,179,178,99.44
837,47179062000,140.0,135.0,96.43,130,129,99.23,144,144,100.0
838,47183968101,159.0,159.0,100.0,162,162,100.0,158,158,100.0
839,47157000700,68.0,68.0,100.0,66,66,100.0,65,65,100.0
840,47157000800,54.0,54.0,100.0,53,53,100.0,50,50,100.0
841,47157000900,69.0,69.0,100.0,79,79,100.0,58,56,96.55
842,47107970102,181.0,173.0,95.58,198,192,96.97,302,302,100.0
843,47107970101,153.0,151.0,98.69,218,218,100.0,375,375,100.0
844,47107970401,98.0,98.0,100.0,99,99,100.0,121,121,100.0
845,47107970402,147.0,147.0,100.0,146,145,99.32,181,181,100.0
846,47161110700,169.0,169.0,100.0,187,187,100.0,191,191,100.0
847,47183968102,158.0,158.0,100.0,203,203,100.0,165,165,100.0
848,47183968201,301.0,301.0,100.0,320,320,100.0,295,295,100.0
849,47183968203,130.0,130.0,100.0,130,130,100.0,130,130,100.0
850,47183968202,42.0,42.0,100.0,42,42,100.0,41,41,100.0
851,47147080104,124.0,124.0,100.0,106,105,99.06,132,131,99.24
852,47147080604,49.0,49.0,100.0,51,51,100.0,51,51,100.0
853,47147080301,42.0,42.0,100.0,51,51,100.0,51,51,100.0
854,47147080606,77.0,77.0,100.0,83,82,98.8,84,83,98.81
855,47147080302,120.0,116.0,96.67,122,121,99.18,121,120,99.17
856,47147080603,82.0,82.0,100.0,85,85,100.0,85,85,100.0
857,47147080103,98.0,93.0,94.9,103,102,99.03,103,103,100.0
858,47147080605,45.0,45.0,100.0,41,41,100.0,43,43,100.0
859,47013951000,55.0,55.0,100.0,50,50,100.0,100,100,100.0
860,47037017902,46.0,46.0,100.0,43,43,100.0,43,43,100.0
861,47013950500,172.0,165.0,95.93,179,177,98.88,234,234,100.0
862,47013951100,107.0,103.0,96.26,105,104,99.05,198,198,100.0
863,47013950200,154.0,154.0,100.0,154,154,100.0,154,154,100.0
864,47013950700,142.0,140.0,98.59,149,148,99.33,163,163,100.0
865,47013950400,194.0,192.0,98.97,224,222,99.11,441,441,100.0
866,47013950600,155.0,154.0,99.35,161,158,98.14,179,179,100.0
867,47013950100,82.0,82.0,100.0,84,84,100.0,321,321,100.0
868,47027955000,232.0,229.0,98.71,239,236,98.74,402,402,100.0
869,47013950800,79.0,79.0,100.0,78,77,98.72,160,160,100.0
870,47013950900,68.0,68.0,100.0,75,75,100.0,121,121,100.0
871,47013950300,80.0,79.0,98.75,50,50,100.0,179,179,100.0
872,47027955100,115.0,114.0,99.13,146,145,99.32,168,168,100.0
873,47051960400,315.0,313.0,99.37,419,419,100.0,419,419,100.0
874,47051960600,236.0,235.0,99.58,413,413,100.0,422,422,100.0
875,47051960500,156.0,155.0,99.36,197,197,100.0,197,197,100.0
876,47051960100,152.0,150.0,98.68,394,394,100.0,394,394,100.0
877,47051960300,57.0,57.0,100.0,197,197,100.0,195,195,100.0
878,47051960700,161.0,161.0,100.0,172,172,100.0,185,185,100.0
879,47051960800,99.0,99.0,100.0,245,245,100.0,235,235,100.0
880,47059090300,237.0,237.0,100.0,237,237,100.0,182,177,97.25
881,47059090700,195.0,195.0,100.0,195,195,100.0,133,131,98.5
882,47059090500,303.0,303.0,100.0,303,303,100.0,246,245,99.59
883,47059091100,235.0,235.0,100.0,235,235,100.0,162,162,100.0
884,47059090900,301.0,301.0,100.0,301,301,100.0,200,199,99.5
885,47059091000,378.0,378.0,100.0,378,378,100.0,278,276,99.28
886,47059090400,191.0,191.0,100.0,191,191,100.0,160,160,100.0
887,47059090800,262.0,262.0,100.0,262,262,100.0,219,219,100.0
888,47059090200,167.0,167.0,100.0,167,167,100.0,110,107,97.27
889,47059091300,327.0,327.0,100.0,327,327,100.0,235,232,98.72
890,47059091200,303.0,303.0,100.0,303,303,100.0,224,224,100.0
891,47059091400,339.0,339.0,100.0,339,339,100.0,208,207,99.52
892,47059091500,275.0,275.0,100.0,275,275,100.0,157,157,100.0
893,47059090600,198.0,198.0,100.0,198,198,100.0,153,152,99.35
894,47059090100,457.0,457.0,100.0,457,457,100.0,302,296,98.01
895,47083120200,184.0,184.0,100.0,190,190,100.0,190,190,100.0
896,47083120100,232.0,232.0,100.0,262,254,96.95,261,253,96.93
897,47083120300,291.0,291.0,100.0,342,342,100.0,342,342,100.0
898,47157020512,67.0,67.0,100.0,87,87,100.0,63,63,100.0
899,47157021351,77.0,74.0,96.1,131,131,100.0,78,75,96.15
900,47157020642,108.0,108.0,100.0,117,117,100.0,107,107,100.0
901,47157021540,137.0,137.0,100.0,164,164,100.0,108,108,100.0
902,47157005500,82.0,80.0,97.56,70,68,97.14,70,67,95.71
903,47037010201,54.0,54.0,100.0,54,53,98.15,58,53,91.38
904,47095960200,100.0,100.0,100.0,121,121,100.0,205,205,100.0
905,47095960100,132.0,132.0,100.0,152,152,100.0,287,287,100.0
906,47087960400,47.0,46.0,97.87,48,48,100.0,72,72,100.0
907,47087960200,71.0,70.0,98.59,70,70,100.0,94,94,100.0
908,47087960100,87.0,86.0,98.85,86,85,98.84,136,136,100.0
909,47087960300,188.0,180.0,95.74,188,187,99.47,252,252,100.0
910,47037015627,22.0,21.0,95.45,21,20,95.24,21,20,95.24
911,47037015623,41.0,40.0,97.56,39,39,100.0,40,39,97.5
912,47037980100,19.0,18.0,94.74,22,20,90.91,33,22,66.67
913,47037019116,19.0,19.0,100.0,19,19,100.0,19,19,100.0
914,47037019115,28.0,28.0,100.0,27,27,100.0,27,27,100.0
915,47037019005,14.0,14.0,100.0,14,14,100.0,14,14,100.0
916,47037019600,91.0,90.0,98.9,95,82,86.32,95,82,86.32
917,47037019300,83.0,79.0,95.18,82,82,100.0,86,81,94.19
918,47009011002,78.0,78.0,100.0,78,78,100.0,78,78,100.0
919,47009010301,243.0,242.0,99.59,244,243,99.59,252,252,100.0
920,47009010302,374.0,374.0,100.0,376,376,100.0,377,377,100.0
921,47009011001,134.0,134.0,100.0,135,135,100.0,135,135,100.0
922,47009011301,139.0,139.0,100.0,140,140,100.0,140,140,100.0
923,47009011302,104.0,104.0,100.0,139,139,100.0,142,142,100.0
924,47009011401,99.0,99.0,100.0,116,116,100.0,186,186,100.0
925,47009011604,124.0,124.0,100.0,122,122,100.0,144,144,100.0
926,47009011402,182.0,182.0,100.0,199,198,99.5,271,271,100.0
927,47009011503,173.0,173.0,100.0,175,175,100.0,189,189,100.0
928,47009011603,179.0,177.0,98.88,202,201,99.5,242,242,100.0
929,47009011605,88.0,88.0,100.0,89,89,100.0,119,119,100.0
930,47009980200,5.0,5.0,100.0,14,14,100.0,73,73,100.0
931,47009011501,52.0,52.0,100.0,140,140,100.0,177,177,100.0
932,47031971000,217.0,217.0,100.0,222,222,100.0,222,222,100.0
933,47103975601,101.0,101.0,100.0,119,119,100.0,119,119,100.0
934,47103975602,78.0,78.0,100.0,136,136,100.0,136,136,100.0
935,47031970100,149.0,149.0,100.0,187,187,100.0,141,141,100.0
936,47031970600,245.0,245.0,100.0,248,248,100.0,245,245,100.0
937,47031970700,175.0,175.0,100.0,225,225,100.0,218,218,100.0
938,47031970300,64.0,64.0,100.0,65,65,100.0,60,60,100.0
939,47031970200,217.0,217.0,100.0,219,219,100.0,219,219,100.0
940,47031970400,244.0,244.0,100.0,258,258,100.0,284,284,100.0
941,47031970900,208.0,208.0,100.0,209,209,100.0,209,209,100.0
942,47149040807,49.0,48.0,97.96,56,56,100.0,51,51,100.0
943,47051960202,353.0,352.0,99.72,466,465,99.79,478,477,99.79
944,47051960201,215.0,215.0,100.0,254,254,100.0,254,254,100.0
945,47189030305,60.0,60.0,100.0,60,60,100.0,60,60,100.0
946,47189030101,203.0,203.0,100.0,204,204,100.0,208,208,100.0
947,47189030303,30.0,30.0,100.0,30,30,100.0,30,30,100.0
948,47081950302,332.0,332.0,100.0,266,265,99.62,313,313,100.0
949,47081950301,209.0,209.0,100.0,188,188,100.0,182,182,100.0
950,47189030102,185.0,184.0,99.46,192,192,100.0,205,205,100.0
951,47189030307,113.0,109.0,96.46,117,112,95.73,113,108,95.58
952,47189030800,313.0,313.0,100.0,317,317,100.0,333,333,100.0
953,47149040104,48.0,48.0,100.0,49,49,100.0,49,49,100.0
954,47149040101,32.0,32.0,100.0,32,32,100.0,32,32,100.0
955,47149040103,68.0,68.0,100.0,71,71,100.0,73,73,100.0
956,47149040306,43.0,37.0,86.05,72,72,100.0,72,72,100.0
957,47149042300,116.0,113.0,97.41,133,132,99.25,119,117,98.32
958,47149041301,73.0,73.0,100.0,73,73,100.0,73,73,100.0
959,47149041101,131.0,131.0,100.0,141,140,99.29,139,138,99.28
960,47149040702,142.0,141.0,99.3,170,170,100.0,156,156,100.0
961,47149040810,105.0,105.0,100.0,101,101,100.0,104,104,100.0
962,47149040701,144.0,142.0,98.61,184,183,99.46,164,163,99.39
963,47149040905,96.0,94.0,97.92,155,154,99.35,144,143,99.31
964,47149040901,91.0,78.0,85.71,108,105,97.22,97,88,90.72
965,47157020521,39.0,39.0,100.0,48,48,100.0,30,30,100.0
966,47157008200,47.0,47.0,100.0,55,55,100.0,46,46,100.0
967,47157010220,90.0,90.0,100.0,93,93,100.0,85,85,100.0
968,47157020221,57.0,57.0,100.0,62,62,100.0,48,48,100.0
969,47157021353,108.0,105.0,97.22,150,146,97.33,104,100,96.15
970,47157021020,64.0,64.0,100.0,79,79,100.0,65,65,100.0
971,47157021200,11.0,11.0,100.0,25,25,100.0,10,10,100.0
972,47157021342,161.0,151.0,93.79,149,141,94.63,139,130,93.53
973,47157021710,32.0,29.0,90.62,21,21,100.0,21,20,95.24
974,47157021745,67.0,67.0,100.0,67,67,100.0,67,67,100.0
975,47157022210,59.0,59.0,100.0,60,60,100.0,62,62,100.0
976,47061955200,227.0,227.0,100.0,228,228,100.0,240,240,100.0
977,47061955300,373.0,373.0,100.0,373,373,100.0,376,376,100.0
978,47061955000,184.0,184.0,100.0,184,184,100.0,210,210,100.0
979,47061955100,159.0,159.0,100.0,162,162,100.0,184,184,100.0
980,47099960800,218.0,218.0,100.0,221,221,100.0,222,222,100.0
981,47099960900,225.0,225.0,100.0,225,225,100.0,225,225,100.0
982,47099960300,286.0,286.0,100.0,297,297,100.0,298,298,100.0
983,47099960200,72.0,72.0,100.0,119,119,100.0,125,125,100.0
984,47163043202,268.0,268.0,100.0,268,268,100.0,268,268,100.0
985,47099960700,238.0,238.0,100.0,238,238,100.0,238,238,100.0
986,47099960100,214.0,214.0,100.0,228,228,100.0,228,228,100.0
987,47099960600,300.0,300.0,100.0,301,301,100.0,301,301,100.0
988,47163043402,146.0,146.0,100.0,146,146,100.0,146,146,100.0
989,47163043401,170.0,170.0,100.0,170,170,100.0,170,170,100.0
990,47163043301,131.0,131.0,100.0,131,131,100.0,131,131,100.0
991,47163043500,187.0,187.0,100.0,187,187,100.0,187,187,100.0
992,47163040500,127.0,127.0,100.0,127,127,100.0,127,127,100.0
993,47147080200,180.0,180.0,100.0,154,154,100.0,215,212,98.6
994,47041920200,264.0,264.0,100.0,264,264,100.0,264,264,100.0
995,47041920300,364.0,363.0,99.73,343,341,99.42,366,365,99.73
996,47163040300,65.0,65.0,100.0,65,65,100.0,65,65,100.0
997,47163042500,95.0,95.0,100.0,95,95,100.0,95,95,100.0
998,47163042200,144.0,144.0,100.0,144,144,100.0,144,144,100.0
999,47163042701,170.0,170.0,100.0,170,170,100.0,170,170,100.0
1000,47163043100,233.0,233.0,100.0,233,233,100.0,233,233,100.0
1001,47163042702,93.0,93.0,100.0,93,93,100.0,93,93,100.0
1002,47163042000,65.0,65.0,100.0,66,66,100.0,66,66,100.0
1003,47163041200,207.0,207.0,100.0,213,213,100.0,213,213,100.0
1004,47163040700,87.0,87.0,100.0,87,87,100.0,87,87,100.0
1005,47163042802,136.0,136.0,100.0,136,136,100.0,136,136,100.0
1006,47163041400,222.0,222.0,100.0,239,239,100.0,239,239,100.0
1007,47163041700,130.0,130.0,100.0,133,133,100.0,133,133,100.0
1008,47163040800,139.0,139.0,100.0,139,139,100.0,139,139,100.0
1009,47163041900,59.0,59.0,100.0,59,59,100.0,59,59,100.0
1010,47163041000,119.0,119.0,100.0,120,120,100.0,120,120,100.0
1011,47163040600,133.0,133.0,100.0,133,133,100.0,133,133,100.0
1012,47133950500,182.0,178.0,97.8,182,182,100.0,239,239,100.0
1013,47163041100,88.0,88.0,100.0,88,88,100.0,88,88,100.0
1014,47163043600,127.0,127.0,100.0,150,150,100.0,150,150,100.0
1015,47163041300,149.0,149.0,100.0,156,156,100.0,156,156,100.0
1016,47133950400,76.0,72.0,94.74,79,76,96.2,107,107,100.0
1017,47133950100,95.0,93.0,97.89,97,97,100.0,126,126,100.0
1018,47133950600,86.0,82.0,95.35,89,86,96.63,110,110,100.0
1019,47133950200,76.0,75.0,98.68,78,77,98.72,113,113,100.0
1020,47077975500,210.0,208.0,99.05,255,252,98.82,254,252,99.21
1021,47037013400,239.0,233.0,97.49,236,233,98.73,236,231,97.88
1022,47037017000,102.0,102.0,100.0,102,102,100.0,102,101,99.02
1023,47173040100,242.0,242.0,100.0,220,218,99.09,377,377,100.0
1024,47173040201,118.0,117.0,99.15,114,113,99.12,167,167,100.0
1025,47173040300,82.0,82.0,100.0,86,85,98.84,232,232,100.0
1026,47173040202,181.0,180.0,99.45,158,157,99.37,285,285,100.0
1027,47187050906,67.0,66.0,98.51,59,59,100.0,58,58,100.0
1028,47127930100,85.0,85.0,100.0,241,241,100.0,221,221,100.0
1029,47001020600,43.0,43.0,100.0,44,44,100.0,44,44,100.0
1030,47037010302,50.0,49.0,98.0,48,47,97.92,49,49,100.0
1031,47037010601,41.0,41.0,100.0,44,44,100.0,43,43,100.0
1032,47037015624,18.0,18.0,100.0,19,18,94.74,22,19,86.36
1033,47037015625,30.0,30.0,100.0,27,27,100.0,27,27,100.0
1034,47073050800,172.0,172.0,100.0,190,190,100.0,188,188,100.0
1035,47073050200,171.0,171.0,100.0,168,168,100.0,121,121,100.0
1036,47073050301,218.0,218.0,100.0,218,218,100.0,218,218,100.0
1037,47077975000,210.0,209.0,99.52,277,277,100.0,221,220,99.55
1038,47077975300,295.0,295.0,100.0,305,305,100.0,292,292,100.0
1039,47077975400,258.0,258.0,100.0,297,297,100.0,261,261,100.0
1040,47077975100,152.0,151.0,99.34,364,364,100.0,201,201,100.0
1041,47077975200,204.0,203.0,99.51,350,350,100.0,234,234,100.0
1042,47189030401,44.0,44.0,100.0,44,44,100.0,44,44,100.0
1043,47189030204,165.0,165.0,100.0,171,171,100.0,171,171,100.0
1044,47189030203,93.0,93.0,100.0,93,92,98.92,94,93,98.94
1045,47189030402,103.0,103.0,100.0,103,103,100.0,103,103,100.0
1046,47189030904,189.0,188.0,99.47,188,186,98.94,202,201,99.5
1047,47189030903,169.0,169.0,100.0,179,178,99.44,174,174,100.0
1048,47037014400,102.0,96.0,94.12,104,103,99.04,102,101,99.02
1049,47111970200,163.0,163.0,100.0,221,221,100.0,221,221,100.0
1050,47111970400,102.0,102.0,100.0,157,157,100.0,157,157,100.0
1051,47111970100,167.0,167.0,100.0,254,254,100.0,256,256,100.0
1052,47111970300,223.0,222.0,99.55,312,312,100.0,312,312,100.0
1053,47011011401,192.0,191.0,99.48,193,193,100.0,194,194,100.0
1054,47011011602,108.0,108.0,100.0,108,108,100.0,101,101,100.0
1055,47011011402,115.0,115.0,100.0,115,115,100.0,115,115,100.0
1056,47011011601,84.0,84.0,100.0,78,78,100.0,82,82,100.0
1057,47175925200,174.0,174.0,100.0,174,174,100.0,184,184,100.0
1058,47175925000,254.0,254.0,100.0,254,254,100.0,275,275,100.0
1059,47093003300,40.0,40.0,100.0,40,40,100.0,48,48,100.0
1060,47093002100,45.0,44.0,97.78,44,44,100.0,63,63,100.0
1061,47093002600,63.0,62.0,98.41,77,65,84.42,77,77,100.0
1062,47093004100,61.0,61.0,100.0,61,61,100.0,63,63,100.0
1063,47093004800,102.0,100.0,98.04,109,106,97.25,119,119,100.0
1064,47093006202,41.0,40.0,97.56,41,41,100.0,46,46,100.0
1065,47037019004,31.0,31.0,100.0,32,32,100.0,32,32,100.0
1066,47037015404,32.0,30.0,93.75,34,29,85.29,34,30,88.24
1067,47037018801,91.0,91.0,100.0,87,87,100.0,93,88,94.62
1068,47037011001,49.0,49.0,100.0,53,53,100.0,53,53,100.0
1069,47037017200,94.0,90.0,95.74,90,87,96.67,102,89,87.25
1070,47037015700,27.0,26.0,96.3,31,30,96.77,30,30,100.0
1071,47037018202,20.0,18.0,90.0,20,20,100.0,21,21,100.0
1072,47037015900,67.0,63.0,94.03,91,63,69.23,67,62,92.54
1073,47037012702,70.0,70.0,100.0,71,71,100.0,75,72,96.0
1074,47037019114,114.0,114.0,100.0,117,117,100.0,117,117,100.0
1075,47037010401,57.0,55.0,96.49,62,57,91.94,61,56,91.8
1076,47143975300,250.0,250.0,100.0,236,236,100.0,274,274,100.0
1077,47037017800,69.0,69.0,100.0,68,68,100.0,69,69,100.0
1078,47037019109,28.0,28.0,100.0,27,27,100.0,27,27,100.0
1079,47037017500,95.0,92.0,96.84,95,95,100.0,95,95,100.0
1080,47037015613,46.0,46.0,100.0,46,43,93.48,51,44,86.27
1081,47143975200,220.0,220.0,100.0,217,217,100.0,234,234,100.0
1082,47143975000,172.0,172.0,100.0,219,219,100.0,395,395,100.0
1083,47143975100,149.0,149.0,100.0,169,169,100.0,394,394,100.0
1084,47093003801,52.0,51.0,98.08,55,55,100.0,65,65,100.0
1085,47011010800,110.0,110.0,100.0,110,110,100.0,110,110,100.0
1086,47011010400,115.0,115.0,100.0,115,115,100.0,115,115,100.0
1087,47037010301,39.0,39.0,100.0,41,40,97.56,41,41,100.0
1088,47037010402,63.0,63.0,100.0,64,64,100.0,64,64,100.0
1089,47037010802,52.0,52.0,100.0,52,52,100.0,52,52,100.0
1090,47037010904,35.0,34.0,97.14,31,31,100.0,33,32,96.97
1091,47037011002,36.0,36.0,100.0,38,38,100.0,38,38,100.0
1092,47037011100,58.0,58.0,100.0,61,61,100.0,61,61,100.0
1093,47037015614,14.0,14.0,100.0,14,14,100.0,14,14,100.0
1094,47037017300,114.0,111.0,97.37,116,116,100.0,121,116,95.87
1095,47189030308,41.0,39.0,95.12,40,39,97.5,40,38,95.0
1096,47037015622,25.0,25.0,100.0,25,25,100.0,25,25,100.0
1097,47037019006,30.0,29.0,96.67,29,29,100.0,33,29,87.88
1098,47037019117,29.0,29.0,100.0,30,30,100.0,29,29,100.0
1099,47037018803,30.0,30.0,100.0,29,29,100.0,29,29,100.0
1100,47031970500,155.0,155.0,100.0,156,156,100.0,155,155,100.0
1101,47157020622,66.0,64.0,96.97,67,67,100.0,63,62,98.41
1102,47157020632,84.0,81.0,96.43,98,98,100.0,87,87,100.0
1103,47157020651,99.0,99.0,100.0,109,109,100.0,95,95,100.0
1104,47019071200,202.0,202.0,100.0,204,204,100.0,204,204,100.0
1105,47019071400,120.0,120.0,100.0,124,124,100.0,124,123,99.19
1106,47019071700,191.0,191.0,100.0,191,191,100.0,191,191,100.0
1107,47019070600,49.0,49.0,100.0,50,50,100.0,51,51,100.0
1108,47155081101,198.0,198.0,100.0,198,198,100.0,206,206,100.0
1109,47155081102,271.0,270.0,99.63,273,273,100.0,282,282,100.0
1110,47157022322,64.0,64.0,100.0,64,64,100.0,64,64,100.0
1111,47037017702,43.0,43.0,100.0,44,44,100.0,44,44,100.0
1112,47037017701,36.0,36.0,100.0,35,35,100.0,39,35,89.74
1113,47037018804,29.0,28.0,96.55,29,29,100.0,29,29,100.0
1114,47037019118,16.0,16.0,100.0,17,17,100.0,16,16,100.0
1115,47017962201,179.0,179.0,100.0,208,208,100.0,174,174,100.0
1116,47017962202,154.0,154.0,100.0,196,196,100.0,155,155,100.0
1117,47017980100,1.0,1.0,100.0,313,313,100.0,11,11,100.0
1118,47099960402,178.0,178.0,100.0,185,185,100.0,186,186,100.0
1119,47099960502,161.0,161.0,100.0,202,202,100.0,202,202,100.0
1120,47099960501,199.0,198.0,99.5,207,207,100.0,207,207,100.0
1121,47099960401,251.0,251.0,100.0,253,253,100.0,253,253,100.0
1122,47003950402,249.0,249.0,100.0,249,249,100.0,244,244,100.0
1123,47003950401,173.0,173.0,100.0,171,171,100.0,166,166,100.0
1124,47125102004,38.0,38.0,100.0,38,38,100.0,38,38,100.0
1125,47125101803,98.0,98.0,100.0,98,98,100.0,98,98,100.0
1126,47157020652,65.0,65.0,100.0,67,67,100.0,63,63,100.0
1127,47157021111,59.0,57.0,96.61,87,87,100.0,63,60,95.24
1128,47157021112,66.0,66.0,100.0,79,79,100.0,57,57,100.0
1129,47157021113,68.0,61.0,89.71,95,95,100.0,81,81,100.0
1130,47065012000,84.0,84.0,100.0,87,87,100.0,87,87,100.0
1131,47157022330,60.0,60.0,100.0,60,60,100.0,60,60,100.0
1132,47157006300,48.0,48.0,100.0,52,52,100.0,47,47,100.0
1133,47157021122,51.0,50.0,98.04,59,59,100.0,48,48,100.0
1134,47157005000,32.0,32.0,100.0,32,31,96.88,29,29,100.0
1135,47157021136,76.0,76.0,100.0,85,85,100.0,68,68,100.0
1136,47157021137,107.0,106.0,99.07,124,124,100.0,102,101,99.02
1137,47157021530,52.0,50.0,96.15,50,49,98.0,48,46,95.83
1138,47157021611,75.0,75.0,100.0,80,80,100.0,72,72,100.0
1139,47177930100,154.0,154.0,100.0,154,154,100.0,156,156,100.0
1140,47177930300,112.0,112.0,100.0,112,112,100.0,115,115,100.0
1141,47177930500,155.0,155.0,100.0,155,155,100.0,154,154,100.0
1142,47177930800,312.0,312.0,100.0,312,312,100.0,329,329,100.0
1143,47177930200,315.0,315.0,100.0,311,311,100.0,326,326,100.0
1144,47177930400,133.0,133.0,100.0,133,133,100.0,133,133,100.0
1145,47177930900,69.0,69.0,100.0,69,69,100.0,75,75,100.0
1146,47177930700,130.0,130.0,100.0,130,130,100.0,129,129,100.0
1147,47177930600,146.0,146.0,100.0,146,146,100.0,146,146,100.0
1148,47155080700,254.0,253.0,99.61,235,228,97.02,519,519,100.0
1149,47079969600,411.0,411.0,100.0,509,509,100.0,451,451,100.0
1150,47131965400,372.0,372.0,100.0,431,431,100.0,431,431,100.0
1151,47157004300,52.0,50.0,96.15,49,49,100.0,50,50,100.0
1152,47131965800,127.0,127.0,100.0,268,268,100.0,220,220,100.0
1153,47131965300,201.0,201.0,100.0,250,250,100.0,290,290,100.0
1154,47131965700,151.0,151.0,100.0,157,157,100.0,157,157,100.0
1155,47131965600,196.0,196.0,100.0,206,206,100.0,206,206,100.0
1156,47131965200,55.0,55.0,100.0,84,84,100.0,98,98,100.0
1157,47131965900,188.0,188.0,100.0,196,196,100.0,189,189,100.0
1158,47131965000,207.0,207.0,100.0,243,243,100.0,235,235,100.0
1159,47131965100,127.0,127.0,100.0,163,163,100.0,160,160,100.0
1160,47131965500,238.0,238.0,100.0,272,272,100.0,272,272,100.0
1161,47019070200,155.0,155.0,100.0,155,155,100.0,155,155,100.0
1162,47065011700,60.0,60.0,100.0,75,66,88.0,75,65,86.67
1163,47157009901,79.0,78.0,98.73,70,68,97.14,71,69,97.18
1164,47157020644,106.0,106.0,100.0,125,125,100.0,102,102,100.0
1165,47157020643,76.0,76.0,100.0,102,102,100.0,69,69,100.0
1166,47157021334,34.0,33.0,97.06,33,33,100.0,34,34,100.0
1167,47157021333,37.0,37.0,100.0,37,37,100.0,35,35,100.0
1168,47157021139,36.0,36.0,100.0,46,46,100.0,34,34,100.0
1169,47157022500,113.0,94.0,83.19,104,86,82.69,105,87,82.86
1170,47157020531,66.0,66.0,100.0,79,79,100.0,61,61,100.0
1171,47157020532,83.0,81.0,97.59,93,93,100.0,81,81,100.0
1172,47157020832,112.0,112.0,100.0,142,142,100.0,119,119,100.0
1173,47157021142,57.0,55.0,96.49,121,121,100.0,46,46,100.0
1174,47157011700,121.0,118.0,97.52,116,115,99.14,118,117,99.15
1175,47119010202,243.0,243.0,100.0,252,252,100.0,243,243,100.0
1176,47119010301,194.0,194.0,100.0,191,191,100.0,191,191,100.0
1177,47119011101,198.0,198.0,100.0,195,195,100.0,195,195,100.0
1178,47119011001,265.0,265.0,100.0,261,261,100.0,261,261,100.0
1179,47035970603,56.0,56.0,100.0,58,58,100.0,72,72,100.0
1180,47035970702,245.0,245.0,100.0,248,248,100.0,291,291,100.0
1181,47035970502,183.0,183.0,100.0,185,185,100.0,185,185,100.0
1182,47035970101,99.0,99.0,100.0,107,106,99.07,133,133,100.0
1183,47035970102,287.0,287.0,100.0,294,294,100.0,366,366,100.0
1184,47035970602,234.0,234.0,100.0,237,237,100.0,252,252,100.0
1185,47035970601,139.0,139.0,100.0,151,151,100.0,151,151,100.0
1186,47035970301,136.0,136.0,100.0,145,145,100.0,204,204,100.0
1187,47035970302,166.0,166.0,100.0,171,171,100.0,237,237,100.0
1188,47035970701,116.0,116.0,100.0,117,117,100.0,117,117,100.0
1189,47035970501,133.0,133.0,100.0,133,133,100.0,137,137,100.0
1190,47153060102,171.0,171.0,100.0,171,171,100.0,175,175,100.0
1191,47153060101,345.0,345.0,100.0,345,345,100.0,345,345,100.0
1192,47145980100,,,,5,5,100.0,374,374,100.0
1193,47057500402,239.0,239.0,100.0,239,239,100.0,239,239,100.0
1194,47057500401,156.0,156.0,100.0,156,156,100.0,150,150,100.0
1195,47093000902,27.0,27.0,100.0,28,28,100.0,49,49,100.0
1196,47093004607,70.0,69.0,98.57,70,69,98.57,72,72,100.0
1197,47093004615,33.0,33.0,100.0,32,32,100.0,35,35,100.0
1198,47093003901,43.0,43.0,100.0,43,43,100.0,47,47,100.0
1199,47093005302,83.0,77.0,92.77,70,68,97.14,126,126,100.0
1200,47093005502,54.0,54.0,100.0,62,62,100.0,77,77,100.0
1201,47093005603,73.0,73.0,100.0,81,81,100.0,81,81,100.0
1202,47093004404,59.0,57.0,96.61,58,57,98.28,67,67,100.0
1203,47093005301,97.0,95.0,97.94,105,104,99.05,138,138,100.0
1204,47093006502,72.0,72.0,100.0,76,75,98.68,105,105,100.0
1205,47093004613,35.0,35.0,100.0,39,39,100.0,42,42,100.0
1206,47093006002,48.0,48.0,100.0,48,48,100.0,51,51,100.0
1207,47093004610,52.0,48.0,92.31,56,54,96.43,67,67,100.0
1208,47157020900,133.0,132.0,99.25,177,177,100.0,143,140,97.9
1209,47093006401,40.0,40.0,100.0,39,39,100.0,41,41,100.0
1210,47093006600,132.0,130.0,98.48,131,129,98.47,152,152,100.0
1211,47093006800,67.0,66.0,98.51,65,65,100.0,94,94,100.0
1212,47133950302,142.0,141.0,99.3,139,138,99.28,185,185,100.0
1213,47133950301,194.0,190.0,97.94,192,190,98.96,219,219,100.0
1214,47157021121,59.0,55.0,93.22,121,121,100.0,71,68,95.77
1215,47157010300,16.0,16.0,100.0,13,13,100.0,14,14,100.0
1216,47157020700,43.0,43.0,100.0,54,54,100.0,37,37,100.0
1217,47157021010,201.0,200.0,99.5,220,220,100.0,201,200,99.5
1218,47157021510,79.0,75.0,94.94,76,71,93.42,81,77,95.06
1219,47157020621,90.0,90.0,100.0,113,113,100.0,81,80,98.77
1220,47157021744,55.0,55.0,100.0,55,55,100.0,55,55,100.0
1221,47003950700,172.0,172.0,100.0,220,220,100.0,249,249,100.0
1222,47157010500,37.0,34.0,91.89,34,30,88.24,34,30,88.24
1223,47157004500,26.0,26.0,100.0,24,24,100.0,24,24,100.0
1224,47157980300,4.0,2.0,50.0,5,5,100.0,8,8,100.0
1225,47157021724,38.0,33.0,86.84,41,34,82.93,40,32,80.0
1226,47157980100,46.0,39.0,84.78,43,38,88.37,39,32,82.05
1227,47065011900,34.0,34.0,100.0,37,34,91.89,37,34,91.89
1228,47003950600,233.0,233.0,100.0,233,233,100.0,230,230,100.0
1229,47003950100,201.0,201.0,100.0,234,234,100.0,244,244,100.0
1230,47003950300,198.0,198.0,100.0,185,185,100.0,195,195,100.0
1231,47003950500,229.0,229.0,100.0,227,227,100.0,229,229,100.0
1232,47003950800,243.0,243.0,100.0,265,265,100.0,262,262,100.0
1233,47003950200,318.0,318.0,100.0,318,318,100.0,316,316,100.0
1234,47065011326,40.0,40.0,100.0,38,38,100.0,37,37,100.0
1235,47123925502,306.0,302.0,98.69,300,298,99.33,411,411,100.0
1236,47123925501,140.0,135.0,96.43,137,130,94.89,219,218,99.54
1237,47119010700,139.0,139.0,100.0,139,139,100.0,139,139,100.0
1238,47141000303,75.0,75.0,100.0,75,75,100.0,75,75,100.0
1239,47157004200,121.0,120.0,99.17,122,121,99.18,123,122,99.19
1240,47157004600,50.0,50.0,100.0,46,46,100.0,46,46,100.0
1241,47107970300,136.0,136.0,100.0,136,135,99.26,164,164,100.0
1242,47107970500,193.0,192.0,99.48,202,202,100.0,280,280,100.0
1243,47107970800,212.0,210.0,99.06,245,245,100.0,457,457,100.0
1244,47107970200,217.0,212.0,97.7,213,211,99.06,312,312,100.0
1245,47107970700,206.0,203.0,98.54,218,217,99.54,285,285,100.0
1246,47107970600,247.0,247.0,100.0,278,277,99.64,384,384,100.0
1247,47065010901,44.0,43.0,97.73,48,47,97.92,45,44,97.78
1248,47065010902,39.0,39.0,100.0,38,38,100.0,38,38,100.0
1249,47065010903,43.0,43.0,100.0,44,44,100.0,44,44,100.0
1250,47065011443,109.0,109.0,100.0,109,108,99.08,107,106,99.07
1251,47065010305,44.0,44.0,100.0,47,47,100.0,46,46,100.0
1252,47065010104,109.0,109.0,100.0,99,99,100.0,122,122,100.0
1253,47065011002,140.0,140.0,100.0,140,140,100.0,137,137,100.0
1254,47065010103,85.0,85.0,100.0,84,84,100.0,84,84,100.0
1255,47065010303,45.0,45.0,100.0,44,44,100.0,44,44,100.0
1256,47065011001,72.0,72.0,100.0,75,75,100.0,77,77,100.0
1257,47065010435,76.0,75.0,98.68,76,76,100.0,74,74,100.0
1258,47065011325,65.0,65.0,100.0,64,64,100.0,63,63,100.0
1259,47119010900,162.0,162.0,100.0,150,150,100.0,151,151,100.0
1260,47119010400,305.0,305.0,100.0,305,305,100.0,307,307,100.0
1261,47119010500,226.0,226.0,100.0,225,225,100.0,225,225,100.0
1262,47119011200,380.0,380.0,100.0,320,319,99.69,307,306,99.67
1263,47119010600,192.0,192.0,100.0,192,192,100.0,192,192,100.0
1264,47085130400,25.0,25.0,100.0,82,80,97.56,144,143,99.31
1265,47119010100,139.0,139.0,100.0,181,181,100.0,196,196,100.0
1266,47067960500,120.0,120.0,100.0,175,175,100.0,74,74,100.0
1267,47067960600,117.0,117.0,100.0,181,181,100.0,186,186,100.0
1268,47085130200,61.0,60.0,98.36,62,61,98.39,98,98,100.0
1269,47085130500,110.0,106.0,96.36,120,113,94.17,240,235,97.92
1270,47085130300,214.0,212.0,99.07,231,226,97.84,327,326,99.69
1271,47085130100,146.0,146.0,100.0,211,211,100.0,259,259,100.0
1272,47141000600,230.0,230.0,100.0,231,231,100.0,232,232,100.0
1273,47141000301,115.0,115.0,100.0,115,115,100.0,116,116,100.0
1274,47141001100,355.0,355.0,100.0,356,356,100.0,375,375,100.0
1275,47141000200,354.0,354.0,100.0,358,358,100.0,380,380,100.0
1276,47141000800,235.0,235.0,100.0,235,235,100.0,235,235,100.0
1277,47141000900,246.0,246.0,100.0,246,246,100.0,249,249,100.0
1278,47141000700,216.0,216.0,100.0,216,216,100.0,216,216,100.0
1279,47141000100,385.0,385.0,100.0,391,390,99.74,436,436,100.0
1280,47141001300,75.0,75.0,100.0,75,75,100.0,98,98,100.0
1281,47141001000,189.0,188.0,99.47,198,198,100.0,256,255,99.61
1282,47141001200,295.0,294.0,99.66,294,294,100.0,304,304,100.0
1283,47141000500,104.0,104.0,100.0,104,104,100.0,104,104,100.0
1284,47141000400,134.0,134.0,100.0,135,135,100.0,135,135,100.0
1285,47157021613,46.0,46.0,100.0,47,47,100.0,47,47,100.0
1286,47157007300,32.0,32.0,100.0,42,42,100.0,33,33,100.0
1287,47157021320,80.0,75.0,93.75,101,101,100.0,70,66,94.29
1288,47157020222,30.0,30.0,100.0,54,54,100.0,28,28,100.0
1289,47157022410,95.0,95.0,100.0,98,97,98.98,98,98,100.0
1290,47157005300,113.0,112.0,99.12,108,107,99.07,109,108,99.08
1291,47157008500,55.0,55.0,100.0,67,67,100.0,56,55,98.21
1292,47157020810,42.0,40.0,95.24,91,91,100.0,52,51,98.08
1293,47157021520,202.0,193.0,95.54,188,179,95.21,189,183,96.83
1294,47157005700,91.0,91.0,100.0,89,89,100.0,88,88,100.0
1295,47157020300,102.0,102.0,100.0,140,140,100.0,95,95,100.0
1296,47157020820,116.0,114.0,98.28,174,174,100.0,123,123,100.0
1297,47157021135,94.0,92.0,97.87,107,107,100.0,93,92,98.92
1298,47157009200,121.0,121.0,100.0,151,151,100.0,122,122,100.0
1299,47157021138,35.0,34.0,97.14,40,40,100.0,32,31,96.88
1300,47157003300,41.0,41.0,100.0,34,34,100.0,33,33,100.0
1301,47157000600,61.0,61.0,100.0,61,61,100.0,61,61,100.0
1302,47157021331,54.0,54.0,100.0,69,69,100.0,54,54,100.0
1303,47157021352,65.0,65.0,100.0,80,80,100.0,63,63,100.0
1304,47069950300,137.0,137.0,100.0,139,139,100.0,154,154,100.0
1305,47157021410,41.0,40.0,97.56,53,53,100.0,40,40,100.0
1306,47157022130,71.0,71.0,100.0,70,70,100.0,70,70,100.0
1307,47157020210,91.0,90.0,98.9,137,137,100.0,86,86,100.0
1308,47157010120,76.0,76.0,100.0,75,75,100.0,75,75,100.0
1309,47157020610,67.0,62.0,92.54,86,86,100.0,58,57,98.28
1310,47019070900,106.0,106.0,100.0,106,106,100.0,106,106,100.0
1311,47161110200,141.0,141.0,100.0,168,168,100.0,166,166,100.0
1312,47161980200,,,,1,1,100.0,1,1,100.0
1313,47161980100,3.0,3.0,100.0,1,1,100.0,2,2,100.0
1314,47161110600,83.0,83.0,100.0,100,70,70.0,110,89,80.91
1315,47097050200,235.0,235.0,100.0,254,254,100.0,239,239,100.0
1316,47097050100,50.0,50.0,100.0,54,54,100.0,41,41,100.0
1317,47097050300,99.0,97.0,97.98,173,173,100.0,134,134,100.0
1318,47097050600,102.0,102.0,100.0,161,161,100.0,148,148,100.0
1319,47097050400,74.0,74.0,100.0,106,106,100.0,83,83,100.0
1320,47157001600,47.0,46.0,97.87,54,54,100.0,45,44,97.78
1321,47091956200,107.0,107.0,100.0,140,140,100.0,145,144,99.31
1322,47091956300,342.0,342.0,100.0,339,339,100.0,338,338,100.0
1323,47091956000,56.0,56.0,100.0,61,61,100.0,90,90,100.0
1324,47091956400,215.0,215.0,100.0,209,209,100.0,216,216,100.0
1325,47091956100,190.0,190.0,100.0,189,189,100.0,190,190,100.0
1326,47157007810,80.0,72.0,90.0,122,122,100.0,86,73,84.88
1327,47033961000,101.0,101.0,100.0,161,161,100.0,128,128,100.0
1328,47033961400,209.0,209.0,100.0,247,247,100.0,216,216,100.0
1329,47033961200,156.0,156.0,100.0,194,194,100.0,194,194,100.0
1330,47033961100,224.0,224.0,100.0,231,231,100.0,230,230,100.0
1331,47033961300,147.0,147.0,100.0,165,165,100.0,161,161,100.0
1332,47157003100,86.0,86.0,100.0,98,98,100.0,74,73,98.65
1333,47157003200,48.0,48.0,100.0,48,48,100.0,48,48,100.0
1334,47189030309,61.0,61.0,100.0,61,60,98.36,61,60,98.36
1335,47141000302,125.0,125.0,100.0,125,125,100.0,125,125,100.0
1336,47069950500,198.0,188.0,94.95,219,213,97.26,243,238,97.94
1337,47069950600,134.0,130.0,97.01,184,184,100.0,228,228,100.0
1338,47069950100,172.0,170.0,98.84,130,129,99.23,266,266,100.0
1339,47069950200,107.0,105.0,98.13,129,129,100.0,137,137,100.0
1340,47069950400,195.0,193.0,98.97,211,211,100.0,267,267,100.0
1341,47045964900,179.0,179.0,100.0,179,179,100.0,179,179,100.0
1342,47125101001,92.0,92.0,100.0,92,92,100.0,92,92,100.0
1343,47125100300,77.0,77.0,100.0,77,77,100.0,77,77,100.0
1344,47009980100,50.0,50.0,100.0,50,50,100.0,50,50,100.0
1345,47009011502,71.0,71.0,100.0,74,74,100.0,98,98,100.0
1346,47125102001,70.0,70.0,100.0,70,70,100.0,70,70,100.0
1347,47125101201,20.0,20.0,100.0,20,20,100.0,20,20,100.0
1348,47125101304,97.0,97.0,100.0,96,96,100.0,96,96,100.0
1349,47045964000,397.0,397.0,100.0,397,397,100.0,397,397,100.0
1350,47113000800,173.0,173.0,100.0,173,173,100.0,173,173,100.0
1351,47045964500,125.0,125.0,100.0,125,125,100.0,125,125,100.0
1352,47045964200,211.0,211.0,100.0,211,211,100.0,211,211,100.0
1353,47045964800,284.0,284.0,100.0,287,287,100.0,287,287,100.0
1354,47045964300,233.0,233.0,100.0,233,233,100.0,233,233,100.0
1355,47045964400,266.0,266.0,100.0,266,266,100.0,266,266,100.0
1356,47045964600,218.0,218.0,100.0,218,218,100.0,218,218,100.0
1357,47113001502,249.0,249.0,100.0,317,317,100.0,279,279,100.0
1358,47149040307,36.0,36.0,100.0,39,39,100.0,41,41,100.0
1359,47149040102,16.0,16.0,100.0,16,16,100.0,16,16,100.0
1360,47149040308,65.0,64.0,98.46,67,67,100.0,66,66,100.0
1361,47119011102,115.0,115.0,100.0,114,114,100.0,115,115,100.0
1362,47119010801,93.0,93.0,100.0,92,92,100.0,92,92,100.0
1363,47157003500,48.0,48.0,100.0,38,38,100.0,38,38,100.0
1364,47143975401,326.0,326.0,100.0,326,326,100.0,326,326,100.0
1365,47157003600,61.0,61.0,100.0,58,58,100.0,58,58,100.0
1366,47157003700,35.0,35.0,100.0,33,33,100.0,33,33,100.0
1367,47163043302,304.0,304.0,100.0,304,304,100.0,304,304,100.0
1368,47163043201,186.0,186.0,100.0,186,186,100.0,186,186,100.0
1369,47157021141,71.0,71.0,100.0,82,82,100.0,69,69,100.0
1370,47157000200,28.0,28.0,100.0,28,27,96.43,28,27,96.43
1371,47157980400,20.0,18.0,90.0,59,59,100.0,12,10,83.33
1372,47157021140,69.0,67.0,97.1,82,82,100.0,63,62,98.41
1373,47157020831,34.0,31.0,91.18,50,50,100.0,43,43,100.0
1374,47155080801,100.0,99.0,99.0,106,106,100.0,112,112,100.0
1375,47155980100,17.0,17.0,100.0,15,15,100.0,55,55,100.0
1376,47113000100,93.0,93.0,100.0,93,93,100.0,93,93,100.0
1377,47113000200,202.0,202.0,100.0,202,202,100.0,202,202,100.0
1378,47113000400,60.0,60.0,100.0,61,61,100.0,61,61,100.0
1379,47113001900,163.0,163.0,100.0,160,160,100.0,156,156,100.0
1380,47113001605,106.0,106.0,100.0,106,106,100.0,106,106,100.0
1381,47113001607,90.0,90.0,100.0,92,92,100.0,91,91,100.0
1382,47113001609,112.0,112.0,100.0,133,133,100.0,115,115,100.0
1383,47113001610,116.0,116.0,100.0,117,117,100.0,116,116,100.0
1384,47113001300,222.0,222.0,100.0,235,235,100.0,222,222,100.0
1385,47113001100,85.0,85.0,100.0,85,85,100.0,85,85,100.0
1386,47113001700,59.0,54.0,91.53,166,166,100.0,100,100,100.0
1387,47113001501,137.0,137.0,100.0,137,137,100.0,137,137,100.0
1388,47113001608,51.0,51.0,100.0,122,122,100.0,111,111,100.0
1389,47113001402,125.0,125.0,100.0,126,126,100.0,126,126,100.0
1390,47151975400,262.0,262.0,100.0,259,259,100.0,262,262,100.0
1391,47151975100,381.0,381.0,100.0,381,381,100.0,381,381,100.0
1392,47151975000,340.0,340.0,100.0,340,340,100.0,340,340,100.0
1393,47151975300,239.0,239.0,100.0,239,239,100.0,239,239,100.0
1394,47151975200,274.0,274.0,100.0,274,274,100.0,274,274,100.0
1395,47181950200,336.0,333.0,99.11,338,335,99.11,405,403,99.51
1396,47113000500,75.0,75.0,100.0,75,75,100.0,75,75,100.0
1397,47113000600,68.0,68.0,100.0,68,68,100.0,68,68,100.0
1398,47157011100,59.0,59.0,100.0,83,83,100.0,59,58,98.31
1399,47181950100,261.0,261.0,100.0,266,264,99.25,270,268,99.26
1400,47181950400,219.0,217.0,99.09,220,218,99.09,228,227,99.56
1401,47037015630,29.0,27.0,93.1,32,32,100.0,30,30,100.0
1402,47037018904,29.0,29.0,100.0,29,29,100.0,29,29,100.0
1403,47187050701,62.0,60.0,96.77,51,50,98.04,50,50,100.0
1404,47021070104,95.0,95.0,100.0,77,77,100.0,82,82,100.0
1405,47021070202,152.0,152.0,100.0,150,150,100.0,150,150,100.0
1406,47181950300,220.0,216.0,98.18,215,212,98.6,255,253,99.22
1407,47113001000,45.0,45.0,100.0,45,45,100.0,45,45,100.0
1408,47113001603,37.0,37.0,100.0,37,37,100.0,37,37,100.0
1409,47113000700,96.0,96.0,100.0,96,96,100.0,96,96,100.0
1410,47157003800,22.0,22.0,100.0,20,20,100.0,21,20,95.24
1411,47157003900,25.0,25.0,100.0,21,20,95.24,21,20,95.24
1412,47037018905,14.0,13.0,92.86,15,15,100.0,15,15,100.0
1413,47037013601,102.0,102.0,100.0,101,101,100.0,101,101,100.0
1414,47037018301,68.0,68.0,100.0,76,76,100.0,78,78,100.0
1415,47037018302,46.0,44.0,95.65,47,46,97.87,46,45,97.83
1416,47037015631,61.0,61.0,100.0,63,63,100.0,60,60,100.0
1417,47075930500,95.0,89.0,93.68,121,120,99.17,142,141,99.3
1418,47157021311,82.0,78.0,95.12,100,100,100.0,76,72,94.74
1419,47157022122,47.0,47.0,100.0,46,46,100.0,46,46,100.0
1420,47157022600,180.0,167.0,92.78,140,125,89.29,147,131,89.12
1421,47157020101,57.0,56.0,98.25,46,46,100.0,40,40,100.0
1422,47157020102,43.0,43.0,100.0,43,43,100.0,40,40,100.0
1423,47075930100,97.0,96.0,98.97,225,224,99.56,158,158,100.0
1424,47075930200,63.0,61.0,96.83,186,186,100.0,110,110,100.0
1425,47075930400,194.0,194.0,100.0,198,198,100.0,229,229,100.0
1426,47025970400,20.0,20.0,100.0,22,22,100.0,64,64,100.0
1427,47113000300,141.0,141.0,100.0,141,141,100.0,141,141,100.0
1428,47025970300,74.0,74.0,100.0,88,88,100.0,125,125,100.0
1429,47025970500,95.0,95.0,100.0,108,108,100.0,177,177,100.0
1430,47025970700,214.0,214.0,100.0,219,219,100.0,262,262,100.0
1431,47025970200,93.0,93.0,100.0,99,99,100.0,131,131,100.0
1432,47025970900,204.0,204.0,100.0,200,200,100.0,300,300,100.0
1433,47025970600,135.0,135.0,100.0,143,143,100.0,202,202,100.0
1434,47025970100,41.0,41.0,100.0,72,72,100.0,86,86,100.0
1435,47025970800,97.0,97.0,100.0,96,96,100.0,108,108,100.0
1436,47113001800,128.0,128.0,100.0,120,120,100.0,149,149,100.0
1437,47113001604,78.0,78.0,100.0,78,78,100.0,78,78,100.0
1438,47113001401,91.0,91.0,100.0,100,100,100.0,91,91,100.0
1439,47113001606,141.0,141.0,100.0,144,144,100.0,143,143,100.0
1440,47167040303,93.0,93.0,100.0,107,107,100.0,90,90,100.0
1441,47157009902,52.0,49.0,94.23,50,46,92.0,50,46,92.0
1442,47157020633,39.0,38.0,97.44,43,43,100.0,40,39,97.5
1443,47157020634,31.0,31.0,100.0,32,32,100.0,29,28,96.55
1444,47157021125,71.0,70.0,98.59,94,94,100.0,62,61,98.39
1445,47157021124,76.0,76.0,100.0,86,86,100.0,79,79,100.0
1446,47157021726,21.0,21.0,100.0,17,15,88.24,17,15,88.24
1447,47157021725,30.0,29.0,96.67,29,28,96.55,29,28,96.55
1448,47157021746,30.0,30.0,100.0,30,29,96.67,30,29,96.67
1449,47157021747,33.0,33.0,100.0,33,33,100.0,32,32,100.0
1450,47157022220,82.0,81.0,98.78,81,81,100.0,81,81,100.0
1451,47157022023,49.0,49.0,100.0,49,49,100.0,49,49,100.0
1452,47157022024,60.0,60.0,100.0,61,61,100.0,61,61,100.0
1453,47157020524,47.0,46.0,97.87,50,50,100.0,45,45,100.0
1454,47157020523,32.0,32.0,100.0,35,35,100.0,33,33,100.0
1455,47157021126,47.0,43.0,91.49,74,74,100.0,50,50,100.0
1456,47157022121,69.0,69.0,100.0,70,70,100.0,69,69,100.0
1457,47157021312,29.0,29.0,100.0,34,34,100.0,27,27,100.0
1458,47171080200,269.0,269.0,100.0,311,311,100.0,356,356,100.0
1459,47171080300,235.0,235.0,100.0,231,230,99.57,283,283,100.0
1460,47171080100,117.0,117.0,100.0,203,203,100.0,295,295,100.0
1461,47171080400,202.0,202.0,100.0,214,214,100.0,216,216,100.0
1462,47097050503,66.0,65.0,98.48,101,101,100.0,97,97,100.0
1463,47097050504,59.0,58.0,98.31,73,73,100.0,73,73,100.0
1464,47097050505,93.0,93.0,100.0,106,106,100.0,106,106,100.0
1465,47167040304,65.0,65.0,100.0,75,75,100.0,66,66,100.0
1466,47129110300,163.0,163.0,100.0,163,163,100.0,163,163,100.0
1467,47129110100,305.0,305.0,100.0,305,305,100.0,305,305,100.0
1468,47129110500,320.0,320.0,100.0,320,320,100.0,320,320,100.0
1469,47129110200,179.0,179.0,100.0,179,179,100.0,179,179,100.0
1470,47129110400,233.0,233.0,100.0,233,233,100.0,233,233,100.0
1471,47103975000,40.0,40.0,100.0,163,163,100.0,147,147,100.0
1472,47157005600,95.0,94.0,98.95,90,90,100.0,91,91,100.0
1473,47157005800,36.0,35.0,97.22,34,34,100.0,35,35,100.0
1474,47157005900,86.0,84.0,97.67,72,72,100.0,72,72,100.0
1475,47103975700,111.0,111.0,100.0,180,180,100.0,177,177,100.0
1476,47103975200,262.0,262.0,100.0,271,271,100.0,272,272,100.0
1477,47103975100,124.0,124.0,100.0,164,164,100.0,171,171,100.0
1478,47103975500,228.0,228.0,100.0,287,287,100.0,279,279,100.0
1479,47103975400,255.0,255.0,100.0,304,304,100.0,302,302,100.0
1480,47103975300,255.0,255.0,100.0,289,289,100.0,288,288,100.0
1481,47073050503,113.0,113.0,100.0,113,113,100.0,113,113,100.0
1482,47157006000,43.0,43.0,100.0,40,40,100.0,40,40,100.0
1483,47157006200,50.0,50.0,100.0,52,52,100.0,50,50,100.0
1484,47157022111,68.0,64.0,94.12,64,62,96.88,65,62,95.38
1485,47157022022,108.0,108.0,100.0,104,103,99.04,103,102,99.03
1486,47165020700,141.0,138.0,97.87,135,135,100.0,135,134,99.26
1487,47157006400,31.0,31.0,100.0,42,42,100.0,31,31,100.0
1488,47157007400,47.0,47.0,100.0,51,51,100.0,49,49,100.0
1489,47157007500,26.0,26.0,100.0,26,26,100.0,26,26,100.0
1490,47157022310,67.0,67.0,100.0,66,66,100.0,66,66,100.0
1491,47157022321,56.0,56.0,100.0,53,53,100.0,53,53,100.0
1492,47157022112,67.0,67.0,100.0,68,68,100.0,69,69,100.0
1493,47073050501,61.0,61.0,100.0,75,75,100.0,83,83,100.0
1494,47073050601,181.0,181.0,100.0,181,181,100.0,182,182,100.0
1495,47073050602,115.0,115.0,100.0,115,115,100.0,115,115,100.0
1496,47073050502,142.0,142.0,100.0,150,149,99.33,162,162,100.0
