,TractCode,CountBlocks_2015,Blocks With Choice_2015,Prop With Choice_2015,CountBlocks_2017,Blocks With Choice_2017,Prop With Choice_2017,CountBlocks_2019,Blocks With Choice_2019,Prop With Choice_2019
0,47165021002,84.0,8.0,9.52,73.0,62.0,84.93,73.0,61.0,83.56
1,47165020901,,,,25.0,14.0,56.0,25.0,14.0,56.0
2,47165020300,113.0,4.0,3.54,111.0,42.0,37.84,111.0,77.0,69.37
3,47165020902,116.0,15.0,12.93,114.0,97.0,85.09,113.0,99.0,87.61
4,47165020800,134.0,24.0,17.91,134.0,85.0,63.43,134.0,114.0,85.07
5,47165021203,62.0,9.0,14.52,68.0,55.0,80.88,68.0,56.0,82.35
6,47105060302,205.0,13.0,6.34,209.0,108.0,51.67,238.0,107.0,44.96
7,47105060202,391.0,40.0,10.23,396.0,133.0,33.59,412.0,211.0,51.21
8,47105060301,197.0,10.0,5.08,197.0,69.0,35.03,205.0,74.0,36.1
9,47179060400,193.0,55.0,28.5,193.0,86.0,44.56,195.0,90.0,46.15
10,47157001200,51.0,3.0,5.88,51.0,32.0,62.75,50.0,32.0,64.0
11,47157001300,59.0,2.0,3.39,64.0,8.0,12.5,54.0,8.0,14.81
12,47157001400,38.0,1.0,2.63,40.0,2.0,5.0,37.0,2.0,5.41
13,47157001500,,,,55.0,13.0,23.64,49.0,13.0,26.53
14,47157001700,88.0,1.0,1.14,70.0,29.0,41.43,70.0,66.0,94.29
15,47157001900,31.0,6.0,19.35,33.0,18.0,54.55,33.0,18.0,54.55
16,47157002000,42.0,3.0,7.14,42.0,12.0,28.57,42.0,12.0,28.57
17,47157002100,80.0,6.0,7.5,80.0,30.0,37.5,80.0,32.0,40.0
18,47157002400,,,,,,,,,
19,47157002500,,,,75.0,11.0,14.67,75.0,46.0,61.33
20,47179061800,224.0,65.0,29.02,220.0,118.0,53.64,222.0,81.0,36.49
21,47179061300,293.0,148.0,50.51,292.0,154.0,52.74,292.0,97.0,33.22
22,47179061100,104.0,44.0,42.31,104.0,41.0,39.42,104.0,25.0,24.04
23,47179060600,131.0,56.0,42.75,129.0,69.0,53.49,130.0,53.0,40.77
24,47179061200,160.0,75.0,46.88,158.0,78.0,49.37,159.0,53.0,33.33
25,47179060900,157.0,83.0,52.87,157.0,83.0,52.87,157.0,30.0,19.11
26,47179061500,209.0,82.0,39.23,214.0,95.0,44.39,210.0,73.0,34.76
27,47037010106,42.0,4.0,9.52,40.0,27.0,67.5,39.0,28.0,71.79
28,47179060100,169.0,154.0,91.12,169.0,152.0,89.94,169.0,151.0,89.35
29,47157002600,40.0,5.0,12.5,40.0,32.0,80.0,40.0,37.0,92.5
30,47157002700,54.0,2.0,3.7,64.0,36.0,56.25,51.0,37.0,72.55
31,47157002800,,,,73.0,12.0,16.44,62.0,12.0,19.35
32,47157002900,86.0,6.0,6.98,98.0,42.0,42.86,82.0,45.0,54.88
33,47105060201,230.0,5.0,2.17,228.0,86.0,37.72,246.0,93.0,37.8
34,47105060501,402.0,26.0,6.47,415.0,205.0,49.4,478.0,210.0,43.93
35,47105060502,93.0,8.0,8.6,95.0,32.0,33.68,105.0,32.0,30.48
36,47037010103,41.0,3.0,7.32,41.0,22.0,53.66,37.0,23.0,62.16
37,47037010202,45.0,1.0,2.22,53.0,29.0,54.72,52.0,28.0,53.85
38,47037010104,39.0,2.0,5.13,40.0,16.0,40.0,40.0,15.0,37.5
39,47121960200,252.0,2.0,0.79,278.0,3.0,1.08,379.0,15.0,3.96
40,47035970200,,,,,,,351.0,19.0,5.41
41,47035970800,228.0,2.0,0.88,230.0,16.0,6.96,472.0,17.0,3.6
42,47035970400,,,,314.0,3.0,0.96,346.0,164.0,47.4
43,47055920300,403.0,16.0,3.97,398.0,55.0,13.82,418.0,129.0,30.86
44,47121960100,,,,173.0,47.0,27.17,332.0,12.0,3.61
45,47121960300,150.0,3.0,2.0,118.0,9.0,7.63,168.0,10.0,5.95
46,47157003000,47.0,2.0,4.26,48.0,20.0,41.67,42.0,20.0,47.62
47,47135930100,,,,,,,296.0,104.0,35.14
48,47113000900,105.0,74.0,70.48,105.0,74.0,70.48,105.0,72.0,68.57
49,47065001100,111.0,92.0,82.88,114.0,95.0,83.33,114.0,95.0,83.33
50,47155080300,97.0,12.0,12.37,97.0,74.0,76.29,97.0,97.0,100.0
51,47155080500,216.0,6.0,2.78,217.0,37.0,17.05,230.0,127.0,55.22
52,47155080400,209.0,13.0,6.22,291.0,45.0,15.46,323.0,87.0,26.93
53,47155081000,426.0,37.0,8.69,451.0,98.0,21.73,521.0,128.0,24.57
54,47055920400,265.0,2.0,0.75,278.0,18.0,6.47,261.0,193.0,73.95
55,47055920500,214.0,4.0,1.87,256.0,60.0,23.44,244.0,166.0,68.03
56,47055920600,,,,,,,269.0,6.0,2.23
57,47055920200,253.0,4.0,1.58,291.0,18.0,6.19,291.0,158.0,54.3
58,47055920800,281.0,4.0,1.42,368.0,46.0,12.5,348.0,88.0,25.29
59,47055920700,,,,138.0,1.0,0.72,132.0,3.0,2.27
60,47055920100,,,,240.0,5.0,2.08,201.0,44.0,21.89
61,47029920400,,,,,,,,,
62,47157001100,,,,,,,,,
63,47037013300,191.0,97.0,50.79,193.0,155.0,80.31,193.0,164.0,84.97
64,47037018102,64.0,4.0,6.25,60.0,50.0,83.33,59.0,50.0,84.75
65,47029920100,,,,243.0,1.0,0.41,180.0,24.0,13.33
66,47029920502,169.0,10.0,5.92,173.0,29.0,16.76,284.0,44.0,15.49
67,47029920200,334.0,2.0,0.6,334.0,17.0,5.09,335.0,143.0,42.69
68,47029920600,219.0,4.0,1.83,217.0,41.0,18.89,244.0,171.0,70.08
69,47029920300,,,,,,,193.0,16.0,8.29
70,47029920501,252.0,11.0,4.37,264.0,42.0,15.91,292.0,131.0,44.86
71,47065011324,48.0,47.0,97.92,48.0,47.0,97.92,48.0,47.0,97.92
72,47019070400,58.0,16.0,27.59,58.0,12.0,20.69,58.0,2.0,3.45
73,47019070700,62.0,15.0,24.19,64.0,18.0,28.12,64.0,11.0,17.19
74,47065001300,101.0,87.0,86.14,108.0,85.0,78.7,108.0,80.0,74.07
75,47031970801,146.0,10.0,6.85,146.0,106.0,72.6,146.0,126.0,86.3
76,47031980100,,,,48.0,1.0,2.08,39.0,1.0,2.56
77,47065001400,101.0,89.0,88.12,107.0,94.0,87.85,107.0,92.0,85.98
78,47065003000,65.0,45.0,69.23,75.0,46.0,61.33,75.0,47.0,62.67
79,47065003400,68.0,54.0,79.41,75.0,55.0,73.33,75.0,54.0,72.0
80,47065010412,57.0,50.0,87.72,56.0,51.0,91.07,57.0,51.0,89.47
81,47065010433,66.0,55.0,83.33,72.0,49.0,68.06,72.0,50.0,69.44
82,47065010502,43.0,40.0,93.02,43.0,40.0,93.02,43.0,40.0,93.02
83,47065010307,157.0,135.0,85.99,156.0,139.0,89.1,154.0,139.0,90.26
84,47065012200,96.0,89.0,92.71,97.0,91.0,93.81,97.0,91.0,93.81
85,47065011445,79.0,63.0,79.75,80.0,61.0,76.25,82.0,60.0,73.17
86,47065010306,72.0,45.0,62.5,73.0,54.0,73.97,73.0,55.0,75.34
87,47065011446,51.0,46.0,90.2,52.0,44.0,84.62,51.0,44.0,86.27
88,47065011204,127.0,71.0,55.91,125.0,78.0,62.4,124.0,84.0,67.74
89,47065012300,175.0,149.0,85.14,178.0,154.0,86.52,178.0,154.0,86.52
90,47065002400,175.0,164.0,93.71,175.0,164.0,93.71,175.0,165.0,94.29
91,47065002800,96.0,81.0,84.38,113.0,83.0,73.45,113.0,81.0,71.68
92,47165021104,29.0,2.0,6.9,31.0,30.0,96.77,31.0,29.0,93.55
93,47165021205,59.0,1.0,1.69,56.0,44.0,78.57,56.0,48.0,85.71
94,47165021009,45.0,3.0,6.67,45.0,37.0,82.22,45.0,40.0,88.89
95,47165020501,87.0,6.0,6.9,92.0,62.0,67.39,92.0,66.0,71.74
96,47187050205,52.0,3.0,5.77,47.0,43.0,91.49,47.0,43.0,91.49
97,47037010602,27.0,1.0,3.7,27.0,20.0,74.07,27.0,19.0,70.37
98,47037013602,20.0,2.0,10.0,18.0,4.0,22.22,18.0,4.0,22.22
99,47065002900,49.0,46.0,93.88,51.0,44.0,86.27,51.0,44.0,86.27
100,47065010431,89.0,74.0,83.15,91.0,76.0,83.52,88.0,75.0,85.23
101,47065010101,94.0,22.0,23.4,84.0,51.0,60.71,86.0,62.0,72.09
102,47065003300,124.0,119.0,95.97,135.0,120.0,88.89,135.0,120.0,88.89
103,47065001200,72.0,60.0,83.33,76.0,65.0,85.53,76.0,62.0,81.58
104,47065010501,95.0,87.0,91.58,98.0,87.0,88.78,98.0,89.0,90.82
105,47065003200,69.0,67.0,97.1,68.0,66.0,97.06,68.0,66.0,97.06
106,47065011311,114.0,70.0,61.4,114.0,83.0,72.81,115.0,81.0,70.43
107,47065012100,168.0,117.0,69.64,181.0,128.0,70.72,181.0,133.0,73.48
108,47065002000,131.0,78.0,59.54,169.0,83.0,49.11,169.0,85.0,50.3
109,47065010600,55.0,46.0,83.64,55.0,51.0,92.73,55.0,50.0,90.91
110,47065011442,28.0,24.0,85.71,37.0,25.0,67.57,37.0,25.0,67.57
111,47065000400,106.0,94.0,88.68,110.0,98.0,89.09,110.0,98.0,89.09
112,47065011800,83.0,81.0,97.59,85.0,82.0,96.47,84.0,82.0,97.62
113,47065011321,44.0,38.0,86.36,48.0,40.0,83.33,47.0,40.0,85.11
114,47001020300,47.0,5.0,10.64,48.0,36.0,75.0,50.0,36.0,72.0
115,47065003100,119.0,52.0,43.7,121.0,62.0,51.24,116.0,65.0,56.03
116,47065000800,63.0,54.0,85.71,64.0,54.0,84.38,62.0,56.0,90.32
117,47135930200,,,,421.0,12.0,2.85,482.0,164.0,34.02
118,47187050304,83.0,1.0,1.2,105.0,27.0,25.71,72.0,28.0,38.89
119,47187050203,60.0,7.0,11.67,56.0,48.0,85.71,54.0,48.0,88.89
120,47187050905,53.0,2.0,3.77,57.0,36.0,63.16,57.0,36.0,63.16
121,47187050204,43.0,22.0,51.16,43.0,36.0,83.72,43.0,36.0,83.72
122,47037019200,127.0,22.0,17.32,127.0,104.0,81.89,127.0,113.0,88.98
123,47037019500,365.0,14.0,3.84,414.0,64.0,15.46,376.0,78.0,20.74
124,47037019400,202.0,54.0,26.73,216.0,117.0,54.17,218.0,132.0,60.55
125,47029920700,,,,,,,385.0,68.0,17.66
126,47187050206,30.0,2.0,6.67,29.0,27.0,93.1,29.0,27.0,93.1
127,47037016700,90.0,23.0,25.56,83.0,81.0,97.59,85.0,80.0,94.12
128,47037015612,39.0,2.0,5.13,36.0,30.0,83.33,36.0,30.0,83.33
129,47037010105,43.0,2.0,4.65,39.0,26.0,66.67,42.0,27.0,64.29
130,47037010303,44.0,1.0,2.27,45.0,29.0,64.44,47.0,31.0,65.96
131,47001021201,92.0,3.0,3.26,86.0,22.0,25.58,110.0,22.0,20.0
132,47001021302,,,,135.0,10.0,7.41,173.0,44.0,25.43
133,47001021202,158.0,4.0,2.53,160.0,27.0,16.88,198.0,50.0,25.25
134,47001020901,148.0,8.0,5.41,142.0,38.0,26.76,259.0,44.0,16.99
135,47001020902,165.0,9.0,5.45,166.0,66.0,39.76,302.0,66.0,21.85
136,47001020700,,,,263.0,1.0,0.38,332.0,8.0,2.41
137,47001020100,88.0,3.0,3.41,81.0,33.0,40.74,120.0,31.0,25.83
138,47001020400,86.0,10.0,11.63,87.0,55.0,63.22,110.0,56.0,50.91
139,47001020500,69.0,10.0,14.49,64.0,37.0,57.81,86.0,39.0,45.35
140,47001021000,200.0,7.0,3.5,195.0,76.0,38.97,335.0,86.0,25.67
141,47001021301,81.0,3.0,3.7,80.0,40.0,50.0,106.0,50.0,47.17
142,47001020800,,,,,,,292.0,48.0,16.44
143,47001021100,74.0,4.0,5.41,69.0,43.0,62.32,97.0,43.0,44.33
144,47093007100,78.0,14.0,17.95,71.0,65.0,91.55,94.0,65.0,69.15
145,47093006207,28.0,3.0,10.71,28.0,8.0,28.57,34.0,19.0,55.88
146,47093005810,38.0,30.0,78.95,38.0,30.0,78.95,47.0,30.0,63.83
147,47093004612,16.0,12.0,75.0,16.0,16.0,100.0,16.0,16.0,100.0
148,47125980100,,,,42.0,7.0,16.67,41.0,8.0,19.51
149,47125101804,99.0,2.0,2.02,95.0,46.0,48.42,100.0,45.0,45.0
150,47125101903,104.0,10.0,9.62,104.0,73.0,70.19,104.0,76.0,73.08
151,47125101904,73.0,7.0,9.59,72.0,27.0,37.5,76.0,27.0,35.53
152,47125101306,50.0,6.0,12.0,50.0,41.0,82.0,50.0,41.0,82.0
153,47125101305,21.0,3.0,14.29,20.0,18.0,90.0,20.0,18.0,90.0
154,47125102002,47.0,4.0,8.51,47.0,41.0,87.23,47.0,41.0,87.23
155,47155080901,170.0,2.0,1.18,171.0,19.0,11.11,239.0,25.0,10.46
156,47155080201,135.0,9.0,6.67,138.0,100.0,72.46,142.0,123.0,86.62
157,47155080202,121.0,10.0,8.26,122.0,78.0,63.93,125.0,102.0,81.6
158,47155080802,202.0,18.0,8.91,211.0,115.0,54.5,212.0,189.0,89.15
159,47155080902,248.0,16.0,6.45,249.0,66.0,26.51,335.0,85.0,25.37
160,47065011411,67.0,51.0,76.12,66.0,53.0,80.3,63.0,52.0,82.54
161,47017962300,236.0,6.0,2.54,289.0,87.0,30.1,250.0,114.0,45.6
162,47017962400,,,,,,,,,
163,47017962500,,,,,,,,,
164,47017962000,295.0,77.0,26.1,402.0,87.0,21.64,305.0,88.0,28.85
165,47017962100,360.0,9.0,2.5,512.0,6.0,1.17,384.0,58.0,15.1
166,47021070203,115.0,1.0,0.87,116.0,20.0,17.24,114.0,22.0,19.3
167,47021070103,67.0,16.0,23.88,69.0,41.0,59.42,69.0,42.0,60.87
168,47065010411,66.0,58.0,87.88,67.0,60.0,89.55,67.0,60.0,89.55
169,47065001800,142.0,123.0,86.62,149.0,127.0,85.23,147.0,131.0,89.12
170,47065002300,103.0,78.0,75.73,106.0,76.0,71.7,105.0,74.0,70.48
171,47065001900,176.0,122.0,69.32,179.0,126.0,70.39,178.0,127.0,71.35
172,47065010700,57.0,47.0,82.46,56.0,47.0,83.93,55.0,47.0,85.45
173,47065001600,36.0,15.0,41.67,41.0,20.0,48.78,42.0,20.0,47.62
174,47065010432,75.0,61.0,81.33,79.0,60.0,75.95,79.0,58.0,73.42
175,47065000700,87.0,79.0,90.8,88.0,82.0,93.18,87.0,81.0,93.1
176,47065002600,138.0,115.0,83.33,148.0,117.0,79.05,148.0,117.0,79.05
177,47163042400,135.0,130.0,96.3,135.0,130.0,96.3,135.0,130.0,96.3
178,47037011300,84.0,5.0,5.95,82.0,71.0,86.59,91.0,72.0,79.12
179,47037017901,77.0,11.0,14.29,72.0,62.0,86.11,71.0,62.0,87.32
180,47105060600,287.0,28.0,9.76,278.0,79.0,28.42,345.0,83.0,24.06
181,47105060100,293.0,13.0,4.44,312.0,110.0,35.26,437.0,112.0,25.63
182,47105060400,181.0,3.0,1.66,349.0,119.0,34.1,442.0,134.0,30.32
183,47105060700,162.0,5.0,3.09,147.0,51.0,34.69,305.0,51.0,16.72
184,47037015620,35.0,2.0,5.71,36.0,35.0,97.22,36.0,33.0,91.67
185,47005963300,,,,,,,231.0,82.0,35.5
186,47005963100,,,,,,,128.0,6.0,4.69
187,47005963400,,,,344.0,1.0,0.29,285.0,31.0,10.88
188,47005963200,,,,,,,,,
189,47005963000,,,,,,,142.0,52.0,36.62
190,47015960100,274.0,1.0,0.36,264.0,1.0,0.38,274.0,6.0,2.19
191,47015960200,,,,290.0,5.0,1.72,293.0,4.0,1.37
192,47015960300,,,,152.0,2.0,1.32,151.0,3.0,1.99
193,47021070300,101.0,12.0,11.88,99.0,57.0,57.58,99.0,69.0,69.7
194,47021070102,85.0,2.0,2.35,82.0,9.0,10.98,87.0,9.0,10.34
195,47023970300,297.0,9.0,3.03,273.0,7.0,2.56,305.0,25.0,8.2
196,47163040200,317.0,142.0,44.79,317.0,317.0,100.0,317.0,317.0,100.0
197,47163040900,79.0,16.0,20.25,79.0,79.0,100.0,79.0,79.0,100.0
198,47163041600,83.0,15.0,18.07,83.0,83.0,100.0,83.0,83.0,100.0
199,47163041500,60.0,16.0,26.67,63.0,60.0,95.24,63.0,60.0,95.24
200,47163041800,113.0,22.0,19.47,114.0,114.0,100.0,114.0,114.0,100.0
201,47163042100,184.0,182.0,98.91,184.0,183.0,99.46,184.0,183.0,99.46
202,47163042300,157.0,151.0,96.18,157.0,153.0,97.45,157.0,153.0,97.45
203,47163042600,160.0,160.0,100.0,160.0,160.0,100.0,160.0,160.0,100.0
204,47163042801,87.0,87.0,100.0,87.0,87.0,100.0,87.0,87.0,100.0
205,47163042900,73.0,57.0,78.08,73.0,65.0,89.04,73.0,65.0,89.04
206,47163043000,245.0,244.0,99.59,245.0,244.0,99.59,245.0,244.0,99.59
207,47049965100,173.0,1.0,0.58,174.0,2.0,1.15,,,
208,47023970100,213.0,5.0,2.35,169.0,5.0,2.96,214.0,4.0,1.87
209,47023970200,161.0,24.0,14.91,163.0,31.0,19.02,164.0,91.0,55.49
210,47049965200,,,,,,,229.0,1.0,0.44
211,47049965300,,,,,,,174.0,1.0,0.57
212,47049965000,,,,,,,214.0,1.0,0.47
213,47057500300,,,,,,,357.0,39.0,10.92
214,47057500100,,,,,,,,,
215,47123925400,386.0,11.0,2.85,379.0,61.0,16.09,447.0,102.0,22.82
216,47057500200,174.0,7.0,4.02,185.0,49.0,26.49,261.0,57.0,21.84
217,47125100200,67.0,6.0,8.96,67.0,30.0,44.78,67.0,44.0,65.67
218,47125100602,52.0,5.0,9.62,52.0,37.0,71.15,52.0,38.0,73.08
219,47165021103,55.0,2.0,3.64,55.0,53.0,96.36,55.0,53.0,96.36
220,47165021201,73.0,4.0,5.48,69.0,68.0,98.55,69.0,68.0,98.55
221,47185935000,192.0,146.0,76.04,192.0,4.0,2.08,201.0,65.0,32.34
222,47185935200,111.0,104.0,93.69,109.0,4.0,3.67,114.0,26.0,22.81
223,47185935500,187.0,167.0,89.3,,,,191.0,26.0,13.61
224,47185935400,177.0,120.0,67.8,,,,177.0,72.0,40.68
225,47185935300,224.0,156.0,69.64,224.0,157.0,70.09,225.0,128.0,56.89
226,47185935100,186.0,144.0,77.42,186.0,3.0,1.61,193.0,57.0,29.53
227,47157003400,32.0,1.0,3.12,30.0,2.0,6.67,30.0,8.0,26.67
228,47123925000,253.0,10.0,3.95,296.0,34.0,11.49,510.0,136.0,26.67
229,47123925300,274.0,10.0,3.65,278.0,50.0,17.99,357.0,55.0,15.41
230,47123925200,315.0,15.0,4.76,317.0,58.0,18.3,394.0,133.0,33.76
231,47079969500,217.0,13.0,5.99,218.0,79.0,36.24,218.0,83.0,38.07
232,47123925100,309.0,6.0,1.94,309.0,75.0,24.27,383.0,96.0,25.07
233,47157000100,135.0,12.0,8.89,133.0,61.0,45.86,134.0,61.0,45.52
234,47157000300,39.0,5.0,12.82,37.0,7.0,18.92,37.0,7.0,18.92
235,47157000400,54.0,1.0,1.85,,,,,,
236,47079969000,399.0,25.0,6.27,418.0,35.0,8.37,411.0,36.0,8.76
237,47079969400,120.0,11.0,9.17,120.0,50.0,41.67,120.0,53.0,44.17
238,47079969800,,,,314.0,55.0,17.52,252.0,61.0,24.21
239,47079969200,171.0,5.0,2.92,196.0,6.0,3.06,185.0,7.0,3.78
240,47079969700,,,,,,,,,
241,47079969100,271.0,12.0,4.43,,,,271.0,5.0,1.85
242,47081950100,157.0,7.0,4.46,231.0,48.0,20.78,235.0,82.0,34.89
243,47079969300,214.0,4.0,1.87,231.0,17.0,7.36,222.0,25.0,11.26
244,47081950400,,,,,,,253.0,31.0,12.25
245,47081950200,200.0,6.0,3.0,229.0,80.0,34.93,249.0,139.0,55.82
246,47081950500,,,,,,,141.0,3.0,2.13
247,47145030100,46.0,5.0,10.87,48.0,42.0,87.5,59.0,42.0,71.19
248,47145030300,169.0,2.0,1.18,229.0,120.0,52.4,390.0,125.0,32.05
249,47145030800,273.0,4.0,1.47,273.0,30.0,10.99,374.0,36.0,9.63
250,47145030900,179.0,9.0,5.03,197.0,82.0,41.62,297.0,85.0,28.62
251,47145030700,172.0,4.0,2.33,192.0,24.0,12.5,339.0,46.0,13.57
252,47145030500,,,,197.0,12.0,6.09,334.0,17.0,5.09
253,47145030202,225.0,7.0,3.11,222.0,112.0,50.45,342.0,139.0,40.64
254,47145030600,114.0,6.0,5.26,118.0,77.0,65.25,194.0,79.0,40.72
255,47145030201,229.0,4.0,1.75,216.0,70.0,32.41,406.0,76.0,18.72
256,47145030400,261.0,9.0,3.45,249.0,40.0,16.06,391.0,66.0,16.88
257,47159975400,,,,318.0,126.0,39.62,342.0,139.0,40.64
258,47159975100,104.0,59.0,56.73,114.0,113.0,99.12,114.0,86.0,75.44
259,47159975200,222.0,66.0,29.73,245.0,142.0,57.96,258.0,107.0,41.47
260,47115050101,180.0,12.0,6.67,176.0,14.0,7.95,188.0,128.0,68.09
261,47159975000,108.0,6.0,5.56,169.0,6.0,3.55,222.0,13.0,5.86
262,47159975300,100.0,12.0,12.0,89.0,18.0,20.22,104.0,16.0,15.38
263,47073050400,,,,,,,218.0,33.0,15.14
264,47073050700,,,,,,,89.0,3.0,3.37
265,47093006104,,,,61.0,2.0,3.28,67.0,31.0,46.27
266,47073050900,,,,,,,125.0,26.0,20.8
267,47073050100,,,,,,,,,
268,47187050207,45.0,15.0,33.33,45.0,21.0,46.67,45.0,21.0,46.67
269,47187050102,53.0,36.0,67.92,53.0,35.0,66.04,53.0,37.0,69.81
270,47187050504,59.0,1.0,1.69,59.0,45.0,76.27,62.0,51.0,82.26
271,47187051001,171.0,9.0,5.26,154.0,118.0,76.62,154.0,121.0,78.57
272,47187051100,277.0,17.0,6.14,284.0,36.0,12.68,295.0,64.0,21.69
273,47037011400,76.0,10.0,13.16,75.0,68.0,90.67,76.0,68.0,89.47
274,47179060700,33.0,3.0,9.09,33.0,3.0,9.09,33.0,3.0,9.09
275,47179060800,137.0,86.0,62.77,137.0,87.0,63.5,137.0,110.0,80.29
276,47179061000,149.0,65.0,43.62,149.0,60.0,40.27,149.0,25.0,16.78
277,47115050202,308.0,7.0,2.27,389.0,7.0,1.8,345.0,296.0,85.8
278,47115050102,269.0,3.0,1.12,259.0,5.0,1.93,300.0,237.0,79.0
279,47115050302,,,,421.0,1.0,0.24,225.0,24.0,10.67
280,47115050301,363.0,16.0,4.41,365.0,16.0,4.38,413.0,345.0,83.54
281,47115050201,264.0,48.0,18.18,263.0,52.0,19.77,299.0,163.0,54.52
282,47157010630,41.0,2.0,4.88,37.0,18.0,48.65,36.0,18.0,50.0
283,47137925100,218.0,7.0,3.21,220.0,2.0,0.91,357.0,3.0,0.84
284,47037010702,26.0,3.0,11.54,28.0,5.0,17.86,28.0,7.0,25.0
285,47037010801,49.0,5.0,10.2,48.0,44.0,91.67,48.0,48.0,100.0
286,47157020635,37.0,4.0,10.81,39.0,33.0,84.62,34.0,33.0,97.06
287,47157011200,,,,43.0,1.0,2.33,43.0,2.0,4.65
288,47157011300,,,,,,,79.0,1.0,1.27
289,47157011400,133.0,7.0,5.26,129.0,14.0,10.85,130.0,31.0,23.85
290,47157011600,,,,,,,,,
291,47157011500,84.0,1.0,1.19,73.0,2.0,2.74,73.0,2.0,2.74
292,47125100700,32.0,3.0,9.38,32.0,21.0,65.62,32.0,28.0,87.5
293,47125100800,137.0,6.0,4.38,137.0,56.0,40.88,137.0,68.0,49.64
294,47125101101,25.0,1.0,4.0,25.0,21.0,84.0,25.0,21.0,84.0
295,47125101002,52.0,7.0,13.46,52.0,40.0,76.92,52.0,40.0,76.92
296,47157011800,70.0,2.0,2.86,75.0,66.0,88.0,70.0,66.0,94.29
297,47157022700,80.0,6.0,7.5,80.0,75.0,93.75,80.0,76.0,95.0
298,47157007821,68.0,6.0,8.82,68.0,54.0,79.41,69.0,55.0,79.71
299,47157007822,32.0,3.0,9.38,31.0,30.0,96.77,31.0,30.0,96.77
300,47157007900,61.0,11.0,18.03,63.0,42.0,66.67,61.0,41.0,67.21
301,47157008000,70.0,1.0,1.43,74.0,62.0,83.78,67.0,63.0,94.03
302,47157008110,41.0,1.0,2.44,41.0,5.0,12.2,40.0,5.0,12.5
303,47157021341,85.0,2.0,2.35,85.0,60.0,70.59,82.0,60.0,73.17
304,47157021612,54.0,3.0,5.56,54.0,50.0,92.59,54.0,50.0,92.59
305,47157006600,61.0,3.0,4.92,89.0,46.0,51.69,64.0,46.0,71.88
306,47021070201,109.0,2.0,1.83,108.0,27.0,25.0,108.0,31.0,28.7
307,47021070401,54.0,7.0,12.96,58.0,24.0,41.38,69.0,24.0,34.78
308,47021070402,106.0,8.0,7.55,114.0,74.0,64.91,122.0,74.0,60.66
309,47157008120,69.0,3.0,4.35,73.0,43.0,58.9,69.0,45.0,65.22
310,47157008600,91.0,7.0,7.69,106.0,79.0,74.53,89.0,79.0,88.76
311,47157008700,64.0,1.0,1.56,68.0,58.0,85.29,67.0,58.0,86.57
312,47157021620,90.0,5.0,5.56,91.0,51.0,56.04,92.0,60.0,65.22
313,47157021721,40.0,3.0,7.5,39.0,31.0,79.49,38.0,30.0,78.95
314,47119010802,332.0,114.0,34.34,330.0,148.0,44.85,330.0,151.0,45.76
315,47119010201,384.0,25.0,6.51,395.0,257.0,65.06,385.0,144.0,37.4
316,47119011002,355.0,17.0,4.79,351.0,172.0,49.0,351.0,175.0,49.86
317,47119010302,147.0,7.0,4.76,122.0,33.0,27.05,124.0,42.0,33.87
318,47139950201,,,,116.0,6.0,5.17,152.0,3.0,1.97
319,47155080101,95.0,6.0,6.32,90.0,38.0,42.22,140.0,46.0,32.86
320,47155080601,170.0,7.0,4.12,167.0,54.0,32.34,217.0,134.0,61.75
321,47043060502,130.0,3.0,2.31,136.0,48.0,35.29,134.0,52.0,38.81
322,47043060601,159.0,6.0,3.77,154.0,38.0,24.68,157.0,49.0,31.21
323,47157008800,98.0,1.0,1.02,98.0,28.0,28.57,96.0,43.0,44.79
324,47157008900,,,,86.0,1.0,1.16,62.0,2.0,3.23
325,47157009100,36.0,1.0,2.78,43.0,36.0,83.72,37.0,36.0,97.3
326,47157021731,,,,30.0,14.0,46.67,32.0,14.0,43.75
327,47157021741,71.0,1.0,1.41,69.0,63.0,91.3,68.0,63.0,92.65
328,47157021732,61.0,2.0,3.28,62.0,43.0,69.35,61.0,43.0,70.49
329,47125100601,46.0,3.0,6.52,46.0,36.0,78.26,46.0,38.0,82.61
330,47125101902,31.0,1.0,3.23,31.0,29.0,93.55,31.0,29.0,93.55
331,47125102006,67.0,5.0,7.46,68.0,46.0,67.65,68.0,49.0,72.06
332,47125101307,32.0,2.0,6.25,32.0,26.0,81.25,32.0,25.0,78.12
333,47155080102,165.0,14.0,8.48,159.0,99.0,62.26,272.0,86.0,31.62
334,47155080602,205.0,10.0,4.88,316.0,92.0,29.11,330.0,155.0,46.97
335,47125101202,45.0,8.0,17.78,46.0,38.0,82.61,47.0,39.0,82.98
336,47125101303,73.0,4.0,5.48,73.0,64.0,87.67,73.0,64.0,87.67
337,47125102005,62.0,2.0,3.23,62.0,34.0,54.84,62.0,36.0,58.06
338,47125102003,35.0,7.0,20.0,35.0,32.0,91.43,35.0,32.0,91.43
339,47157006700,89.0,4.0,4.49,92.0,30.0,32.61,88.0,29.0,32.95
340,47157009300,74.0,7.0,9.46,74.0,70.0,94.59,74.0,70.0,94.59
341,47157009400,63.0,3.0,4.76,63.0,58.0,92.06,63.0,61.0,96.83
342,47071920400,,,,276.0,274.0,99.28,275.0,49.0,17.82
343,47071920600,225.0,2.0,0.89,426.0,92.0,21.6,233.0,5.0,2.15
344,47071920300,,,,178.0,160.0,89.89,160.0,14.0,8.75
345,47071920500,,,,567.0,184.0,32.45,215.0,4.0,1.86
346,47071920100,,,,407.0,91.0,22.36,206.0,2.0,0.97
347,47071920200,364.0,16.0,4.4,509.0,224.0,44.01,321.0,5.0,1.56
348,47157009500,115.0,4.0,3.48,128.0,90.0,70.31,115.0,106.0,92.17
349,47157009600,89.0,7.0,7.87,137.0,69.0,50.36,87.0,69.0,79.31
350,47063101200,138.0,10.0,7.25,138.0,133.0,96.38,138.0,137.0,99.28
351,47063100700,439.0,39.0,8.88,439.0,234.0,53.3,439.0,246.0,56.04
352,47063100300,124.0,5.0,4.03,124.0,123.0,99.19,124.0,124.0,100.0
353,47063100800,261.0,21.0,8.05,261.0,239.0,91.57,261.0,240.0,91.95
354,47063100600,192.0,34.0,17.71,192.0,188.0,97.92,192.0,188.0,97.92
355,47063100500,76.0,4.0,5.26,76.0,73.0,96.05,76.0,73.0,96.05
356,47063101100,198.0,13.0,6.57,198.0,190.0,95.96,198.0,190.0,95.96
357,47063101000,274.0,2.0,0.73,274.0,133.0,48.54,274.0,146.0,53.28
358,47063100400,153.0,9.0,5.88,153.0,153.0,100.0,153.0,153.0,100.0
359,47063100100,150.0,5.0,3.33,150.0,149.0,99.33,150.0,149.0,99.33
360,47063100900,115.0,18.0,15.65,115.0,115.0,100.0,115.0,115.0,100.0
361,47063100200,201.0,3.0,1.49,201.0,199.0,99.0,201.0,200.0,99.5
362,47157021752,33.0,1.0,3.03,34.0,29.0,85.29,34.0,30.0,88.24
363,47157021751,68.0,3.0,4.41,66.0,50.0,75.76,68.0,53.0,77.94
364,47125100400,45.0,6.0,13.33,45.0,35.0,77.78,45.0,42.0,93.33
365,47065010800,70.0,62.0,88.57,73.0,65.0,89.04,71.0,66.0,92.96
366,47065011447,73.0,55.0,75.34,73.0,61.0,83.56,72.0,64.0,88.89
367,47065980200,,,,11.0,3.0,27.27,19.0,2.0,10.53
368,47065980100,7.0,1.0,14.29,10.0,1.0,10.0,10.0,1.0,10.0
369,47149040806,87.0,6.0,6.9,100.0,80.0,80.0,90.0,76.0,84.44
370,47149041102,34.0,2.0,5.88,32.0,26.0,81.25,30.0,28.0,93.33
371,47149041202,49.0,5.0,10.2,55.0,43.0,78.18,52.0,43.0,82.69
372,47149041401,,,,26.0,20.0,76.92,25.0,21.0,84.0
373,47149040305,27.0,1.0,3.7,29.0,28.0,96.55,29.0,27.0,93.1
374,47073050302,,,,,,,171.0,58.0,33.92
375,47149040105,41.0,35.0,85.37,36.0,36.0,100.0,36.0,36.0,100.0
376,47149040501,88.0,5.0,5.68,98.0,73.0,74.49,98.0,74.0,75.51
377,47149040808,77.0,7.0,9.09,85.0,62.0,72.94,86.0,69.0,80.23
378,47149040303,28.0,3.0,10.71,29.0,27.0,93.1,27.0,27.0,100.0
379,47149040502,110.0,4.0,3.64,108.0,52.0,48.15,109.0,55.0,50.46
380,47149041201,65.0,5.0,7.69,102.0,59.0,57.84,95.0,62.0,65.26
381,47149040809,,,,50.0,30.0,60.0,50.0,28.0,56.0
382,47149041403,49.0,4.0,8.16,54.0,47.0,87.04,54.0,47.0,87.04
383,47149040304,41.0,7.0,17.07,41.0,39.0,95.12,41.0,39.0,95.12
384,47157009700,,,,45.0,37.0,82.22,38.0,37.0,97.37
385,47157009800,50.0,7.0,14.0,57.0,45.0,78.95,48.0,45.0,93.75
386,47157010000,79.0,6.0,7.59,79.0,61.0,77.22,79.0,68.0,86.08
387,47149040904,45.0,9.0,20.0,55.0,45.0,81.82,50.0,44.0,88.0
388,47149041402,24.0,2.0,8.33,27.0,19.0,70.37,26.0,20.0,76.92
389,47157010110,74.0,3.0,4.05,73.0,14.0,19.18,73.0,14.0,19.18
390,47157021420,56.0,3.0,5.36,71.0,39.0,54.93,55.0,40.0,72.73
391,47157021430,79.0,3.0,3.8,85.0,57.0,67.06,76.0,58.0,76.32
392,47157021754,42.0,1.0,2.38,34.0,32.0,94.12,34.0,32.0,94.12
393,47157021900,63.0,1.0,1.59,59.0,47.0,79.66,60.0,46.0,76.67
394,47157021753,,,,26.0,23.0,88.46,26.0,23.0,88.46
395,47157006800,,,,,,,,,
396,47157006900,,,,53.0,45.0,84.91,48.0,45.0,93.75
397,47157007000,40.0,2.0,5.0,44.0,23.0,52.27,40.0,23.0,57.5
398,47157010210,63.0,2.0,3.17,62.0,41.0,66.13,62.0,46.0,74.19
399,47157010610,75.0,3.0,4.0,75.0,50.0,66.67,74.0,50.0,67.57
400,47157010620,,,,37.0,27.0,72.97,37.0,27.0,72.97
401,47093006003,,,,36.0,2.0,5.56,37.0,7.0,18.92
402,47097050506,,,,66.0,1.0,1.52,65.0,5.0,7.69
403,47157007100,44.0,3.0,6.82,48.0,40.0,83.33,44.0,40.0,90.91
404,47157007200,34.0,1.0,2.94,34.0,21.0,61.76,32.0,21.0,65.62
405,47157010710,,,,64.0,54.0,84.38,61.0,54.0,88.52
406,47157010720,32.0,1.0,3.12,32.0,28.0,87.5,32.0,28.0,87.5
407,47157010810,57.0,3.0,5.26,53.0,52.0,98.11,54.0,52.0,96.3
408,47157010820,48.0,2.0,4.17,46.0,44.0,95.65,46.0,44.0,95.65
409,47037013202,48.0,5.0,10.42,49.0,48.0,97.96,49.0,48.0,97.96
410,47037013201,41.0,3.0,7.32,41.0,40.0,97.56,41.0,41.0,100.0
411,47037018409,60.0,5.0,8.33,60.0,55.0,91.67,60.0,55.0,91.67
412,47037018410,14.0,2.0,14.29,16.0,15.0,93.75,16.0,15.0,93.75
413,47037015803,7.0,1.0,14.29,6.0,1.0,16.67,6.0,1.0,16.67
414,47157011010,47.0,2.0,4.26,46.0,43.0,93.48,45.0,43.0,95.56
415,47037015804,21.0,7.0,33.33,21.0,11.0,52.38,21.0,12.0,57.14
416,47037015629,28.0,3.0,10.71,32.0,13.0,40.62,31.0,12.0,38.71
417,47125101500,97.0,3.0,3.09,100.0,49.0,49.0,110.0,47.0,42.73
418,47125101103,32.0,4.0,12.5,32.0,25.0,78.12,32.0,25.0,78.12
419,47125100900,63.0,6.0,9.52,63.0,28.0,44.44,63.0,25.0,39.68
420,47125101102,89.0,10.0,11.24,89.0,80.0,89.89,89.0,81.0,91.01
421,47125101802,186.0,6.0,3.23,184.0,61.0,33.15,185.0,60.0,32.43
422,47125101600,85.0,7.0,8.24,84.0,51.0,60.71,85.0,50.0,58.82
423,47125101700,192.0,2.0,1.04,235.0,7.0,2.98,254.0,16.0,6.3
424,47125101400,,,,,,,,,
425,47125100100,78.0,2.0,2.56,78.0,6.0,7.69,78.0,7.0,8.97
426,47125100500,67.0,5.0,7.46,67.0,51.0,76.12,67.0,53.0,79.1
427,47157011020,33.0,1.0,3.03,29.0,13.0,44.83,30.0,13.0,43.33
428,47157020400,,,,,,,,,
429,47037015626,23.0,2.0,8.7,26.0,19.0,73.08,26.0,20.0,76.92
430,47037015628,10.0,1.0,10.0,11.0,2.0,18.18,12.0,2.0,16.67
431,47165021106,53.0,5.0,9.43,51.0,42.0,82.35,51.0,45.0,88.24
432,47093005401,,,,99.0,44.0,44.44,143.0,50.0,34.97
433,47093005604,71.0,3.0,4.23,73.0,36.0,49.32,98.0,39.0,39.8
434,47093004403,70.0,53.0,75.71,93.0,83.0,89.25,99.0,83.0,83.84
435,47093005710,54.0,16.0,29.63,51.0,31.0,60.78,77.0,32.0,41.56
436,47093006208,62.0,31.0,50.0,71.0,47.0,66.2,81.0,48.0,59.26
437,47093005812,63.0,30.0,47.62,64.0,40.0,62.5,64.0,39.0,60.94
438,47093004611,78.0,48.0,61.54,77.0,56.0,72.73,92.0,55.0,59.78
439,47093005904,92.0,51.0,55.43,90.0,65.0,72.22,97.0,62.0,63.92
440,47093005808,80.0,64.0,80.0,80.0,66.0,82.5,81.0,63.0,77.78
441,47093006205,43.0,35.0,81.4,43.0,38.0,88.37,44.0,41.0,93.18
442,47093005906,,,,17.0,14.0,82.35,31.0,14.0,45.16
443,47093005712,71.0,37.0,52.11,72.0,65.0,90.28,77.0,65.0,84.42
444,47093006001,40.0,6.0,15.0,38.0,32.0,84.21,40.0,37.0,92.5
445,47093006900,95.0,6.0,6.32,95.0,32.0,33.68,108.0,33.0,30.56
446,47093005811,51.0,37.0,72.55,51.0,39.0,76.47,51.0,38.0,74.51
447,47093006206,38.0,1.0,2.63,41.0,6.0,14.63,44.0,20.0,45.45
448,47093005706,75.0,53.0,70.67,80.0,58.0,72.5,85.0,58.0,68.24
449,47011011500,310.0,30.0,9.68,348.0,112.0,32.18,336.0,121.0,36.01
450,47093007000,104.0,1.0,0.96,102.0,3.0,2.94,107.0,4.0,3.74
451,47157020511,36.0,3.0,8.33,50.0,26.0,52.0,34.0,26.0,76.47
452,47157020541,76.0,2.0,2.63,80.0,63.0,78.75,72.0,62.0,86.11
453,47157020542,,,,76.0,22.0,28.95,50.0,22.0,44.0
454,47153060200,248.0,27.0,10.89,250.0,32.0,12.8,251.0,39.0,15.54
455,47011010200,149.0,15.0,10.07,149.0,85.0,57.05,149.0,87.0,58.39
456,47011010600,139.0,13.0,9.35,139.0,51.0,36.69,139.0,76.0,54.68
457,47011011201,229.0,11.0,4.8,229.0,63.0,27.51,239.0,85.0,35.56
458,47011011202,200.0,16.0,8.0,201.0,81.0,40.3,201.0,94.0,46.77
459,47011010300,83.0,5.0,6.02,83.0,12.0,14.46,83.0,42.0,50.6
460,47011010100,186.0,17.0,9.14,186.0,79.0,42.47,186.0,88.0,47.31
461,47011011300,310.0,25.0,8.06,316.0,93.0,29.43,310.0,150.0,48.39
462,47011011000,140.0,14.0,10.0,140.0,101.0,72.14,140.0,118.0,84.29
463,47011011100,217.0,26.0,11.98,221.0,100.0,45.25,213.0,114.0,53.52
464,47011010500,176.0,17.0,9.66,176.0,56.0,31.82,176.0,127.0,72.16
465,47011010900,109.0,13.0,11.93,109.0,64.0,58.72,105.0,71.0,67.62
466,47011010700,186.0,10.0,5.38,186.0,16.0,8.6,186.0,93.0,50.0
467,47167040100,,,,39.0,1.0,2.56,,,
468,47167040400,,,,70.0,3.0,4.29,73.0,41.0,56.16
469,47167041000,103.0,3.0,2.91,,,,103.0,25.0,24.27
470,47167040900,,,,,,,,,
471,47167040500,111.0,5.0,4.5,113.0,48.0,42.48,108.0,86.0,79.63
472,47167040200,,,,,,,47.0,22.0,46.81
473,47165020204,84.0,7.0,8.33,85.0,48.0,56.47,85.0,51.0,60.0
474,47157006500,49.0,6.0,12.24,54.0,20.0,37.04,46.0,20.0,43.48
475,47157980200,,,,,,,,,
476,47169090100,,,,172.0,4.0,2.33,244.0,35.0,14.34
477,47169090200,87.0,2.0,2.3,,,,88.0,36.0,40.91
478,47165020503,40.0,2.0,5.0,39.0,16.0,41.03,41.0,16.0,39.02
479,47165020101,94.0,10.0,10.64,153.0,8.0,5.23,153.0,6.0,3.92
480,47165020602,116.0,23.0,19.83,166.0,65.0,39.16,181.0,76.0,41.99
481,47165020203,45.0,3.0,6.67,46.0,16.0,34.78,49.0,18.0,36.73
482,47165020207,25.0,3.0,12.0,26.0,18.0,69.23,26.0,17.0,65.38
483,47165020206,35.0,3.0,8.57,36.0,14.0,38.89,37.0,18.0,48.65
484,47165020404,33.0,2.0,6.06,33.0,12.0,36.36,33.0,13.0,39.39
485,47165021005,88.0,3.0,3.41,87.0,61.0,70.11,90.0,66.0,73.33
486,47165021004,43.0,5.0,11.63,44.0,27.0,61.36,45.0,29.0,64.44
487,47165020903,72.0,5.0,6.94,78.0,60.0,76.92,77.0,63.0,81.82
488,47165021107,53.0,4.0,7.55,54.0,51.0,94.44,53.0,52.0,98.11
489,47165021008,43.0,2.0,4.65,41.0,35.0,85.37,43.0,36.0,83.72
490,47165020405,28.0,5.0,17.86,26.0,15.0,57.69,27.0,17.0,62.96
491,47065011203,60.0,43.0,71.67,59.0,45.0,76.27,59.0,44.0,74.58
492,47165020502,53.0,5.0,9.43,59.0,32.0,54.24,61.0,35.0,57.38
493,47165020603,62.0,2.0,3.23,63.0,35.0,55.56,67.0,39.0,58.21
494,47101970200,,,,428.0,286.0,66.82,436.0,313.0,71.79
495,47101970100,,,,267.0,32.0,11.99,277.0,37.0,13.36
496,47127930200,,,,239.0,6.0,2.51,233.0,87.0,37.34
497,47065011444,57.0,45.0,78.95,58.0,49.0,84.48,54.0,49.0,90.74
498,47065000600,96.0,91.0,94.79,99.0,91.0,91.92,98.0,93.0,94.9
499,47065010304,90.0,71.0,78.89,88.0,76.0,86.36,87.0,76.0,87.36
500,47065010201,69.0,53.0,76.81,73.0,55.0,75.34,69.0,56.0,81.16
501,47065010434,50.0,41.0,82.0,50.0,42.0,84.0,50.0,42.0,84.0
502,47065010202,117.0,71.0,60.68,118.0,80.0,67.8,116.0,80.0,68.97
503,47065011323,46.0,37.0,80.43,44.0,39.0,88.64,45.0,40.0,88.89
504,47065012400,114.0,81.0,71.05,119.0,87.0,73.11,119.0,88.0,73.95
505,47165020403,36.0,1.0,2.78,35.0,13.0,37.14,35.0,16.0,45.71
506,47165021105,,,,54.0,43.0,79.63,54.0,43.0,79.63
507,47165021204,75.0,6.0,8.0,67.0,56.0,83.58,67.0,58.0,86.57
508,47165021007,32.0,3.0,9.38,29.0,22.0,75.86,30.0,25.0,83.33
509,47165020102,150.0,2.0,1.33,236.0,2.0,0.85,236.0,1.0,0.42
510,47165020407,48.0,2.0,4.17,54.0,34.0,62.96,54.0,41.0,75.93
511,47165020601,64.0,17.0,26.56,104.0,42.0,40.38,105.0,43.0,40.95
512,47165020209,50.0,4.0,8.0,60.0,15.0,25.0,62.0,17.0,27.42
513,47165020208,47.0,4.0,8.51,52.0,21.0,40.38,52.0,22.0,42.31
514,47165020205,56.0,8.0,14.29,62.0,43.0,69.35,63.0,45.0,71.43
515,47149040600,120.0,9.0,7.5,119.0,60.0,50.42,121.0,56.0,46.28
516,47165021006,39.0,4.0,10.26,37.0,26.0,70.27,38.0,26.0,68.42
517,47165020406,42.0,3.0,7.14,42.0,25.0,59.52,42.0,28.0,66.67
518,47117955200,399.0,17.0,4.26,371.0,179.0,48.25,345.0,160.0,46.38
519,47117955100,277.0,14.0,5.05,255.0,108.0,42.35,256.0,103.0,40.23
520,47117955000,288.0,2.0,0.69,288.0,134.0,46.53,288.0,45.0,15.62
521,47117955300,114.0,18.0,15.79,114.0,107.0,93.86,114.0,105.0,92.11
522,47117955500,378.0,10.0,2.65,397.0,84.0,21.16,392.0,85.0,21.68
523,47019071500,81.0,6.0,7.41,86.0,8.0,9.3,84.0,6.0,7.14
524,47187050800,136.0,20.0,14.71,141.0,105.0,74.47,141.0,109.0,77.3
525,47149042000,63.0,11.0,17.46,71.0,62.0,87.32,66.0,58.0,87.88
526,47149041800,113.0,2.0,1.77,151.0,78.0,51.66,129.0,50.0,38.76
527,47149040403,97.0,10.0,10.31,104.0,89.0,85.58,102.0,91.0,89.22
528,47149042100,106.0,10.0,9.43,128.0,103.0,80.47,111.0,100.0,90.09
529,47149041000,99.0,8.0,8.08,100.0,79.0,79.0,103.0,86.0,83.5
530,47149040200,58.0,41.0,70.69,61.0,49.0,80.33,61.0,49.0,80.33
531,47093005905,27.0,2.0,7.41,26.0,13.0,50.0,37.0,14.0,37.84
532,47149040302,172.0,14.0,8.14,184.0,160.0,86.96,167.0,148.0,88.62
533,47187050502,114.0,3.0,2.63,111.0,34.0,30.63,128.0,31.0,24.22
534,47149041500,,,,23.0,6.0,26.09,9.0,3.0,33.33
535,47149041600,125.0,24.0,19.2,126.0,111.0,88.1,126.0,100.0,79.37
536,47149041700,91.0,4.0,4.4,98.0,81.0,82.65,92.0,79.0,85.87
537,47149041900,51.0,17.0,33.33,52.0,50.0,96.15,51.0,46.0,90.2
538,47143975402,109.0,10.0,9.17,109.0,46.0,42.2,109.0,47.0,43.12
539,47093005707,62.0,27.0,43.55,58.0,33.0,56.9,74.0,36.0,48.65
540,47093005908,69.0,6.0,8.7,68.0,52.0,76.47,82.0,55.0,67.07
541,47093006103,,,,,,,53.0,30.0,56.6
542,47093005903,17.0,8.0,47.06,15.0,13.0,86.67,19.0,13.0,68.42
543,47093005907,29.0,6.0,20.69,25.0,24.0,96.0,35.0,25.0,71.43
544,47093006402,89.0,14.0,15.73,89.0,61.0,68.54,98.0,63.0,64.29
545,47093006302,63.0,5.0,7.94,64.0,9.0,14.06,79.0,37.0,46.84
546,47093006501,96.0,9.0,9.38,98.0,70.0,71.43,116.0,71.0,61.21
547,47093006301,74.0,38.0,51.35,75.0,36.0,48.0,90.0,52.0,57.78
548,47093005708,13.0,12.0,92.31,13.0,12.0,92.31,13.0,10.0,76.92
549,47093005813,81.0,62.0,76.54,80.0,61.0,76.25,81.0,60.0,74.07
550,47043060200,166.0,1.0,0.6,186.0,15.0,8.06,207.0,26.0,12.56
551,47065002500,148.0,131.0,88.51,164.0,133.0,81.1,164.0,135.0,82.32
552,47065010413,52.0,37.0,71.15,49.0,42.0,85.71,47.0,43.0,91.49
553,47065011201,171.0,87.0,50.88,163.0,109.0,66.87,158.0,90.0,56.96
554,47043060700,139.0,15.0,10.79,132.0,57.0,43.18,153.0,63.0,41.18
555,47043060300,173.0,3.0,1.73,188.0,30.0,15.96,199.0,39.0,19.6
556,47043060100,117.0,2.0,1.71,136.0,5.0,3.68,101.0,3.0,2.97
557,47037011500,76.0,9.0,11.84,76.0,75.0,98.68,76.0,75.0,98.68
558,47037015300,79.0,8.0,10.13,102.0,65.0,63.73,78.0,65.0,83.33
559,47037018601,37.0,3.0,8.11,38.0,35.0,92.11,38.0,36.0,94.74
560,47037013000,,,,24.0,1.0,4.17,25.0,2.0,8.0
561,47037010903,29.0,3.0,10.34,28.0,25.0,89.29,30.0,26.0,86.67
562,47037015401,71.0,8.0,11.27,66.0,58.0,87.88,66.0,58.0,87.88
563,47037980200,29.0,1.0,3.45,70.0,1.0,1.43,32.0,1.0,3.12
564,47037013100,45.0,1.0,2.22,45.0,17.0,37.78,45.0,17.0,37.78
565,47037015619,28.0,17.0,60.71,28.0,28.0,100.0,28.0,28.0,100.0
566,47037015609,17.0,3.0,17.65,19.0,16.0,84.21,21.0,16.0,76.19
567,47037015405,33.0,7.0,21.21,35.0,30.0,85.71,35.0,30.0,85.71
568,47037019112,23.0,4.0,17.39,24.0,21.0,87.5,24.0,21.0,87.5
569,47037018407,23.0,2.0,8.7,24.0,24.0,100.0,24.0,24.0,100.0
570,47037011700,158.0,15.0,9.49,156.0,132.0,84.62,159.0,134.0,84.28
571,47037018404,30.0,2.0,6.67,31.0,23.0,74.19,31.0,24.0,77.42
572,47037012801,70.0,18.0,25.71,75.0,66.0,88.0,76.0,67.0,88.16
573,47037011600,60.0,3.0,5.0,60.0,60.0,100.0,60.0,60.0,100.0
574,47037018500,103.0,6.0,5.83,105.0,88.0,83.81,105.0,90.0,85.71
575,47037019111,,,,25.0,21.0,84.0,25.0,21.0,84.0
576,47037010901,38.0,1.0,2.63,36.0,34.0,94.44,37.0,35.0,94.59
577,47037015617,24.0,3.0,12.5,25.0,21.0,84.0,25.0,21.0,84.0
578,47037018000,73.0,1.0,1.37,73.0,67.0,91.78,73.0,67.0,91.78
579,47037012701,49.0,4.0,8.16,50.0,38.0,76.0,50.0,38.0,76.0
580,47037015610,46.0,4.0,8.7,44.0,32.0,72.73,52.0,34.0,65.38
581,47037018408,16.0,4.0,25.0,15.0,14.0,93.33,15.0,14.0,93.33
582,47037015615,,,,29.0,26.0,89.66,29.0,27.0,93.1
583,47037018201,57.0,6.0,10.53,54.0,49.0,90.74,54.0,53.0,98.15
584,47037018405,,,,44.0,41.0,93.18,44.0,40.0,90.91
585,47093005704,67.0,50.0,74.63,69.0,58.0,84.06,82.0,57.0,69.51
586,47047060501,112.0,2.0,1.79,112.0,25.0,22.32,115.0,51.0,44.35
587,47037010501,155.0,47.0,30.32,155.0,140.0,90.32,155.0,141.0,90.97
588,47037010502,92.0,14.0,15.22,91.0,85.0,93.41,92.0,87.0,94.57
589,47037011200,66.0,4.0,6.06,66.0,63.0,95.45,67.0,63.0,94.03
590,47037011800,89.0,5.0,5.62,90.0,82.0,91.11,90.0,83.0,92.22
591,47037011900,66.0,1.0,1.52,65.0,55.0,84.62,64.0,57.0,89.06
592,47183968600,195.0,9.0,4.62,,,,219.0,66.0,30.14
593,47183968500,212.0,1.0,0.47,,,,292.0,37.0,12.67
594,47183968700,,,,,,,150.0,1.0,0.67
595,47183968000,,,,,,,,,
596,47183968400,,,,,,,346.0,76.0,21.97
597,47183968300,,,,,,,175.0,59.0,33.71
598,47037012100,87.0,9.0,10.34,87.0,77.0,88.51,87.0,86.0,98.85
599,47037012200,110.0,16.0,14.55,110.0,108.0,98.18,110.0,108.0,98.18
600,47093003000,45.0,28.0,62.22,45.0,42.0,93.33,49.0,43.0,87.76
601,47093002000,102.0,14.0,13.73,102.0,66.0,64.71,104.0,70.0,67.31
602,47093004300,60.0,21.0,35.0,59.0,39.0,66.1,78.0,38.0,48.72
603,47093001500,131.0,121.0,92.37,131.0,122.0,93.13,134.0,123.0,91.79
604,47093002900,75.0,63.0,84.0,75.0,63.0,84.0,85.0,63.0,74.12
605,47093002300,53.0,3.0,5.66,52.0,26.0,50.0,58.0,43.0,74.14
606,47093004700,66.0,56.0,84.85,68.0,62.0,91.18,79.0,62.0,78.48
607,47093004401,80.0,33.0,41.25,88.0,75.0,85.23,92.0,75.0,81.52
608,47093006102,,,,,,,68.0,23.0,33.82
609,47093005201,63.0,3.0,4.76,65.0,46.0,70.77,68.0,51.0,75.0
610,47093000800,74.0,8.0,10.81,73.0,49.0,67.12,85.0,48.0,56.47
611,47093002200,71.0,3.0,4.23,71.0,54.0,76.06,83.0,69.0,83.13
612,47093005803,78.0,43.0,55.13,78.0,52.0,66.67,81.0,52.0,64.2
613,47093004500,50.0,43.0,86.0,51.0,47.0,92.16,56.0,47.0,83.93
614,47093006203,54.0,24.0,44.44,54.0,45.0,83.33,57.0,45.0,78.95
615,47093003500,100.0,4.0,4.0,101.0,54.0,53.47,140.0,73.0,52.14
616,47093003100,46.0,3.0,6.52,43.0,26.0,60.47,55.0,40.0,72.73
617,47093005202,87.0,1.0,1.15,83.0,49.0,59.04,107.0,53.0,49.53
618,47093002400,117.0,7.0,5.98,113.0,17.0,15.04,128.0,71.0,55.47
619,47093002800,85.0,12.0,14.12,85.0,45.0,52.94,102.0,47.0,46.08
620,47093005000,72.0,62.0,86.11,72.0,66.0,91.67,76.0,66.0,86.84
621,47093005602,66.0,2.0,3.03,84.0,45.0,53.57,88.0,70.0,79.55
622,47093003400,74.0,9.0,12.16,75.0,68.0,90.67,78.0,69.0,88.46
623,47147080500,112.0,4.0,3.57,109.0,49.0,44.95,109.0,48.0,44.04
624,47047060600,,,,205.0,2.0,0.98,127.0,23.0,18.11
625,47047060300,86.0,5.0,5.81,125.0,26.0,20.8,93.0,38.0,40.86
626,47147080700,168.0,18.0,10.71,160.0,59.0,36.88,180.0,65.0,36.11
627,47147080101,125.0,1.0,0.8,110.0,4.0,3.64,169.0,16.0,9.47
628,47147080401,88.0,9.0,10.23,95.0,44.0,46.32,97.0,62.0,63.92
629,47147080402,,,,80.0,42.0,52.5,79.0,42.0,53.16
630,47047060800,80.0,1.0,1.25,,,,122.0,7.0,5.74
631,47037012600,57.0,6.0,10.53,57.0,47.0,82.46,58.0,47.0,81.03
632,47037012802,62.0,15.0,24.19,64.0,43.0,67.19,66.0,44.0,66.67
633,47037013500,79.0,37.0,46.84,78.0,68.0,87.18,78.0,69.0,88.46
634,47037015618,49.0,3.0,6.12,49.0,47.0,95.92,49.0,47.0,95.92
635,47037015802,45.0,4.0,8.89,46.0,27.0,58.7,46.0,27.0,58.7
636,47037017401,25.0,1.0,4.0,24.0,22.0,91.67,24.0,23.0,95.83
637,47037017402,48.0,2.0,4.17,46.0,40.0,86.96,47.0,43.0,91.49
638,47037018101,46.0,5.0,10.87,47.0,42.0,89.36,48.0,41.0,85.42
639,47093001400,,,,61.0,2.0,3.28,63.0,2.0,3.17
640,47093001700,89.0,22.0,24.72,89.0,70.0,78.65,92.0,69.0,75.0
641,47047060502,97.0,1.0,1.03,109.0,19.0,17.43,123.0,24.0,19.51
642,47047060403,112.0,8.0,7.14,172.0,57.0,33.14,111.0,62.0,55.86
643,47047060401,69.0,4.0,5.8,100.0,50.0,50.0,79.0,51.0,64.56
644,47047060402,71.0,2.0,2.82,105.0,37.0,35.24,75.0,38.0,50.67
645,47047060702,111.0,7.0,6.31,136.0,61.0,44.85,118.0,66.0,55.93
646,47089070600,260.0,6.0,2.31,260.0,31.0,11.92,259.0,68.0,26.25
647,47047060701,77.0,4.0,5.19,110.0,16.0,14.55,77.0,15.0,19.48
648,47047060404,92.0,4.0,4.35,139.0,71.0,51.08,99.0,75.0,75.76
649,47037013700,153.0,62.0,40.52,176.0,129.0,73.3,158.0,130.0,82.28
650,47037013800,46.0,9.0,19.57,46.0,26.0,56.52,46.0,43.0,93.48
651,47037013900,63.0,14.0,22.22,63.0,45.0,71.43,64.0,59.0,92.19
652,47037016000,81.0,13.0,16.05,79.0,24.0,30.38,82.0,22.0,26.83
653,47037016200,95.0,9.0,9.47,93.0,60.0,64.52,93.0,63.0,67.74
654,47037016100,91.0,6.0,6.59,92.0,60.0,65.22,94.0,59.0,62.77
655,47037018401,32.0,1.0,3.12,34.0,32.0,94.12,35.0,33.0,94.29
656,47037018901,,,,29.0,24.0,82.76,29.0,25.0,86.21
657,47037018902,32.0,2.0,6.25,33.0,30.0,90.91,33.0,31.0,93.94
658,47037018203,36.0,2.0,5.56,36.0,20.0,55.56,36.0,22.0,61.11
659,47037018602,61.0,7.0,11.48,57.0,56.0,98.25,57.0,56.0,98.25
660,47037018700,79.0,13.0,16.46,74.0,57.0,77.03,74.0,59.0,79.73
661,47089070400,183.0,7.0,3.83,185.0,33.0,17.84,244.0,33.0,13.52
662,47089070700,331.0,8.0,2.42,331.0,22.0,6.65,331.0,74.0,22.36
663,47089070100,,,,,,,312.0,1.0,0.32
664,47089070300,297.0,19.0,6.4,297.0,75.0,25.25,297.0,133.0,44.78
665,47089070200,173.0,4.0,2.31,173.0,42.0,24.28,173.0,42.0,24.28
666,47089070900,,,,,,,381.0,37.0,9.71
667,47089070800,310.0,4.0,1.29,319.0,50.0,15.67,331.0,70.0,21.15
668,47089070500,137.0,7.0,5.11,121.0,58.0,47.93,204.0,59.0,28.92
669,47187050602,221.0,11.0,4.98,228.0,166.0,72.81,230.0,164.0,71.3
670,47139950202,307.0,18.0,5.86,287.0,62.0,21.6,327.0,79.0,24.16
671,47093001600,62.0,57.0,91.94,61.0,56.0,91.8,64.0,56.0,87.5
672,47037010701,49.0,3.0,6.12,50.0,33.0,66.0,50.0,44.0,88.0
673,47029980100,,,,,,,14.0,1.0,7.14
674,47037014200,78.0,9.0,11.54,80.0,13.0,16.25,80.0,13.0,16.25
675,47037014300,86.0,55.0,63.95,88.0,82.0,93.18,88.0,83.0,94.32
676,47037014800,54.0,1.0,1.85,54.0,11.0,20.37,54.0,9.0,16.67
677,47037016300,69.0,7.0,10.14,69.0,45.0,65.22,69.0,56.0,81.16
678,47093004200,71.0,58.0,81.69,71.0,66.0,92.96,72.0,69.0,95.83
679,47093000901,15.0,1.0,6.67,,,,,,
680,47093004608,32.0,29.0,90.62,32.0,28.0,87.5,37.0,28.0,75.68
681,47093005501,,,,73.0,39.0,53.42,81.0,55.0,67.9
682,47093003802,41.0,27.0,65.85,41.0,27.0,65.85,51.0,29.0,56.86
683,47093003902,48.0,45.0,93.75,46.0,45.0,97.83,49.0,45.0,91.84
684,47093005402,92.0,6.0,6.52,87.0,36.0,41.38,174.0,36.0,20.69
685,47019071600,92.0,2.0,2.17,126.0,10.0,7.94,133.0,8.0,6.02
686,47019070300,191.0,143.0,74.87,192.0,137.0,71.35,192.0,74.0,38.54
687,47037015100,62.0,6.0,9.68,75.0,44.0,58.67,65.0,44.0,67.69
688,47037016400,51.0,5.0,9.8,53.0,27.0,50.94,53.0,28.0,52.83
689,47019071100,89.0,32.0,35.96,89.0,33.0,37.08,89.0,29.0,32.58
690,47019071300,234.0,100.0,42.74,232.0,145.0,62.5,233.0,81.0,34.76
691,47019070800,113.0,65.0,57.52,115.0,64.0,55.65,116.0,53.0,45.69
692,47019070500,113.0,40.0,35.4,110.0,46.0,41.82,112.0,34.0,30.36
693,47019070100,109.0,94.0,86.24,109.0,93.0,85.32,109.0,41.0,37.61
694,47019071000,112.0,36.0,32.14,111.0,55.0,49.55,112.0,51.0,45.54
695,47053966200,175.0,13.0,7.43,226.0,3.0,1.33,225.0,155.0,68.89
696,47053966400,265.0,6.0,2.26,290.0,5.0,1.72,268.0,9.0,3.36
697,47053967100,171.0,15.0,8.77,235.0,20.0,8.51,227.0,118.0,51.98
698,47053966600,76.0,7.0,9.21,91.0,4.0,4.4,91.0,45.0,49.45
699,47053967300,147.0,1.0,0.68,147.0,1.0,0.68,147.0,6.0,4.08
700,47053966100,204.0,11.0,5.39,233.0,71.0,30.47,225.0,119.0,52.89
701,47053966700,228.0,7.0,3.07,,,,323.0,61.0,18.89
702,47053966800,127.0,9.0,7.09,138.0,3.0,2.17,132.0,4.0,3.03
703,47053966900,168.0,3.0,1.79,213.0,26.0,12.21,177.0,112.0,63.28
704,47053967000,226.0,5.0,2.21,283.0,3.0,1.06,247.0,74.0,29.96
705,47053966500,236.0,4.0,1.69,255.0,4.0,1.57,247.0,5.0,2.02
706,47053966300,80.0,3.0,3.75,,,,162.0,6.0,3.7
707,47037015200,35.0,4.0,11.43,34.0,33.0,97.06,34.0,33.0,97.06
708,47037015402,42.0,2.0,4.76,44.0,43.0,97.73,44.0,42.0,95.45
709,47037016500,54.0,2.0,3.7,55.0,2.0,3.64,55.0,4.0,7.27
710,47093001800,53.0,5.0,9.43,52.0,51.0,98.08,53.0,51.0,96.23
711,47093001900,53.0,9.0,16.98,53.0,36.0,67.92,57.0,39.0,68.42
712,47093002700,,,,87.0,30.0,34.48,95.0,62.0,65.26
713,47037019108,14.0,1.0,7.14,15.0,12.0,80.0,15.0,12.0,80.0
714,47037015501,31.0,5.0,16.13,30.0,27.0,90.0,30.0,26.0,86.67
715,47037019003,27.0,1.0,3.7,25.0,21.0,84.0,25.0,21.0,84.0
716,47093000100,98.0,7.0,7.14,95.0,11.0,11.58,115.0,19.0,16.52
717,47093003200,69.0,1.0,1.45,69.0,20.0,28.99,75.0,21.0,28.0
718,47093003700,65.0,35.0,53.85,67.0,52.0,77.61,77.0,53.0,68.83
719,47093004000,45.0,42.0,93.33,44.0,42.0,95.45,52.0,42.0,80.77
720,47093004606,58.0,45.0,77.59,58.0,55.0,94.83,59.0,55.0,93.22
721,47093004900,80.0,37.0,46.25,82.0,75.0,91.46,100.0,74.0,74.0
722,47093005100,89.0,24.0,26.97,88.0,77.0,87.5,114.0,78.0,68.42
723,47093005701,75.0,12.0,16.0,87.0,64.0,73.56,137.0,65.0,47.45
724,47187050907,94.0,8.0,8.51,74.0,59.0,79.73,74.0,59.0,79.73
725,47187050103,121.0,10.0,8.26,119.0,14.0,11.76,131.0,20.0,15.27
726,47037016600,71.0,6.0,8.45,65.0,32.0,49.23,65.0,33.0,50.77
727,47037016800,97.0,24.0,24.74,95.0,74.0,77.89,95.0,76.0,80.0
728,47037019110,29.0,3.0,10.34,30.0,26.0,86.67,30.0,26.0,86.67
729,47187050101,110.0,68.0,61.82,110.0,80.0,72.73,111.0,80.0,72.07
730,47187050307,95.0,2.0,2.11,85.0,28.0,32.94,87.0,28.0,32.18
731,47187050208,79.0,1.0,1.27,82.0,51.0,62.2,84.0,54.0,64.29
732,47187050306,36.0,2.0,5.56,32.0,20.0,62.5,32.0,23.0,71.88
733,47187051201,172.0,9.0,5.23,183.0,63.0,34.43,204.0,63.0,30.88
734,47187050702,55.0,6.0,10.91,52.0,43.0,82.69,52.0,46.0,88.46
735,47187050406,41.0,3.0,7.32,40.0,23.0,57.5,40.0,22.0,55.0
736,47187050904,59.0,2.0,3.39,59.0,42.0,71.19,59.0,46.0,77.97
737,47187050303,,,,29.0,26.0,89.66,29.0,27.0,93.1
738,47187050305,32.0,3.0,9.38,30.0,20.0,66.67,30.0,19.0,63.33
739,47187050405,37.0,1.0,2.7,27.0,17.0,62.96,28.0,19.0,67.86
740,47187050403,12.0,1.0,8.33,15.0,13.0,86.67,14.0,13.0,92.86
741,47187050404,79.0,4.0,5.06,71.0,51.0,71.83,69.0,52.0,75.36
742,47187050601,74.0,4.0,5.41,73.0,50.0,68.49,73.0,50.0,68.49
743,47043060402,165.0,5.0,3.03,178.0,70.0,39.33,192.0,69.0,35.94
744,47187051202,282.0,26.0,9.22,290.0,252.0,86.9,285.0,227.0,79.65
745,47187050503,152.0,8.0,5.26,153.0,59.0,38.56,174.0,68.0,39.08
746,47043060602,214.0,17.0,7.94,230.0,90.0,39.13,236.0,103.0,43.64
747,47043060401,105.0,13.0,12.38,117.0,47.0,40.17,126.0,55.0,43.65
748,47043060501,189.0,15.0,7.94,198.0,78.0,39.39,203.0,84.0,41.38
749,47149041302,85.0,9.0,10.59,85.0,82.0,96.47,85.0,82.0,96.47
750,47149040805,97.0,50.0,51.55,120.0,88.0,73.33,116.0,92.0,79.31
751,47149040903,82.0,3.0,3.66,89.0,83.0,93.26,86.0,82.0,95.35
752,47189030600,99.0,5.0,5.05,99.0,42.0,42.42,99.0,80.0,80.81
753,47149042200,119.0,7.0,5.88,137.0,88.0,64.23,133.0,78.0,58.65
754,47149040902,151.0,14.0,9.27,153.0,122.0,79.74,153.0,126.0,82.35
755,47037019105,30.0,2.0,6.67,32.0,25.0,78.12,32.0,26.0,81.25
756,47037019106,,,,21.0,19.0,90.48,21.0,19.0,90.48
757,47037015502,56.0,3.0,5.36,58.0,52.0,89.66,59.0,53.0,89.83
758,47037017100,50.0,4.0,8.0,50.0,41.0,82.0,52.0,40.0,76.92
759,47037016900,127.0,15.0,11.81,125.0,122.0,97.6,125.0,121.0,96.8
760,47189030901,116.0,69.0,59.48,112.0,95.0,84.82,114.0,99.0,86.84
761,47189030304,64.0,52.0,81.25,63.0,53.0,84.13,60.0,54.0,90.0
762,47189030500,144.0,5.0,3.47,144.0,48.0,33.33,144.0,64.0,44.44
763,47189030700,103.0,4.0,3.88,103.0,18.0,17.48,103.0,33.0,32.04
764,47189031000,341.0,1.0,0.29,352.0,4.0,1.14,406.0,93.0,22.91
765,47189030202,264.0,25.0,9.47,265.0,139.0,52.45,265.0,145.0,54.72
766,47187050908,55.0,2.0,3.64,56.0,42.0,75.0,56.0,45.0,80.36
767,47139950400,,,,,,,192.0,1.0,0.52
768,47139950100,,,,,,,,,
769,47139950300,170.0,6.0,3.53,185.0,21.0,11.35,155.0,28.0,18.06
770,47041920102,,,,191.0,43.0,22.51,193.0,43.0,22.28
771,47041920101,90.0,1.0,1.11,83.0,23.0,27.71,107.0,28.0,26.17
772,47187051002,103.0,10.0,9.71,100.0,57.0,57.0,112.0,75.0,66.96
773,47187050909,67.0,8.0,11.94,78.0,53.0,67.95,73.0,50.0,68.49
774,47109930100,270.0,89.0,32.96,368.0,208.0,56.52,236.0,54.0,22.88
775,47109930500,343.0,2.0,0.58,513.0,248.0,48.34,408.0,11.0,2.7
776,47109930200,111.0,2.0,1.8,,,,135.0,1.0,0.74
777,47109930700,165.0,3.0,1.82,260.0,155.0,59.62,182.0,23.0,12.64
778,47109930300,109.0,1.0,0.92,,,,193.0,40.0,20.73
779,47109930400,,,,183.0,59.0,32.24,117.0,1.0,0.85
780,47109930600,,,,293.0,12.0,4.1,,,
781,47009011602,173.0,27.0,15.61,177.0,131.0,74.01,185.0,134.0,72.43
782,47031970802,338.0,24.0,7.1,382.0,152.0,39.79,393.0,201.0,51.15
783,47075930301,124.0,10.0,8.06,147.0,12.0,8.16,138.0,29.0,21.01
784,47075930302,81.0,7.0,8.64,82.0,8.0,9.76,81.0,23.0,28.4
785,47039955001,,,,,,,188.0,7.0,3.72
786,47039955101,152.0,61.0,40.13,154.0,48.0,31.17,163.0,100.0,61.35
787,47001980100,,,,,,,,,
788,47117955400,143.0,14.0,9.79,143.0,120.0,83.92,142.0,114.0,80.28
789,47001020202,123.0,6.0,4.88,95.0,42.0,44.21,155.0,45.0,29.03
790,47001020201,,,,41.0,17.0,41.46,84.0,17.0,20.24
791,47065011100,132.0,118.0,89.39,134.0,119.0,88.81,132.0,118.0,89.39
792,47007953100,,,,618.0,1.0,0.16,618.0,2.0,0.32
793,47007953000,,,,259.0,1.0,0.39,259.0,4.0,1.54
794,47007953200,,,,,,,,,
795,47009010600,127.0,12.0,9.45,127.0,85.0,66.93,127.0,106.0,83.46
796,47009010700,104.0,10.0,9.62,104.0,71.0,68.27,104.0,97.0,93.27
797,47009010200,275.0,29.0,10.55,273.0,161.0,58.97,275.0,175.0,63.64
798,47009010100,189.0,9.0,4.76,189.0,131.0,69.31,189.0,145.0,76.72
799,47009011102,143.0,10.0,6.99,143.0,103.0,72.03,143.0,110.0,76.92
800,47009010500,127.0,9.0,7.09,127.0,94.0,74.02,127.0,123.0,96.85
801,47009011200,367.0,21.0,5.72,368.0,192.0,52.17,369.0,227.0,61.52
802,47009010400,221.0,24.0,10.86,249.0,92.0,36.95,258.0,198.0,76.74
803,47009011101,95.0,6.0,6.32,94.0,60.0,63.83,95.0,69.0,72.63
804,47009010900,133.0,7.0,5.26,137.0,64.0,46.72,137.0,132.0,96.35
805,47009010800,110.0,5.0,4.55,110.0,55.0,50.0,110.0,102.0,92.73
806,47065011600,110.0,99.0,90.0,130.0,99.0,76.15,130.0,97.0,74.62
807,47065011402,87.0,86.0,98.85,89.0,84.0,94.38,89.0,84.0,94.38
808,47065011413,76.0,67.0,88.16,79.0,71.0,89.87,81.0,69.0,85.19
809,47065011314,35.0,33.0,94.29,35.0,33.0,94.29,34.0,33.0,97.06
810,47093006403,33.0,1.0,3.03,33.0,31.0,93.94,35.0,31.0,88.57
811,47093004609,54.0,38.0,70.37,52.0,42.0,80.77,65.0,43.0,66.15
812,47093005807,40.0,23.0,57.5,38.0,29.0,76.32,46.0,30.0,65.22
813,47093005809,68.0,54.0,79.41,68.0,52.0,76.47,68.0,51.0,75.0
814,47093004614,27.0,24.0,88.89,28.0,25.0,89.29,29.0,24.0,82.76
815,47093005709,22.0,2.0,9.09,22.0,16.0,72.73,22.0,18.0,81.82
816,47093005711,43.0,36.0,83.72,43.0,37.0,86.05,50.0,38.0,76.0
817,47167040602,86.0,4.0,4.65,84.0,13.0,15.48,92.0,14.0,15.22
818,47093006700,120.0,2.0,1.67,120.0,3.0,2.5,142.0,7.0,4.93
819,47039955102,,,,,,,240.0,6.0,2.5
820,47039955002,394.0,131.0,33.25,390.0,153.0,39.23,393.0,228.0,58.02
821,47053967400,337.0,19.0,5.64,378.0,72.0,19.05,374.0,89.0,23.8
822,47053980100,,,,,,,,,
823,47167040302,126.0,1.0,0.79,175.0,4.0,2.29,120.0,95.0,79.17
824,47167040601,97.0,2.0,2.06,84.0,39.0,46.43,88.0,48.0,54.55
825,47167040700,146.0,16.0,10.96,149.0,85.0,57.05,149.0,90.0,60.4
826,47167040800,52.0,1.0,1.92,52.0,18.0,34.62,53.0,31.0,58.49
827,47179061602,232.0,94.0,40.52,230.0,105.0,45.65,232.0,83.0,35.78
828,47179061901,279.0,30.0,10.75,275.0,114.0,41.45,282.0,88.0,31.21
829,47179061402,185.0,18.0,9.73,174.0,63.0,36.21,176.0,67.0,38.07
830,47179060502,129.0,71.0,55.04,123.0,83.0,67.48,124.0,48.0,38.71
831,47179061601,96.0,26.0,27.08,93.0,40.0,43.01,92.0,34.0,36.96
832,47179061702,174.0,75.0,43.1,142.0,85.0,59.86,143.0,72.0,50.35
833,47179060501,138.0,58.0,42.03,111.0,63.0,56.76,112.0,55.0,49.11
834,47179061701,111.0,30.0,27.03,109.0,49.0,44.95,109.0,43.0,39.45
835,47179061401,142.0,8.0,5.63,146.0,34.0,23.29,144.0,45.0,31.25
836,47179061902,196.0,56.0,28.57,177.0,69.0,38.98,179.0,51.0,28.49
837,47179062000,140.0,45.0,32.14,130.0,40.0,30.77,144.0,127.0,88.19
838,47183968101,,,,,,,158.0,100.0,63.29
839,47157000700,68.0,2.0,2.94,66.0,35.0,53.03,65.0,43.0,66.15
840,47157000800,,,,,,,50.0,20.0,40.0
841,47157000900,69.0,6.0,8.7,79.0,25.0,31.65,58.0,30.0,51.72
842,47107970102,181.0,5.0,2.76,198.0,34.0,17.17,302.0,40.0,13.25
843,47107970101,153.0,3.0,1.96,218.0,15.0,6.88,375.0,16.0,4.27
844,47107970401,98.0,1.0,1.02,99.0,40.0,40.4,121.0,67.0,55.37
845,47107970402,147.0,10.0,6.8,146.0,67.0,45.89,181.0,96.0,53.04
846,47161110700,,,,,,,191.0,1.0,0.52
847,47183968102,,,,,,,165.0,20.0,12.12
848,47183968201,,,,,,,295.0,46.0,15.59
849,47183968203,,,,130.0,62.0,47.69,130.0,113.0,86.92
850,47183968202,42.0,1.0,2.38,,,,41.0,24.0,58.54
851,47147080104,124.0,1.0,0.81,106.0,38.0,35.85,132.0,46.0,34.85
852,47147080604,49.0,3.0,6.12,51.0,19.0,37.25,51.0,35.0,68.63
853,47147080301,42.0,2.0,4.76,51.0,26.0,50.98,51.0,24.0,47.06
854,47147080606,77.0,6.0,7.79,83.0,64.0,77.11,84.0,71.0,84.52
855,47147080302,120.0,11.0,9.17,122.0,31.0,25.41,121.0,33.0,27.27
856,47147080603,82.0,13.0,15.85,85.0,42.0,49.41,85.0,46.0,54.12
857,47147080103,98.0,8.0,8.16,103.0,65.0,63.11,103.0,70.0,67.96
858,47147080605,45.0,3.0,6.67,41.0,24.0,58.54,43.0,26.0,60.47
859,47013951000,55.0,3.0,5.45,50.0,21.0,42.0,100.0,21.0,21.0
860,47037017902,46.0,3.0,6.52,43.0,39.0,90.7,43.0,39.0,90.7
861,47013950500,172.0,12.0,6.98,179.0,131.0,73.18,234.0,137.0,58.55
862,47013951100,107.0,2.0,1.87,105.0,49.0,46.67,198.0,55.0,27.78
863,47013950200,,,,154.0,1.0,0.65,154.0,4.0,2.6
864,47013950700,142.0,2.0,1.41,149.0,20.0,13.42,163.0,100.0,61.35
865,47013950400,194.0,7.0,3.61,224.0,35.0,15.62,441.0,38.0,8.62
866,47013950600,155.0,1.0,0.65,161.0,22.0,13.66,179.0,110.0,61.45
867,47013950100,,,,84.0,1.0,1.19,321.0,1.0,0.31
868,47027955000,,,,239.0,1.0,0.42,402.0,1.0,0.25
869,47013950800,79.0,6.0,7.59,78.0,30.0,38.46,160.0,30.0,18.75
870,47013950900,68.0,4.0,5.88,75.0,28.0,37.33,121.0,29.0,23.97
871,47013950300,,,,,,,,,
872,47027955100,115.0,6.0,5.22,146.0,7.0,4.79,168.0,8.0,4.76
873,47051960400,315.0,34.0,10.79,419.0,198.0,47.26,419.0,292.0,69.69
874,47051960600,236.0,2.0,0.85,413.0,15.0,3.63,422.0,178.0,42.18
875,47051960500,156.0,5.0,3.21,197.0,46.0,23.35,197.0,141.0,71.57
876,47051960100,152.0,5.0,3.29,394.0,30.0,7.61,394.0,105.0,26.65
877,47051960300,57.0,4.0,7.02,197.0,24.0,12.18,195.0,52.0,26.67
878,47051960700,,,,,,,185.0,37.0,20.0
879,47051960800,,,,245.0,21.0,8.57,235.0,59.0,25.11
880,47059090300,237.0,154.0,64.98,237.0,169.0,71.31,182.0,60.0,32.97
881,47059090700,195.0,137.0,70.26,195.0,122.0,62.56,133.0,13.0,9.77
882,47059090500,303.0,217.0,71.62,303.0,233.0,76.9,246.0,55.0,22.36
883,47059091100,235.0,118.0,50.21,235.0,138.0,58.72,162.0,27.0,16.67
884,47059090900,301.0,167.0,55.48,301.0,187.0,62.13,200.0,44.0,22.0
885,47059091000,378.0,245.0,64.81,378.0,268.0,70.9,278.0,38.0,13.67
886,47059090400,191.0,147.0,76.96,191.0,155.0,81.15,160.0,63.0,39.38
887,47059090800,262.0,180.0,68.7,262.0,210.0,80.15,219.0,25.0,11.42
888,47059090200,167.0,88.0,52.69,167.0,100.0,59.88,110.0,38.0,34.55
889,47059091300,327.0,169.0,51.68,327.0,203.0,62.08,235.0,15.0,6.38
890,47059091200,303.0,159.0,52.48,303.0,187.0,61.72,224.0,3.0,1.34
891,47059091400,339.0,166.0,48.97,339.0,186.0,54.87,208.0,8.0,3.85
892,47059091500,275.0,111.0,40.36,275.0,131.0,47.64,157.0,9.0,5.73
893,47059090600,198.0,129.0,65.15,198.0,143.0,72.22,153.0,30.0,19.61
894,47059090100,457.0,268.0,58.64,457.0,279.0,61.05,302.0,55.0,18.21
895,47083120200,,,,,,,190.0,102.0,53.68
896,47083120100,,,,,,,261.0,22.0,8.43
897,47083120300,,,,342.0,1.0,0.29,342.0,75.0,21.93
898,47157020512,67.0,6.0,8.96,87.0,48.0,55.17,63.0,49.0,77.78
899,47157021351,77.0,5.0,6.49,131.0,66.0,50.38,78.0,66.0,84.62
900,47157020642,108.0,4.0,3.7,117.0,94.0,80.34,107.0,95.0,88.79
901,47157021540,137.0,2.0,1.46,164.0,97.0,59.15,108.0,98.0,90.74
902,47157005500,,,,70.0,2.0,2.86,70.0,2.0,2.86
903,47037010201,54.0,5.0,9.26,54.0,45.0,83.33,58.0,44.0,75.86
904,47095960200,,,,,,,205.0,111.0,54.15
905,47095960100,,,,152.0,1.0,0.66,287.0,175.0,60.98
906,47087960400,,,,,,,,,
907,47087960200,71.0,1.0,1.41,70.0,2.0,2.86,94.0,3.0,3.19
908,47087960100,87.0,1.0,1.15,86.0,4.0,4.65,136.0,6.0,4.41
909,47087960300,,,,,,,252.0,2.0,0.79
910,47037015627,22.0,1.0,4.55,21.0,15.0,71.43,21.0,15.0,71.43
911,47037015623,41.0,7.0,17.07,39.0,30.0,76.92,40.0,31.0,77.5
912,47037980100,,,,22.0,1.0,4.55,33.0,1.0,3.03
913,47037019116,19.0,5.0,26.32,19.0,18.0,94.74,19.0,18.0,94.74
914,47037019115,28.0,5.0,17.86,27.0,25.0,92.59,27.0,26.0,96.3
915,47037019005,,,,14.0,13.0,92.86,14.0,14.0,100.0
916,47037019600,91.0,7.0,7.69,95.0,21.0,22.11,95.0,22.0,23.16
917,47037019300,83.0,1.0,1.2,82.0,15.0,18.29,86.0,17.0,19.77
918,47009011002,78.0,12.0,15.38,78.0,51.0,65.38,78.0,53.0,67.95
919,47009010301,243.0,27.0,11.11,244.0,104.0,42.62,252.0,113.0,44.84
920,47009010302,374.0,29.0,7.75,376.0,165.0,43.88,377.0,166.0,44.03
921,47009011001,134.0,20.0,14.93,135.0,98.0,72.59,135.0,106.0,78.52
922,47009011301,139.0,15.0,10.79,140.0,91.0,65.0,140.0,135.0,96.43
923,47009011302,104.0,3.0,2.88,139.0,55.0,39.57,142.0,91.0,64.08
924,47009011401,99.0,3.0,3.03,116.0,14.0,12.07,186.0,14.0,7.53
925,47009011604,124.0,17.0,13.71,122.0,56.0,45.9,144.0,64.0,44.44
926,47009011402,182.0,9.0,4.95,199.0,87.0,43.72,271.0,86.0,31.73
927,47009011503,173.0,17.0,9.83,175.0,104.0,59.43,189.0,106.0,56.08
928,47009011603,179.0,14.0,7.82,202.0,58.0,28.71,242.0,58.0,23.97
929,47009011605,88.0,8.0,9.09,89.0,23.0,25.84,119.0,23.0,19.33
930,47009980200,,,,,,,,,
931,47009011501,52.0,3.0,5.77,140.0,10.0,7.14,177.0,10.0,5.65
932,47031971000,217.0,18.0,8.29,222.0,153.0,68.92,222.0,213.0,95.95
933,47103975601,101.0,17.0,16.83,119.0,50.0,42.02,119.0,88.0,73.95
934,47103975602,78.0,6.0,7.69,136.0,34.0,25.0,136.0,77.0,56.62
935,47031970100,149.0,8.0,5.37,187.0,36.0,19.25,141.0,43.0,30.5
936,47031970600,245.0,13.0,5.31,248.0,55.0,22.18,245.0,91.0,37.14
937,47031970700,,,,225.0,1.0,0.44,218.0,115.0,52.75
938,47031970300,,,,,,,60.0,7.0,11.67
939,47031970200,217.0,3.0,1.38,219.0,51.0,23.29,219.0,72.0,32.88
940,47031970400,244.0,10.0,4.1,258.0,45.0,17.44,284.0,89.0,31.34
941,47031970900,208.0,5.0,2.4,209.0,119.0,56.94,209.0,185.0,88.52
942,47149040807,49.0,3.0,6.12,56.0,43.0,76.79,51.0,46.0,90.2
943,47051960202,353.0,125.0,35.41,466.0,169.0,36.27,478.0,301.0,62.97
944,47051960201,215.0,31.0,14.42,254.0,96.0,37.8,254.0,195.0,76.77
945,47189030305,60.0,55.0,91.67,60.0,57.0,95.0,60.0,57.0,95.0
946,47189030101,203.0,10.0,4.93,204.0,110.0,53.92,208.0,116.0,55.77
947,47189030303,30.0,29.0,96.67,30.0,30.0,100.0,30.0,30.0,100.0
948,47081950302,332.0,5.0,1.51,266.0,23.0,8.65,313.0,227.0,72.52
949,47081950301,,,,188.0,29.0,15.43,182.0,98.0,53.85
950,47189030102,185.0,7.0,3.78,192.0,47.0,24.48,205.0,43.0,20.98
951,47189030307,113.0,82.0,72.57,117.0,93.0,79.49,113.0,95.0,84.07
952,47189030800,313.0,15.0,4.79,317.0,85.0,26.81,333.0,92.0,27.63
953,47149040104,48.0,32.0,66.67,49.0,44.0,89.8,49.0,45.0,91.84
954,47149040101,32.0,2.0,6.25,32.0,31.0,96.88,32.0,32.0,100.0
955,47149040103,68.0,66.0,97.06,71.0,67.0,94.37,73.0,68.0,93.15
956,47149040306,43.0,2.0,4.65,72.0,42.0,58.33,72.0,42.0,58.33
957,47149042300,116.0,13.0,11.21,133.0,95.0,71.43,119.0,93.0,78.15
958,47149041301,73.0,2.0,2.74,73.0,68.0,93.15,73.0,73.0,100.0
959,47149041101,131.0,23.0,17.56,141.0,117.0,82.98,139.0,119.0,85.61
960,47149040702,142.0,9.0,6.34,170.0,96.0,56.47,156.0,87.0,55.77
961,47149040810,105.0,1.0,0.95,101.0,9.0,8.91,104.0,10.0,9.62
962,47149040701,144.0,28.0,19.44,184.0,117.0,63.59,164.0,111.0,67.68
963,47149040905,96.0,17.0,17.71,155.0,109.0,70.32,144.0,107.0,74.31
964,47149040901,91.0,4.0,4.4,108.0,53.0,49.07,97.0,47.0,48.45
965,47157020521,,,,48.0,24.0,50.0,30.0,24.0,80.0
966,47157008200,47.0,2.0,4.26,55.0,25.0,45.45,46.0,36.0,78.26
967,47157010220,90.0,2.0,2.22,93.0,28.0,30.11,85.0,31.0,36.47
968,47157020221,,,,62.0,11.0,17.74,48.0,10.0,20.83
969,47157021353,108.0,3.0,2.78,150.0,84.0,56.0,104.0,88.0,84.62
970,47157021020,64.0,4.0,6.25,79.0,56.0,70.89,65.0,57.0,87.69
971,47157021200,11.0,1.0,9.09,25.0,2.0,8.0,10.0,1.0,10.0
972,47157021342,161.0,3.0,1.86,149.0,68.0,45.64,139.0,73.0,52.52
973,47157021710,32.0,2.0,6.25,21.0,8.0,38.1,21.0,8.0,38.1
974,47157021745,67.0,1.0,1.49,67.0,63.0,94.03,67.0,63.0,94.03
975,47157022210,59.0,4.0,6.78,60.0,46.0,76.67,62.0,48.0,77.42
976,47061955200,,,,,,,240.0,41.0,17.08
977,47061955300,373.0,2.0,0.54,373.0,2.0,0.54,376.0,115.0,30.59
978,47061955000,184.0,69.0,37.5,184.0,69.0,37.5,210.0,79.0,37.62
979,47061955100,159.0,78.0,49.06,162.0,78.0,48.15,184.0,29.0,15.76
980,47099960800,218.0,1.0,0.46,221.0,4.0,1.81,222.0,85.0,38.29
981,47099960900,,,,,,,225.0,8.0,3.56
982,47099960300,,,,297.0,18.0,6.06,298.0,130.0,43.62
983,47099960200,,,,,,,125.0,43.0,34.4
984,47163043202,268.0,218.0,81.34,268.0,221.0,82.46,268.0,222.0,82.84
985,47099960700,,,,,,,238.0,104.0,43.7
986,47099960100,,,,228.0,84.0,36.84,228.0,125.0,54.82
987,47099960600,,,,,,,301.0,1.0,0.33
988,47163043402,146.0,143.0,97.95,146.0,145.0,99.32,146.0,145.0,99.32
989,47163043401,170.0,166.0,97.65,170.0,166.0,97.65,170.0,165.0,97.06
990,47163043301,131.0,127.0,96.95,131.0,127.0,96.95,131.0,127.0,96.95
991,47163043500,187.0,172.0,91.98,187.0,174.0,93.05,187.0,177.0,94.65
992,47163040500,127.0,13.0,10.24,127.0,127.0,100.0,127.0,127.0,100.0
993,47147080200,180.0,1.0,0.56,154.0,4.0,2.6,215.0,5.0,2.33
994,47041920200,264.0,5.0,1.89,264.0,223.0,84.47,264.0,228.0,86.36
995,47041920300,364.0,5.0,1.37,343.0,154.0,44.9,366.0,154.0,42.08
996,47163040300,65.0,4.0,6.15,65.0,64.0,98.46,65.0,64.0,98.46
997,47163042500,95.0,93.0,97.89,95.0,94.0,98.95,95.0,94.0,98.95
998,47163042200,144.0,138.0,95.83,144.0,142.0,98.61,144.0,142.0,98.61
999,47163042701,170.0,170.0,100.0,170.0,170.0,100.0,170.0,170.0,100.0
1000,47163043100,233.0,105.0,45.06,233.0,121.0,51.93,233.0,118.0,50.64
1001,47163042702,93.0,93.0,100.0,93.0,93.0,100.0,93.0,93.0,100.0
1002,47163042000,65.0,13.0,20.0,66.0,65.0,98.48,66.0,65.0,98.48
1003,47163041200,207.0,11.0,5.31,213.0,203.0,95.31,213.0,204.0,95.77
1004,47163040700,87.0,21.0,24.14,87.0,87.0,100.0,87.0,87.0,100.0
1005,47163042802,136.0,136.0,100.0,136.0,136.0,100.0,136.0,136.0,100.0
1006,47163041400,222.0,51.0,22.97,239.0,213.0,89.12,239.0,212.0,88.7
1007,47163041700,130.0,18.0,13.85,133.0,131.0,98.5,133.0,131.0,98.5
1008,47163040800,139.0,19.0,13.67,139.0,139.0,100.0,139.0,139.0,100.0
1009,47163041900,59.0,6.0,10.17,59.0,59.0,100.0,59.0,59.0,100.0
1010,47163041000,119.0,8.0,6.72,120.0,117.0,97.5,120.0,117.0,97.5
1011,47163040600,133.0,49.0,36.84,133.0,133.0,100.0,133.0,133.0,100.0
1012,47133950500,,,,182.0,4.0,2.2,239.0,5.0,2.09
1013,47163041100,88.0,8.0,9.09,88.0,88.0,100.0,88.0,88.0,100.0
1014,47163043600,127.0,75.0,59.06,150.0,129.0,86.0,150.0,127.0,84.67
1015,47163041300,149.0,20.0,13.42,156.0,146.0,93.59,156.0,146.0,93.59
1016,47133950400,76.0,1.0,1.32,79.0,1.0,1.27,107.0,1.0,0.93
1017,47133950100,,,,,,,126.0,1.0,0.79
1018,47133950600,,,,,,,110.0,1.0,0.91
1019,47133950200,,,,78.0,2.0,2.56,113.0,2.0,1.77
1020,47077975500,,,,,,,254.0,17.0,6.69
1021,47037013400,239.0,59.0,24.69,236.0,204.0,86.44,236.0,205.0,86.86
1022,47037017000,102.0,32.0,31.37,102.0,91.0,89.22,102.0,91.0,89.22
1023,47173040100,242.0,13.0,5.37,220.0,107.0,48.64,377.0,112.0,29.71
1024,47173040201,118.0,3.0,2.54,114.0,33.0,28.95,167.0,37.0,22.16
1025,47173040300,,,,,,,,,
1026,47173040202,181.0,3.0,1.66,158.0,44.0,27.85,285.0,50.0,17.54
1027,47187050906,67.0,5.0,7.46,59.0,49.0,83.05,58.0,50.0,86.21
1028,47127930100,85.0,8.0,9.41,241.0,22.0,9.13,221.0,50.0,22.62
1029,47001020600,,,,44.0,44.0,100.0,44.0,44.0,100.0
1030,47037010302,50.0,4.0,8.0,48.0,21.0,43.75,49.0,24.0,48.98
1031,47037010601,41.0,7.0,17.07,44.0,39.0,88.64,43.0,39.0,90.7
1032,47037015624,18.0,1.0,5.56,19.0,17.0,89.47,22.0,17.0,77.27
1033,47037015625,30.0,2.0,6.67,27.0,26.0,96.3,27.0,26.0,96.3
1034,47073050800,172.0,1.0,0.58,,,,188.0,1.0,0.53
1035,47073050200,,,,,,,121.0,10.0,8.26
1036,47073050301,,,,218.0,1.0,0.46,218.0,101.0,46.33
1037,47077975000,210.0,18.0,8.57,277.0,22.0,7.94,221.0,60.0,27.15
1038,47077975300,295.0,2.0,0.68,305.0,1.0,0.33,292.0,25.0,8.56
1039,47077975400,258.0,2.0,0.78,297.0,4.0,1.35,261.0,114.0,43.68
1040,47077975100,152.0,2.0,1.32,,,,201.0,1.0,0.5
1041,47077975200,204.0,9.0,4.41,,,,234.0,4.0,1.71
1042,47189030401,44.0,2.0,4.55,44.0,34.0,77.27,44.0,40.0,90.91
1043,47189030204,165.0,36.0,21.82,171.0,106.0,61.99,171.0,114.0,66.67
1044,47189030203,93.0,52.0,55.91,93.0,68.0,73.12,94.0,69.0,73.4
1045,47189030402,103.0,3.0,2.91,103.0,25.0,24.27,103.0,31.0,30.1
1046,47189030904,189.0,4.0,2.12,188.0,25.0,13.3,202.0,32.0,15.84
1047,47189030903,169.0,38.0,22.49,179.0,90.0,50.28,174.0,91.0,52.3
1048,47037014400,102.0,2.0,1.96,104.0,24.0,23.08,102.0,30.0,29.41
1049,47111970200,163.0,41.0,25.15,221.0,52.0,23.53,221.0,54.0,24.43
1050,47111970400,102.0,1.0,0.98,157.0,1.0,0.64,157.0,1.0,0.64
1051,47111970100,167.0,1.0,0.6,254.0,1.0,0.39,256.0,4.0,1.56
1052,47111970300,223.0,141.0,63.23,312.0,171.0,54.81,312.0,177.0,56.73
1053,47011011401,192.0,10.0,5.21,193.0,102.0,52.85,194.0,118.0,60.82
1054,47011011602,108.0,5.0,4.63,108.0,48.0,44.44,101.0,54.0,53.47
1055,47011011402,115.0,15.0,13.04,115.0,50.0,43.48,115.0,51.0,44.35
1056,47011011601,84.0,7.0,8.33,78.0,46.0,58.97,82.0,52.0,63.41
1057,47175925200,174.0,145.0,83.33,174.0,80.0,45.98,184.0,68.0,36.96
1058,47175925000,254.0,74.0,29.13,,,,275.0,4.0,1.45
1059,47093003300,40.0,1.0,2.5,40.0,10.0,25.0,48.0,10.0,20.83
1060,47093002100,45.0,1.0,2.22,44.0,18.0,40.91,63.0,29.0,46.03
1061,47093002600,63.0,6.0,9.52,77.0,33.0,42.86,77.0,34.0,44.16
1062,47093004100,61.0,56.0,91.8,61.0,58.0,95.08,63.0,58.0,92.06
1063,47093004800,102.0,58.0,56.86,109.0,65.0,59.63,119.0,66.0,55.46
1064,47093006202,41.0,35.0,85.37,41.0,39.0,95.12,46.0,40.0,86.96
1065,47037019004,31.0,2.0,6.45,32.0,31.0,96.88,32.0,31.0,96.88
1066,47037015404,32.0,2.0,6.25,34.0,26.0,76.47,34.0,27.0,79.41
1067,47037018801,91.0,4.0,4.4,87.0,79.0,90.8,93.0,80.0,86.02
1068,47037011001,49.0,3.0,6.12,53.0,45.0,84.91,53.0,48.0,90.57
1069,47037017200,94.0,19.0,20.21,90.0,65.0,72.22,102.0,65.0,63.73
1070,47037015700,27.0,1.0,3.7,31.0,23.0,74.19,30.0,23.0,76.67
1071,47037018202,20.0,2.0,10.0,20.0,16.0,80.0,21.0,18.0,85.71
1072,47037015900,67.0,1.0,1.49,91.0,9.0,9.89,67.0,9.0,13.43
1073,47037012702,,,,71.0,61.0,85.92,75.0,61.0,81.33
1074,47037019114,114.0,44.0,38.6,117.0,81.0,69.23,117.0,82.0,70.09
1075,47037010401,57.0,2.0,3.51,62.0,32.0,51.61,61.0,32.0,52.46
1076,47143975300,250.0,61.0,24.4,236.0,69.0,29.24,274.0,83.0,30.29
1077,47037017800,69.0,19.0,27.54,68.0,64.0,94.12,69.0,65.0,94.2
1078,47037019109,28.0,1.0,3.57,27.0,26.0,96.3,27.0,26.0,96.3
1079,47037017500,95.0,31.0,32.63,95.0,54.0,56.84,95.0,55.0,57.89
1080,47037015613,46.0,3.0,6.52,46.0,31.0,67.39,51.0,33.0,64.71
1081,47143975200,220.0,3.0,1.36,217.0,36.0,16.59,234.0,46.0,19.66
1082,47143975000,,,,219.0,22.0,10.05,395.0,48.0,12.15
1083,47143975100,149.0,1.0,0.67,169.0,20.0,11.83,394.0,26.0,6.6
1084,47093003801,52.0,27.0,51.92,55.0,40.0,72.73,65.0,42.0,64.62
1085,47011010800,110.0,5.0,4.55,110.0,14.0,12.73,110.0,87.0,79.09
1086,47011010400,115.0,4.0,3.48,115.0,14.0,12.17,115.0,84.0,73.04
1087,47037010301,39.0,5.0,12.82,41.0,35.0,85.37,41.0,33.0,80.49
1088,47037010402,63.0,9.0,14.29,64.0,35.0,54.69,64.0,37.0,57.81
1089,47037010802,52.0,3.0,5.77,52.0,50.0,96.15,52.0,51.0,98.08
1090,47037010904,,,,31.0,30.0,96.77,33.0,30.0,90.91
1091,47037011002,36.0,1.0,2.78,38.0,32.0,84.21,38.0,33.0,86.84
1092,47037011100,58.0,6.0,10.34,61.0,57.0,93.44,61.0,57.0,93.44
1093,47037015614,14.0,1.0,7.14,14.0,14.0,100.0,14.0,14.0,100.0
1094,47037017300,114.0,40.0,35.09,116.0,94.0,81.03,121.0,103.0,85.12
1095,47189030308,41.0,36.0,87.8,40.0,37.0,92.5,40.0,37.0,92.5
1096,47037015622,25.0,1.0,4.0,25.0,21.0,84.0,25.0,22.0,88.0
1097,47037019006,,,,29.0,25.0,86.21,33.0,26.0,78.79
1098,47037019117,29.0,19.0,65.52,30.0,20.0,66.67,29.0,18.0,62.07
1099,47037018803,30.0,5.0,16.67,29.0,27.0,93.1,29.0,27.0,93.1
1100,47031970500,155.0,9.0,5.81,156.0,71.0,45.51,155.0,93.0,60.0
1101,47157020622,66.0,2.0,3.03,67.0,46.0,68.66,63.0,45.0,71.43
1102,47157020632,84.0,3.0,3.57,98.0,69.0,70.41,87.0,76.0,87.36
1103,47157020651,99.0,3.0,3.03,109.0,90.0,82.57,95.0,91.0,95.79
1104,47019071200,202.0,48.0,23.76,204.0,53.0,25.98,204.0,31.0,15.2
1105,47019071400,120.0,69.0,57.5,124.0,78.0,62.9,,,
1106,47019071700,191.0,71.0,37.17,191.0,81.0,42.41,191.0,49.0,25.65
1107,47019070600,49.0,25.0,51.02,50.0,26.0,52.0,51.0,16.0,31.37
1108,47155081101,,,,198.0,93.0,46.97,206.0,96.0,46.6
1109,47155081102,271.0,25.0,9.23,273.0,39.0,14.29,282.0,39.0,13.83
1110,47157022322,64.0,6.0,9.38,64.0,62.0,96.88,64.0,62.0,96.88
1111,47037017702,43.0,12.0,27.91,44.0,41.0,93.18,44.0,41.0,93.18
1112,47037017701,36.0,1.0,2.78,35.0,32.0,91.43,39.0,35.0,89.74
1113,47037018804,29.0,3.0,10.34,29.0,28.0,96.55,29.0,29.0,100.0
1114,47037019118,16.0,4.0,25.0,17.0,15.0,88.24,16.0,16.0,100.0
1115,47017962201,179.0,1.0,0.56,208.0,1.0,0.48,174.0,17.0,9.77
1116,47017962202,154.0,1.0,0.65,,,,155.0,23.0,14.84
1117,47017980100,,,,,,,,,
1118,47099960402,178.0,17.0,9.55,185.0,127.0,68.65,186.0,164.0,88.17
1119,47099960502,161.0,9.0,5.59,202.0,89.0,44.06,202.0,139.0,68.81
1120,47099960501,199.0,3.0,1.51,207.0,163.0,78.74,207.0,187.0,90.34
1121,47099960401,251.0,13.0,5.18,253.0,218.0,86.17,253.0,241.0,95.26
1122,47003950402,249.0,18.0,7.23,249.0,204.0,81.93,244.0,200.0,81.97
1123,47003950401,173.0,8.0,4.62,171.0,145.0,84.8,166.0,122.0,73.49
1124,47125102004,38.0,4.0,10.53,38.0,30.0,78.95,38.0,30.0,78.95
1125,47125101803,98.0,8.0,8.16,98.0,57.0,58.16,98.0,57.0,58.16
1126,47157020652,65.0,1.0,1.54,67.0,59.0,88.06,63.0,59.0,93.65
1127,47157021111,59.0,2.0,3.39,87.0,33.0,37.93,63.0,32.0,50.79
1128,47157021112,66.0,3.0,4.55,79.0,50.0,63.29,57.0,50.0,87.72
1129,47157021113,68.0,2.0,2.94,95.0,28.0,29.47,81.0,46.0,56.79
1130,47065012000,84.0,76.0,90.48,87.0,77.0,88.51,87.0,77.0,88.51
1131,47157022330,60.0,2.0,3.33,60.0,51.0,85.0,60.0,51.0,85.0
1132,47157006300,48.0,3.0,6.25,52.0,29.0,55.77,47.0,29.0,61.7
1133,47157021122,51.0,4.0,7.84,59.0,36.0,61.02,48.0,35.0,72.92
1134,47157005000,,,,,,,29.0,2.0,6.9
1135,47157021136,76.0,8.0,10.53,85.0,60.0,70.59,68.0,60.0,88.24
1136,47157021137,107.0,8.0,7.48,124.0,85.0,68.55,102.0,87.0,85.29
1137,47157021530,52.0,6.0,11.54,50.0,37.0,74.0,48.0,41.0,85.42
1138,47157021611,75.0,3.0,4.0,80.0,64.0,80.0,72.0,65.0,90.28
1139,47177930100,154.0,125.0,81.17,,,,156.0,43.0,27.56
1140,47177930300,112.0,103.0,91.96,,,,115.0,12.0,10.43
1141,47177930500,155.0,133.0,85.81,155.0,77.0,49.68,154.0,95.0,61.69
1142,47177930800,312.0,257.0,82.37,312.0,5.0,1.6,329.0,93.0,28.27
1143,47177930200,315.0,282.0,89.52,311.0,3.0,0.96,326.0,66.0,20.25
1144,47177930400,133.0,110.0,82.71,,,,133.0,95.0,71.43
1145,47177930900,69.0,68.0,98.55,,,,75.0,5.0,6.67
1146,47177930700,130.0,108.0,83.08,130.0,1.0,0.77,129.0,97.0,75.19
1147,47177930600,146.0,114.0,78.08,,,,146.0,85.0,58.22
1148,47155080700,254.0,9.0,3.54,235.0,36.0,15.32,519.0,52.0,10.02
1149,47079969600,411.0,17.0,4.14,509.0,86.0,16.9,451.0,98.0,21.73
1150,47131965400,,,,,,,431.0,26.0,6.03
1151,47157004300,52.0,4.0,7.69,49.0,16.0,32.65,50.0,16.0,32.0
1152,47131965800,,,,,,,,,
1153,47131965300,,,,,,,290.0,61.0,21.03
1154,47131965700,,,,157.0,6.0,3.82,157.0,45.0,28.66
1155,47131965600,196.0,2.0,1.02,206.0,5.0,2.43,206.0,15.0,7.28
1156,47131965200,,,,,,,98.0,1.0,1.02
1157,47131965900,188.0,21.0,11.17,196.0,20.0,10.2,189.0,39.0,20.63
1158,47131965000,,,,,,,235.0,21.0,8.94
1159,47131965100,,,,,,,160.0,3.0,1.88
1160,47131965500,,,,272.0,46.0,16.91,272.0,90.0,33.09
1161,47019070200,155.0,27.0,17.42,155.0,60.0,38.71,155.0,39.0,25.16
1162,47065011700,60.0,57.0,95.0,75.0,56.0,74.67,75.0,56.0,74.67
1163,47157009901,,,,70.0,6.0,8.57,71.0,7.0,9.86
1164,47157020644,106.0,4.0,3.77,125.0,97.0,77.6,102.0,97.0,95.1
1165,47157020643,76.0,3.0,3.95,102.0,66.0,64.71,69.0,67.0,97.1
1166,47157021334,34.0,2.0,5.88,33.0,23.0,69.7,34.0,23.0,67.65
1167,47157021333,37.0,3.0,8.11,37.0,30.0,81.08,35.0,31.0,88.57
1168,47157021139,36.0,1.0,2.78,46.0,28.0,60.87,34.0,28.0,82.35
1169,47157022500,113.0,2.0,1.77,104.0,42.0,40.38,105.0,45.0,42.86
1170,47157020531,66.0,3.0,4.55,79.0,44.0,55.7,61.0,43.0,70.49
1171,47157020532,83.0,5.0,6.02,93.0,57.0,61.29,81.0,58.0,71.6
1172,47157020832,112.0,10.0,8.93,142.0,91.0,64.08,119.0,96.0,80.67
1173,47157021142,57.0,3.0,5.26,121.0,31.0,25.62,46.0,30.0,65.22
1174,47157011700,,,,,,,,,
1175,47119010202,243.0,15.0,6.17,252.0,179.0,71.03,243.0,135.0,55.56
1176,47119010301,194.0,24.0,12.37,191.0,84.0,43.98,191.0,91.0,47.64
1177,47119011101,198.0,87.0,43.94,195.0,114.0,58.46,195.0,115.0,58.97
1178,47119011001,265.0,5.0,1.89,261.0,121.0,46.36,261.0,122.0,46.74
1179,47035970603,56.0,1.0,1.79,,,,72.0,4.0,5.56
1180,47035970702,,,,248.0,1.0,0.4,291.0,3.0,1.03
1181,47035970502,183.0,4.0,2.19,185.0,185.0,100.0,185.0,126.0,68.11
1182,47035970101,,,,,,,133.0,23.0,17.29
1183,47035970102,287.0,1.0,0.35,,,,366.0,30.0,8.2
1184,47035970602,234.0,1.0,0.43,237.0,2.0,0.84,252.0,64.0,25.4
1185,47035970601,139.0,3.0,2.16,151.0,151.0,100.0,151.0,54.0,35.76
1186,47035970301,,,,,,,204.0,3.0,1.47
1187,47035970302,,,,,,,237.0,1.0,0.42
1188,47035970701,,,,,,,117.0,26.0,22.22
1189,47035970501,133.0,2.0,1.5,133.0,3.0,2.26,137.0,32.0,23.36
1190,47153060102,,,,,,,,,
1191,47153060101,,,,345.0,2.0,0.58,345.0,7.0,2.03
1192,47145980100,,,,,,,,,
1193,47057500402,,,,,,,239.0,1.0,0.42
1194,47057500401,,,,,,,150.0,6.0,4.0
1195,47093000902,27.0,1.0,3.7,28.0,1.0,3.57,49.0,1.0,2.04
1196,47093004607,70.0,35.0,50.0,70.0,61.0,87.14,72.0,65.0,90.28
1197,47093004615,33.0,24.0,72.73,32.0,29.0,90.62,35.0,29.0,82.86
1198,47093003901,43.0,42.0,97.67,43.0,41.0,95.35,47.0,41.0,87.23
1199,47093005302,83.0,4.0,4.82,70.0,16.0,22.86,126.0,14.0,11.11
1200,47093005502,54.0,4.0,7.41,62.0,36.0,58.06,77.0,44.0,57.14
1201,47093005603,73.0,9.0,12.33,81.0,50.0,61.73,81.0,72.0,88.89
1202,47093004404,59.0,19.0,32.2,58.0,35.0,60.34,67.0,37.0,55.22
1203,47093005301,97.0,10.0,10.31,105.0,54.0,51.43,138.0,55.0,39.86
1204,47093006502,72.0,4.0,5.56,76.0,36.0,47.37,105.0,37.0,35.24
1205,47093004613,35.0,28.0,80.0,39.0,33.0,84.62,42.0,32.0,76.19
1206,47093006002,48.0,2.0,4.17,48.0,22.0,45.83,51.0,31.0,60.78
1207,47093004610,52.0,21.0,40.38,56.0,34.0,60.71,67.0,36.0,53.73
1208,47157020900,133.0,4.0,3.01,177.0,109.0,61.58,143.0,114.0,79.72
1209,47093006401,40.0,22.0,55.0,39.0,37.0,94.87,41.0,37.0,90.24
1210,47093006600,132.0,7.0,5.3,131.0,9.0,6.87,152.0,21.0,13.82
1211,47093006800,67.0,4.0,5.97,65.0,7.0,10.77,94.0,9.0,9.57
1212,47133950302,142.0,48.0,33.8,139.0,56.0,40.29,185.0,59.0,31.89
1213,47133950301,194.0,135.0,69.59,192.0,136.0,70.83,219.0,145.0,66.21
1214,47157021121,,,,121.0,49.0,40.5,71.0,50.0,70.42
1215,47157010300,,,,13.0,1.0,7.69,14.0,1.0,7.14
1216,47157020700,,,,54.0,2.0,3.7,37.0,11.0,29.73
1217,47157021010,201.0,8.0,3.98,220.0,171.0,77.73,201.0,175.0,87.06
1218,47157021510,79.0,2.0,2.53,76.0,57.0,75.0,81.0,60.0,74.07
1219,47157020621,90.0,4.0,4.44,113.0,68.0,60.18,81.0,69.0,85.19
1220,47157021744,55.0,1.0,1.82,55.0,54.0,98.18,55.0,54.0,98.18
1221,47003950700,172.0,1.0,0.58,220.0,62.0,28.18,249.0,85.0,34.14
1222,47157010500,37.0,1.0,2.7,34.0,7.0,20.59,34.0,7.0,20.59
1223,47157004500,26.0,3.0,11.54,24.0,4.0,16.67,24.0,4.0,16.67
1224,47157980300,,,,,,,,,
1225,47157021724,,,,41.0,18.0,43.9,40.0,18.0,45.0
1226,47157980100,46.0,1.0,2.17,43.0,2.0,4.65,39.0,2.0,5.13
1227,47065011900,34.0,28.0,82.35,37.0,28.0,75.68,37.0,29.0,78.38
1228,47003950600,233.0,15.0,6.44,233.0,216.0,92.7,230.0,192.0,83.48
1229,47003950100,201.0,3.0,1.49,234.0,89.0,38.03,244.0,99.0,40.57
1230,47003950300,198.0,5.0,2.53,185.0,75.0,40.54,195.0,58.0,29.74
1231,47003950500,229.0,23.0,10.04,227.0,210.0,92.51,229.0,167.0,72.93
1232,47003950800,243.0,9.0,3.7,265.0,24.0,9.06,262.0,71.0,27.1
1233,47003950200,,,,318.0,148.0,46.54,316.0,149.0,47.15
1234,47065011326,40.0,36.0,90.0,38.0,37.0,97.37,37.0,37.0,100.0
1235,47123925502,,,,,,,411.0,28.0,6.81
1236,47123925501,,,,,,,219.0,7.0,3.2
1237,47119010700,139.0,96.0,69.06,139.0,102.0,73.38,139.0,115.0,82.73
1238,47141000303,75.0,1.0,1.33,,,,75.0,37.0,49.33
1239,47157004200,121.0,4.0,3.31,122.0,17.0,13.93,123.0,33.0,26.83
1240,47157004600,,,,46.0,9.0,19.57,46.0,9.0,19.57
1241,47107970300,136.0,24.0,17.65,136.0,73.0,53.68,164.0,92.0,56.1
1242,47107970500,193.0,66.0,34.2,202.0,108.0,53.47,280.0,114.0,40.71
1243,47107970800,212.0,1.0,0.47,245.0,4.0,1.63,457.0,7.0,1.53
1244,47107970200,217.0,7.0,3.23,213.0,88.0,41.31,312.0,138.0,44.23
1245,47107970700,,,,218.0,2.0,0.92,285.0,3.0,1.05
1246,47107970600,247.0,1.0,0.4,278.0,2.0,0.72,384.0,4.0,1.04
1247,47065010901,44.0,22.0,50.0,48.0,20.0,41.67,45.0,20.0,44.44
1248,47065010902,39.0,25.0,64.1,38.0,31.0,81.58,38.0,26.0,68.42
1249,47065010903,43.0,28.0,65.12,44.0,31.0,70.45,44.0,30.0,68.18
1250,47065011443,109.0,88.0,80.73,109.0,92.0,84.4,107.0,91.0,85.05
1251,47065010305,44.0,34.0,77.27,47.0,36.0,76.6,46.0,34.0,73.91
1252,47065010104,109.0,5.0,4.59,99.0,35.0,35.35,122.0,46.0,37.7
1253,47065011002,140.0,112.0,80.0,140.0,117.0,83.57,137.0,120.0,87.59
1254,47065010103,85.0,19.0,22.35,84.0,48.0,57.14,84.0,52.0,61.9
1255,47065010303,45.0,36.0,80.0,44.0,41.0,93.18,44.0,40.0,90.91
1256,47065011001,72.0,32.0,44.44,75.0,32.0,42.67,77.0,34.0,44.16
1257,47065010435,76.0,62.0,81.58,76.0,63.0,82.89,74.0,62.0,83.78
1258,47065011325,65.0,57.0,87.69,64.0,57.0,89.06,63.0,57.0,90.48
1259,47119010900,162.0,7.0,4.32,150.0,24.0,16.0,151.0,32.0,21.19
1260,47119010400,305.0,132.0,43.28,305.0,167.0,54.75,307.0,162.0,52.77
1261,47119010500,226.0,93.0,41.15,225.0,112.0,49.78,225.0,145.0,64.44
1262,47119011200,380.0,6.0,1.58,320.0,50.0,15.62,307.0,62.0,20.2
1263,47119010600,192.0,107.0,55.73,192.0,126.0,65.62,192.0,142.0,73.96
1264,47085130400,,,,,,,144.0,1.0,0.69
1265,47119010100,139.0,3.0,2.16,181.0,17.0,9.39,196.0,23.0,11.73
1266,47067960500,,,,175.0,1.0,0.57,74.0,1.0,1.35
1267,47067960600,117.0,2.0,1.71,181.0,7.0,3.87,186.0,30.0,16.13
1268,47085130200,,,,62.0,1.0,1.61,98.0,8.0,8.16
1269,47085130500,,,,,,,240.0,91.0,37.92
1270,47085130300,,,,231.0,5.0,2.16,327.0,176.0,53.82
1271,47085130100,,,,,,,259.0,110.0,42.47
1272,47141000600,230.0,7.0,3.04,231.0,2.0,0.87,232.0,97.0,41.81
1273,47141000301,,,,,,,116.0,34.0,29.31
1274,47141001100,355.0,158.0,44.51,356.0,150.0,42.13,375.0,177.0,47.2
1275,47141000200,354.0,4.0,1.13,,,,380.0,138.0,36.32
1276,47141000800,235.0,2.0,0.85,,,,235.0,113.0,48.09
1277,47141000900,246.0,28.0,11.38,246.0,29.0,11.79,249.0,57.0,22.89
1278,47141000700,216.0,7.0,3.24,216.0,3.0,1.39,216.0,65.0,30.09
1279,47141000100,385.0,1.0,0.26,,,,436.0,130.0,29.82
1280,47141001300,,,,,,,98.0,8.0,8.16
1281,47141001000,189.0,15.0,7.94,198.0,15.0,7.58,256.0,16.0,6.25
1282,47141001200,295.0,65.0,22.03,294.0,63.0,21.43,304.0,135.0,44.41
1283,47141000500,104.0,2.0,1.92,,,,104.0,63.0,60.58
1284,47141000400,134.0,2.0,1.49,,,,135.0,65.0,48.15
1285,47157021613,46.0,5.0,10.87,47.0,45.0,95.74,47.0,45.0,95.74
1286,47157007300,,,,42.0,16.0,38.1,33.0,18.0,54.55
1287,47157021320,80.0,5.0,6.25,101.0,49.0,48.51,70.0,48.0,68.57
1288,47157020222,,,,,,,,,
1289,47157022410,95.0,5.0,5.26,98.0,80.0,81.63,98.0,81.0,82.65
1290,47157005300,113.0,5.0,4.42,108.0,38.0,35.19,109.0,41.0,37.61
1291,47157008500,55.0,2.0,3.64,67.0,36.0,53.73,56.0,40.0,71.43
1292,47157020810,,,,91.0,3.0,3.3,52.0,16.0,30.77
1293,47157021520,202.0,11.0,5.45,188.0,123.0,65.43,189.0,126.0,66.67
1294,47157005700,91.0,5.0,5.49,89.0,41.0,46.07,88.0,41.0,46.59
1295,47157020300,,,,140.0,13.0,9.29,,,
1296,47157020820,116.0,7.0,6.03,174.0,86.0,49.43,123.0,88.0,71.54
1297,47157021135,94.0,9.0,9.57,107.0,72.0,67.29,93.0,76.0,81.72
1298,47157009200,121.0,8.0,6.61,151.0,110.0,72.85,122.0,109.0,89.34
1299,47157021138,35.0,3.0,8.57,40.0,26.0,65.0,32.0,26.0,81.25
1300,47157003300,41.0,3.0,7.32,34.0,25.0,73.53,33.0,31.0,93.94
1301,47157000600,61.0,2.0,3.28,61.0,1.0,1.64,61.0,2.0,3.28
1302,47157021331,,,,69.0,47.0,68.12,54.0,47.0,87.04
1303,47157021352,65.0,5.0,7.69,80.0,62.0,77.5,63.0,62.0,98.41
1304,47069950300,137.0,1.0,0.73,,,,154.0,21.0,13.64
1305,47157021410,41.0,3.0,7.32,53.0,32.0,60.38,40.0,33.0,82.5
1306,47157022130,71.0,4.0,5.63,70.0,62.0,88.57,70.0,63.0,90.0
1307,47157020210,,,,137.0,6.0,4.38,,,
1308,47157010120,76.0,1.0,1.32,75.0,10.0,13.33,75.0,11.0,14.67
1309,47157020610,,,,86.0,33.0,38.37,58.0,33.0,56.9
1310,47019070900,106.0,48.0,45.28,106.0,51.0,48.11,106.0,36.0,33.96
1311,47161110200,,,,168.0,1.0,0.6,166.0,2.0,1.2
1312,47161980200,,,,,,,,,
1313,47161980100,,,,,,,,,
1314,47161110600,,,,100.0,1.0,1.0,110.0,6.0,5.45
1315,47097050200,235.0,3.0,1.28,,,,239.0,54.0,22.59
1316,47097050100,,,,,,,,,
1317,47097050300,99.0,7.0,7.07,173.0,7.0,4.05,134.0,30.0,22.39
1318,47097050600,,,,161.0,5.0,3.11,148.0,35.0,23.65
1319,47097050400,74.0,7.0,9.46,106.0,22.0,20.75,83.0,43.0,51.81
1320,47157001600,47.0,6.0,12.77,54.0,34.0,62.96,45.0,34.0,75.56
1321,47091956200,107.0,21.0,19.63,140.0,17.0,12.14,145.0,2.0,1.38
1322,47091956300,342.0,184.0,53.8,339.0,177.0,52.21,338.0,87.0,25.74
1323,47091956000,,,,,,,,,
1324,47091956400,215.0,21.0,9.77,209.0,68.0,32.54,216.0,49.0,22.69
1325,47091956100,190.0,8.0,4.21,189.0,24.0,12.7,190.0,21.0,11.05
1326,47157007810,,,,122.0,1.0,0.82,86.0,1.0,1.16
1327,47033961000,101.0,12.0,11.88,,,,128.0,13.0,10.16
1328,47033961400,209.0,16.0,7.66,247.0,1.0,0.4,216.0,43.0,19.91
1329,47033961200,156.0,8.0,5.13,194.0,32.0,16.49,194.0,32.0,16.49
1330,47033961100,224.0,25.0,11.16,231.0,108.0,46.75,230.0,125.0,54.35
1331,47033961300,147.0,6.0,4.08,165.0,33.0,20.0,161.0,46.0,28.57
1332,47157003100,86.0,3.0,3.49,98.0,62.0,63.27,74.0,61.0,82.43
1333,47157003200,48.0,3.0,6.25,48.0,31.0,64.58,48.0,41.0,85.42
1334,47189030309,61.0,50.0,81.97,61.0,54.0,88.52,61.0,55.0,90.16
1335,47141000302,125.0,1.0,0.8,125.0,1.0,0.8,125.0,82.0,65.6
1336,47069950500,198.0,1.0,0.51,,,,243.0,20.0,8.23
1337,47069950600,,,,,,,228.0,6.0,2.63
1338,47069950100,,,,,,,,,
1339,47069950200,107.0,2.0,1.87,,,,137.0,47.0,34.31
1340,47069950400,,,,,,,267.0,54.0,20.22
1341,47045964900,179.0,3.0,1.68,179.0,45.0,25.14,179.0,49.0,27.37
1342,47125101001,92.0,9.0,9.78,92.0,53.0,57.61,92.0,55.0,59.78
1343,47125100300,77.0,9.0,11.69,77.0,56.0,72.73,77.0,64.0,83.12
1344,47009980100,,,,50.0,4.0,8.0,50.0,6.0,12.0
1345,47009011502,71.0,1.0,1.41,74.0,32.0,43.24,98.0,31.0,31.63
1346,47125102001,70.0,8.0,11.43,70.0,46.0,65.71,70.0,54.0,77.14
1347,47125101201,,,,20.0,15.0,75.0,20.0,16.0,80.0
1348,47125101304,97.0,12.0,12.37,96.0,68.0,70.83,96.0,67.0,69.79
1349,47045964000,397.0,58.0,14.61,397.0,60.0,15.11,397.0,77.0,19.4
1350,47113000800,173.0,93.0,53.76,173.0,94.0,54.34,173.0,103.0,59.54
1351,47045964500,125.0,3.0,2.4,125.0,26.0,20.8,125.0,29.0,23.2
1352,47045964200,211.0,18.0,8.53,211.0,98.0,46.45,211.0,98.0,46.45
1353,47045964800,284.0,4.0,1.41,287.0,54.0,18.82,287.0,55.0,19.16
1354,47045964300,233.0,5.0,2.15,233.0,86.0,36.91,233.0,88.0,37.77
1355,47045964400,266.0,8.0,3.01,266.0,69.0,25.94,266.0,70.0,26.32
1356,47045964600,218.0,12.0,5.5,218.0,38.0,17.43,218.0,49.0,22.48
1357,47113001502,249.0,13.0,5.22,317.0,7.0,2.21,279.0,42.0,15.05
1358,47149040307,36.0,9.0,25.0,39.0,38.0,97.44,41.0,38.0,92.68
1359,47149040102,16.0,16.0,100.0,16.0,16.0,100.0,16.0,16.0,100.0
1360,47149040308,65.0,6.0,9.23,67.0,63.0,94.03,66.0,64.0,96.97
1361,47119011102,115.0,26.0,22.61,114.0,40.0,35.09,115.0,46.0,40.0
1362,47119010801,93.0,61.0,65.59,92.0,67.0,72.83,92.0,69.0,75.0
1363,47157003500,48.0,2.0,4.17,38.0,25.0,65.79,38.0,29.0,76.32
1364,47143975401,326.0,21.0,6.44,326.0,40.0,12.27,326.0,48.0,14.72
1365,47157003600,61.0,2.0,3.28,58.0,4.0,6.9,58.0,3.0,5.17
1366,47157003700,,,,33.0,1.0,3.03,,,
1367,47163043302,304.0,294.0,96.71,304.0,294.0,96.71,304.0,293.0,96.38
1368,47163043201,186.0,181.0,97.31,186.0,182.0,97.85,186.0,182.0,97.85
1369,47157021141,71.0,4.0,5.63,82.0,57.0,69.51,69.0,63.0,91.3
1370,47157000200,28.0,3.0,10.71,28.0,5.0,17.86,28.0,5.0,17.86
1371,47157980400,,,,59.0,1.0,1.69,12.0,1.0,8.33
1372,47157021140,69.0,4.0,5.8,82.0,47.0,57.32,63.0,48.0,76.19
1373,47157020831,,,,50.0,26.0,52.0,43.0,30.0,69.77
1374,47155080801,100.0,5.0,5.0,106.0,20.0,18.87,112.0,89.0,79.46
1375,47155980100,,,,15.0,1.0,6.67,55.0,1.0,1.82
1376,47113000100,93.0,46.0,49.46,93.0,47.0,50.54,93.0,49.0,52.69
1377,47113000200,202.0,87.0,43.07,202.0,88.0,43.56,202.0,77.0,38.12
1378,47113000400,60.0,47.0,78.33,61.0,48.0,78.69,61.0,46.0,75.41
1379,47113001900,163.0,8.0,4.91,160.0,5.0,3.12,156.0,9.0,5.77
1380,47113001605,106.0,27.0,25.47,106.0,27.0,25.47,106.0,33.0,31.13
1381,47113001607,90.0,51.0,56.67,92.0,53.0,57.61,91.0,55.0,60.44
1382,47113001609,112.0,6.0,5.36,133.0,6.0,4.51,115.0,24.0,20.87
1383,47113001610,116.0,67.0,57.76,117.0,67.0,57.26,116.0,69.0,59.48
1384,47113001300,222.0,144.0,64.86,235.0,145.0,61.7,222.0,146.0,65.77
1385,47113001100,85.0,42.0,49.41,85.0,42.0,49.41,85.0,39.0,45.88
1386,47113001700,59.0,9.0,15.25,166.0,6.0,3.61,100.0,7.0,7.0
1387,47113001501,137.0,53.0,38.69,137.0,56.0,40.88,137.0,75.0,54.74
1388,47113001608,51.0,3.0,5.88,122.0,1.0,0.82,111.0,38.0,34.23
1389,47113001402,125.0,41.0,32.8,126.0,41.0,32.54,126.0,45.0,35.71
1390,47151975400,262.0,4.0,1.53,259.0,5.0,1.93,262.0,5.0,1.91
1391,47151975100,381.0,1.0,0.26,381.0,1.0,0.26,381.0,4.0,1.05
1392,47151975000,340.0,1.0,0.29,340.0,2.0,0.59,340.0,1.0,0.29
1393,47151975300,239.0,13.0,5.44,239.0,15.0,6.28,,,
1394,47151975200,274.0,43.0,15.69,274.0,49.0,17.88,,,
1395,47181950200,336.0,4.0,1.19,338.0,3.0,0.89,405.0,244.0,60.25
1396,47113000500,75.0,46.0,61.33,75.0,46.0,61.33,75.0,49.0,65.33
1397,47113000600,68.0,65.0,95.59,68.0,65.0,95.59,68.0,64.0,94.12
1398,47157011100,59.0,1.0,1.69,83.0,15.0,18.07,59.0,15.0,25.42
1399,47181950100,261.0,1.0,0.38,266.0,8.0,3.01,270.0,70.0,25.93
1400,47181950400,,,,,,,228.0,4.0,1.75
1401,47037015630,29.0,17.0,58.62,32.0,26.0,81.25,30.0,27.0,90.0
1402,47037018904,29.0,1.0,3.45,29.0,24.0,82.76,29.0,24.0,82.76
1403,47187050701,62.0,6.0,9.68,51.0,45.0,88.24,50.0,48.0,96.0
1404,47021070104,95.0,10.0,10.53,77.0,19.0,24.68,82.0,21.0,25.61
1405,47021070202,152.0,1.0,0.66,150.0,43.0,28.67,150.0,46.0,30.67
1406,47181950300,220.0,3.0,1.36,215.0,3.0,1.4,255.0,82.0,32.16
1407,47113001000,45.0,37.0,82.22,45.0,37.0,82.22,45.0,38.0,84.44
1408,47113001603,37.0,18.0,48.65,37.0,19.0,51.35,37.0,20.0,54.05
1409,47113000700,96.0,78.0,81.25,96.0,78.0,81.25,96.0,80.0,83.33
1410,47157003800,,,,,,,,,
1411,47157003900,,,,21.0,1.0,4.76,21.0,3.0,14.29
1412,47037018905,14.0,1.0,7.14,15.0,14.0,93.33,15.0,14.0,93.33
1413,47037013601,102.0,23.0,22.55,101.0,67.0,66.34,101.0,67.0,66.34
1414,47037018301,68.0,5.0,7.35,76.0,44.0,57.89,78.0,48.0,61.54
1415,47037018302,46.0,5.0,10.87,47.0,19.0,40.43,46.0,21.0,45.65
1416,47037015631,61.0,45.0,73.77,63.0,52.0,82.54,60.0,51.0,85.0
1417,47075930500,95.0,6.0,6.32,,,,142.0,20.0,14.08
1418,47157021311,82.0,2.0,2.44,100.0,48.0,48.0,76.0,49.0,64.47
1419,47157022122,47.0,6.0,12.77,46.0,43.0,93.48,46.0,43.0,93.48
1420,47157022600,180.0,3.0,1.67,140.0,26.0,18.57,147.0,27.0,18.37
1421,47157020101,,,,46.0,14.0,30.43,40.0,15.0,37.5
1422,47157020102,,,,43.0,1.0,2.33,40.0,2.0,5.0
1423,47075930100,97.0,5.0,5.15,,,,158.0,6.0,3.8
1424,47075930200,,,,,,,,,
1425,47075930400,194.0,5.0,2.58,198.0,16.0,8.08,229.0,58.0,25.33
1426,47025970400,,,,,,,,,
1427,47113000300,141.0,78.0,55.32,141.0,79.0,56.03,141.0,78.0,55.32
1428,47025970300,,,,88.0,30.0,34.09,125.0,26.0,20.8
1429,47025970500,95.0,1.0,1.05,108.0,5.0,4.63,177.0,2.0,1.13
1430,47025970700,214.0,54.0,25.23,219.0,141.0,64.38,262.0,83.0,31.68
1431,47025970200,,,,99.0,35.0,35.35,131.0,35.0,26.72
1432,47025970900,204.0,23.0,11.27,200.0,87.0,43.5,300.0,153.0,51.0
1433,47025970600,135.0,51.0,37.78,143.0,74.0,51.75,202.0,55.0,27.23
1434,47025970100,41.0,1.0,2.44,72.0,26.0,36.11,86.0,18.0,20.93
1435,47025970800,97.0,42.0,43.3,96.0,67.0,69.79,108.0,43.0,39.81
1436,47113001800,128.0,12.0,9.38,120.0,12.0,10.0,149.0,18.0,12.08
1437,47113001604,78.0,40.0,51.28,78.0,40.0,51.28,78.0,42.0,53.85
1438,47113001401,91.0,48.0,52.75,100.0,48.0,48.0,91.0,48.0,52.75
1439,47113001606,141.0,80.0,56.74,144.0,80.0,55.56,143.0,82.0,57.34
1440,47167040303,,,,107.0,6.0,5.61,90.0,4.0,4.44
1441,47157009902,52.0,6.0,11.54,50.0,18.0,36.0,50.0,18.0,36.0
1442,47157020633,39.0,1.0,2.56,43.0,31.0,72.09,40.0,31.0,77.5
1443,47157020634,31.0,1.0,3.23,32.0,26.0,81.25,29.0,26.0,89.66
1444,47157021125,71.0,6.0,8.45,94.0,46.0,48.94,62.0,45.0,72.58
1445,47157021124,76.0,3.0,3.95,86.0,70.0,81.4,79.0,70.0,88.61
1446,47157021726,21.0,2.0,9.52,17.0,9.0,52.94,17.0,9.0,52.94
1447,47157021725,30.0,2.0,6.67,29.0,14.0,48.28,29.0,15.0,51.72
1448,47157021746,,,,30.0,27.0,90.0,30.0,27.0,90.0
1449,47157021747,33.0,3.0,9.09,33.0,32.0,96.97,32.0,32.0,100.0
1450,47157022220,82.0,5.0,6.1,81.0,77.0,95.06,81.0,77.0,95.06
1451,47157022023,49.0,2.0,4.08,49.0,15.0,30.61,49.0,15.0,30.61
1452,47157022024,60.0,1.0,1.67,61.0,51.0,83.61,61.0,52.0,85.25
1453,47157020524,47.0,2.0,4.26,50.0,45.0,90.0,45.0,45.0,100.0
1454,47157020523,32.0,3.0,9.38,35.0,26.0,74.29,33.0,27.0,81.82
1455,47157021126,47.0,3.0,6.38,74.0,28.0,37.84,50.0,29.0,58.0
1456,47157022121,69.0,6.0,8.7,70.0,51.0,72.86,69.0,52.0,75.36
1457,47157021312,,,,34.0,24.0,70.59,27.0,24.0,88.89
1458,47171080200,269.0,70.0,26.02,311.0,194.0,62.38,356.0,235.0,66.01
1459,47171080300,235.0,76.0,32.34,231.0,94.0,40.69,283.0,108.0,38.16
1460,47171080100,117.0,5.0,4.27,203.0,60.0,29.56,295.0,157.0,53.22
1461,47171080400,202.0,153.0,75.74,214.0,194.0,90.65,216.0,198.0,91.67
1462,47097050503,66.0,2.0,3.03,101.0,27.0,26.73,97.0,35.0,36.08
1463,47097050504,59.0,4.0,6.78,73.0,26.0,35.62,73.0,41.0,56.16
1464,47097050505,93.0,6.0,6.45,106.0,23.0,21.7,106.0,27.0,25.47
1465,47167040304,,,,75.0,2.0,2.67,66.0,6.0,9.09
1466,47129110300,,,,,,,,,
1467,47129110100,305.0,16.0,5.25,305.0,19.0,6.23,305.0,19.0,6.23
1468,47129110500,320.0,72.0,22.5,320.0,66.0,20.62,320.0,70.0,21.88
1469,47129110200,,,,,,,179.0,1.0,0.56
1470,47129110400,233.0,15.0,6.44,233.0,58.0,24.89,233.0,59.0,25.32
1471,47103975000,,,,163.0,1.0,0.61,147.0,13.0,8.84
1472,47157005600,95.0,1.0,1.05,90.0,14.0,15.56,91.0,15.0,16.48
1473,47157005800,,,,34.0,4.0,11.76,35.0,4.0,11.43
1474,47157005900,86.0,6.0,6.98,72.0,13.0,18.06,72.0,13.0,18.06
1475,47103975700,,,,180.0,3.0,1.67,177.0,46.0,25.99
1476,47103975200,,,,,,,272.0,1.0,0.37
1477,47103975100,,,,164.0,3.0,1.83,171.0,37.0,21.64
1478,47103975500,,,,287.0,2.0,0.7,279.0,177.0,63.44
1479,47103975400,255.0,9.0,3.53,304.0,51.0,16.78,302.0,217.0,71.85
1480,47103975300,255.0,6.0,2.35,289.0,52.0,17.99,288.0,235.0,81.6
1481,47073050503,113.0,58.0,51.33,113.0,65.0,57.52,113.0,75.0,66.37
1482,47157006000,43.0,1.0,2.33,40.0,9.0,22.5,40.0,11.0,27.5
1483,47157006200,50.0,4.0,8.0,52.0,19.0,36.54,50.0,19.0,38.0
1484,47157022111,68.0,2.0,2.94,64.0,44.0,68.75,65.0,44.0,67.69
1485,47157022022,108.0,5.0,4.63,104.0,30.0,28.85,103.0,30.0,29.13
1486,47165020700,141.0,8.0,5.67,135.0,72.0,53.33,135.0,103.0,76.3
1487,47157006400,31.0,2.0,6.45,42.0,29.0,69.05,31.0,29.0,93.55
1488,47157007400,47.0,2.0,4.26,51.0,39.0,76.47,49.0,39.0,79.59
1489,47157007500,,,,26.0,1.0,3.85,26.0,1.0,3.85
1490,47157022310,67.0,4.0,5.97,66.0,63.0,95.45,66.0,63.0,95.45
1491,47157022321,56.0,3.0,5.36,53.0,51.0,96.23,53.0,51.0,96.23
1492,47157022112,67.0,4.0,5.97,68.0,44.0,64.71,69.0,45.0,65.22
1493,47073050501,61.0,15.0,24.59,75.0,17.0,22.67,83.0,28.0,33.73
1494,47073050601,181.0,55.0,30.39,181.0,65.0,35.91,182.0,40.0,21.98
1495,47073050602,115.0,28.0,24.35,115.0,39.0,33.91,115.0,34.0,29.57
1496,47073050502,142.0,6.0,4.23,150.0,32.0,21.33,162.0,53.0,32.72
