,TractCode,CountBlocks,Blocks With Choice,Blocks With Choice 3mbps,Blocks With Choice 12mbps,Blocks With Choice 25mbps,Prop With Choice,Prop With Choice 25mbps
0,47001020100,91,71.0,59.0,46.0,37.0,78.02,40.66
1,47001020201,77,37.0,28.0,20.0,18.0,48.05,23.38
2,47001020202,127,89.0,84.0,56.0,45.0,70.08,35.43
3,47001020300,50,48.0,42.0,38.0,36.0,96.0,72.0
4,47001020400,94,86.0,81.0,70.0,58.0,91.49,61.7
5,47001020500,85,62.0,52.0,45.0,41.0,72.94,48.24
6,47001020600,44,44.0,44.0,44.0,44.0,100.0,100.0
7,47001020700,298,80.0,21.0,13.0,8.0,26.85,2.68
8,47001020800,245,194.0,154.0,108.0,48.0,79.18,19.59
9,47001020901,231,132.0,91.0,72.0,52.0,57.14,22.51
10,47001020902,255,154.0,103.0,90.0,66.0,60.39,25.88
11,47001021000,281,183.0,136.0,104.0,90.0,65.12,32.03
12,47001021100,88,68.0,55.0,55.0,43.0,77.27,48.86
13,47001021201,93,65.0,59.0,46.0,22.0,69.89,23.66
14,47001021202,171,150.0,147.0,98.0,50.0,87.72,29.24
15,47001021301,97,74.0,68.0,58.0,51.0,76.29,52.58
16,47001021302,158,126.0,105.0,95.0,63.0,79.75,39.87
17,47001980100,73,5.0,2.0,0.0,0.0,6.85,0.0
18,47003950100,244,173.0,173.0,115.0,110.0,70.9,45.08
19,47003950200,313,232.0,232.0,151.0,151.0,74.12,48.24
20,47003950300,193,121.0,120.0,60.0,58.0,62.69,30.05
21,47003950401,166,150.0,150.0,129.0,122.0,90.36,73.49
22,47003950402,243,214.0,214.0,204.0,200.0,88.07,82.3
23,47003950500,227,182.0,181.0,176.0,167.0,80.18,73.57
24,47003950600,230,207.0,205.0,199.0,192.0,90.0,83.48
25,47003950700,249,141.0,137.0,94.0,85.0,56.63,34.14
26,47003950800,260,136.0,134.0,86.0,83.0,52.31,31.92
27,47005963000,137,119.0,115.0,58.0,52.0,86.86,37.96
28,47005963100,121,86.0,86.0,7.0,6.0,71.07,4.96
29,47005963200,124,10.0,8.0,0.0,0.0,8.06,0.0
30,47005963300,231,198.0,195.0,153.0,83.0,85.71,35.93
31,47005963400,273,168.0,162.0,46.0,32.0,61.54,11.72
32,47007953000,259,123.0,119.0,4.0,3.0,47.49,1.16
33,47007953100,618,285.0,285.0,2.0,2.0,46.12,0.32
34,47007953200,294,32.0,32.0,0.0,0.0,10.88,0.0
35,47009010100,189,157.0,155.0,151.0,145.0,83.07,76.72
36,47009010200,274,199.0,187.0,180.0,175.0,72.63,63.87
37,47009010301,249,154.0,147.0,116.0,113.0,61.85,45.38
38,47009010302,377,239.0,206.0,183.0,168.0,63.4,44.56
39,47009010400,249,216.0,205.0,202.0,198.0,86.75,79.52
40,47009010500,127,126.0,123.0,123.0,123.0,99.21,96.85
41,47009010600,127,120.0,113.0,113.0,106.0,94.49,83.46
42,47009010700,104,101.0,101.0,100.0,97.0,97.12,93.27
43,47009010800,110,104.0,104.0,104.0,102.0,94.55,92.73
44,47009010900,137,136.0,133.0,132.0,132.0,99.27,96.35
45,47009011001,135,121.0,111.0,108.0,106.0,89.63,78.52
46,47009011002,78,63.0,60.0,56.0,53.0,80.77,67.95
47,47009011101,95,93.0,72.0,70.0,69.0,97.89,72.63
48,47009011102,143,127.0,116.0,115.0,110.0,88.81,76.92
49,47009011200,367,291.0,267.0,247.0,227.0,79.29,61.85
50,47009011301,140,138.0,136.0,135.0,135.0,98.57,96.43
51,47009011302,142,120.0,109.0,98.0,94.0,84.51,66.2
52,47009011401,164,96.0,65.0,38.0,16.0,58.54,9.76
53,47009011402,237,172.0,127.0,106.0,86.0,72.57,36.29
54,47009011501,154,41.0,29.0,20.0,18.0,26.62,11.69
55,47009011502,77,55.0,52.0,39.0,34.0,71.43,44.16
56,47009011503,176,149.0,141.0,116.0,111.0,84.66,63.07
57,47009011602,180,155.0,151.0,138.0,133.0,86.11,73.89
58,47009011603,225,197.0,134.0,98.0,57.0,87.56,25.33
59,47009011604,131,96.0,84.0,76.0,66.0,73.28,50.38
60,47009011605,116,87.0,45.0,39.0,24.0,75.0,20.69
61,47009980100,50,6.0,6.0,6.0,6.0,12.0,12.0
62,47009980200,70,5.0,0.0,0.0,0.0,7.14,0.0
63,47011010100,186,111.0,110.0,90.0,88.0,59.68,47.31
64,47011010200,149,111.0,94.0,89.0,87.0,74.5,58.39
65,47011010300,83,58.0,56.0,47.0,42.0,69.88,50.6
66,47011010400,115,108.0,108.0,106.0,84.0,93.91,73.04
67,47011010500,176,171.0,171.0,171.0,126.0,97.16,71.59
68,47011010600,139,100.0,98.0,84.0,76.0,71.94,54.68
69,47011010700,186,156.0,154.0,132.0,93.0,83.87,50.0
70,47011010800,110,92.0,91.0,89.0,87.0,83.64,79.09
71,47011010900,105,73.0,71.0,71.0,71.0,69.52,67.62
72,47011011000,140,124.0,121.0,120.0,119.0,88.57,85.0
73,47011011100,211,147.0,145.0,132.0,121.0,69.67,57.35
74,47011011201,235,159.0,153.0,141.0,85.0,67.66,36.17
75,47011011202,200,102.0,101.0,97.0,95.0,51.0,47.5
76,47011011300,307,169.0,166.0,149.0,141.0,55.05,45.93
77,47011011401,193,121.0,120.0,117.0,113.0,62.69,58.55
78,47011011402,115,69.0,69.0,62.0,51.0,60.0,44.35
79,47011011500,336,155.0,147.0,130.0,123.0,46.13,36.61
80,47011011601,79,66.0,64.0,59.0,57.0,83.54,72.15
81,47011011602,101,83.0,79.0,64.0,60.0,82.18,59.41
82,47013950100,285,100.0,30.0,11.0,1.0,35.09,0.35
83,47013950200,154,153.0,102.0,86.0,4.0,99.35,2.6
84,47013950300,171,65.0,7.0,0.0,0.0,38.01,0.0
85,47013950400,339,189.0,137.0,46.0,38.0,55.75,11.21
86,47013950500,181,168.0,168.0,150.0,137.0,92.82,75.69
87,47013950600,160,157.0,156.0,141.0,111.0,98.12,69.38
88,47013950700,148,139.0,128.0,110.0,101.0,93.92,68.24
89,47013950800,97,71.0,70.0,49.0,37.0,73.2,38.14
90,47013950900,83,56.0,54.0,49.0,37.0,67.47,44.58
91,47013951000,72,47.0,35.0,31.0,30.0,65.28,41.67
92,47013951100,150,105.0,95.0,70.0,61.0,70.0,40.67
93,47015960100,274,270.0,270.0,26.0,26.0,98.54,9.49
94,47015960200,293,290.0,290.0,31.0,31.0,98.98,10.58
95,47015960300,151,149.0,149.0,4.0,3.0,98.68,1.99
96,47017962000,301,203.0,193.0,137.0,105.0,67.44,34.88
97,47017962100,379,233.0,209.0,108.0,55.0,61.48,14.51
98,47017962201,174,129.0,125.0,96.0,17.0,74.14,9.77
99,47017962202,155,100.0,95.0,61.0,23.0,64.52,14.84
100,47017962300,250,159.0,159.0,104.0,103.0,63.6,41.2
101,47017962400,93,29.0,22.0,0.0,0.0,31.18,0.0
102,47017962500,153,52.0,45.0,0.0,0.0,33.99,0.0
103,47017980100,11,7.0,7.0,0.0,0.0,63.64,0.0
104,47019070100,109,96.0,96.0,70.0,47.0,88.07,43.12
105,47019070200,155,111.0,103.0,50.0,41.0,71.61,26.45
106,47019070300,192,153.0,152.0,113.0,83.0,79.69,43.23
107,47019070400,58,47.0,42.0,6.0,2.0,81.03,3.45
108,47019070500,111,86.0,84.0,46.0,37.0,77.48,33.33
109,47019070600,50,43.0,38.0,22.0,19.0,86.0,38.0
110,47019070700,64,37.0,33.0,16.0,12.0,57.81,18.75
111,47019070800,115,83.0,79.0,61.0,55.0,72.17,47.83
112,47019070900,106,70.0,67.0,47.0,36.0,66.04,33.96
113,47019071000,112,86.0,86.0,63.0,54.0,76.79,48.21
114,47019071100,89,47.0,44.0,34.0,29.0,52.81,32.58
115,47019071200,204,131.0,117.0,49.0,33.0,64.22,16.18
116,47019071300,232,191.0,187.0,145.0,95.0,82.33,40.95
117,47019071400,125,109.0,103.0,70.0,29.0,87.2,23.2
118,47019071500,85,27.0,20.0,7.0,5.0,31.76,5.88
119,47019071600,128,36.0,34.0,17.0,6.0,28.12,4.69
120,47019071700,193,125.0,113.0,76.0,56.0,64.77,29.02
121,47021070102,86,52.0,48.0,40.0,28.0,60.47,32.56
122,47021070103,69,47.0,47.0,46.0,42.0,68.12,60.87
123,47021070104,79,48.0,48.0,40.0,23.0,60.76,29.11
124,47021070201,108,74.0,71.0,60.0,31.0,68.52,28.7
125,47021070202,150,62.0,59.0,52.0,46.0,41.33,30.67
126,47021070203,114,41.0,35.0,28.0,22.0,35.96,19.3
127,47021070300,99,85.0,85.0,80.0,69.0,85.86,69.7
128,47021070401,66,49.0,45.0,36.0,33.0,74.24,50.0
129,47021070402,118,95.0,92.0,80.0,74.0,80.51,62.71
130,47023970100,183,53.0,45.0,5.0,2.0,28.96,1.09
131,47023970200,164,128.0,127.0,120.0,93.0,78.05,56.71
132,47023970300,295,112.0,96.0,30.0,23.0,37.97,7.8
133,47025970100,79,48.0,27.0,23.0,21.0,60.76,26.58
134,47025970200,131,99.0,86.0,60.0,35.0,75.57,26.72
135,47025970300,123,85.0,56.0,29.0,26.0,69.11,21.14
136,47025970400,67,10.0,0.0,0.0,0.0,14.93,0.0
137,47025970500,137,69.0,35.0,6.0,2.0,50.36,1.46
138,47025970600,175,120.0,90.0,75.0,59.0,68.57,33.71
139,47025970700,239,201.0,190.0,126.0,95.0,84.1,39.75
140,47025970800,103,86.0,74.0,67.0,47.0,83.5,45.63
141,47025970900,300,182.0,176.0,159.0,156.0,60.67,52.0
142,47027955000,355,233.0,194.0,180.0,132.0,65.63,37.18
143,47027955100,155,105.0,72.0,66.0,42.0,67.74,27.1
144,47029920100,166,105.0,89.0,61.0,46.0,63.25,27.71
145,47029920200,314,244.0,210.0,186.0,155.0,77.71,49.36
146,47029920300,157,85.0,76.0,56.0,48.0,54.14,30.57
147,47029920400,43,5.0,2.0,1.0,1.0,11.63,2.33
148,47029920501,262,189.0,179.0,164.0,147.0,72.14,56.11
149,47029920502,203,118.0,103.0,64.0,58.0,58.13,28.57
150,47029920600,221,194.0,191.0,189.0,176.0,87.78,79.64
151,47029920700,374,183.0,108.0,71.0,71.0,48.93,18.98
152,47029980100,10,2.0,1.0,1.0,1.0,20.0,10.0
153,47031970100,132,73.0,73.0,62.0,45.0,55.3,34.09
154,47031970200,218,143.0,141.0,116.0,79.0,65.6,36.24
155,47031970300,60,32.0,32.0,17.0,7.0,53.33,11.67
156,47031970400,284,135.0,131.0,120.0,89.0,47.54,31.34
157,47031970500,155,126.0,122.0,99.0,93.0,81.29,60.0
158,47031970600,245,132.0,130.0,122.0,91.0,53.88,37.14
159,47031970700,218,166.0,166.0,139.0,115.0,76.15,52.75
160,47031970801,146,134.0,133.0,128.0,125.0,91.78,85.62
161,47031970802,389,219.0,215.0,207.0,202.0,56.3,51.93
162,47031970900,209,191.0,190.0,189.0,185.0,91.39,88.52
163,47031971000,222,218.0,215.0,213.0,213.0,98.2,95.95
164,47031980100,39,2.0,2.0,1.0,1.0,5.13,2.56
165,47033961000,102,56.0,53.0,5.0,5.0,54.9,4.9
166,47033961100,230,167.0,158.0,113.0,113.0,72.61,49.13
167,47033961200,194,101.0,98.0,46.0,26.0,52.06,13.4
168,47033961300,161,66.0,60.0,35.0,35.0,40.99,21.74
169,47033961400,213,111.0,103.0,59.0,35.0,52.11,16.43
170,47035970101,133,101.0,80.0,67.0,40.0,75.94,30.08
171,47035970102,366,300.0,200.0,132.0,71.0,81.97,19.4
172,47035970200,319,236.0,168.0,74.0,66.0,73.98,20.69
173,47035970301,193,128.0,78.0,34.0,31.0,66.32,16.06
174,47035970302,232,179.0,158.0,90.0,88.0,77.16,37.93
175,47035970400,314,252.0,231.0,213.0,188.0,80.25,59.87
176,47035970501,137,124.0,93.0,86.0,46.0,90.51,33.58
177,47035970502,183,159.0,150.0,146.0,140.0,86.89,76.5
178,47035970601,150,124.0,116.0,95.0,79.0,82.67,52.67
179,47035970602,235,196.0,188.0,161.0,109.0,83.4,46.38
180,47035970603,68,54.0,48.0,24.0,24.0,79.41,35.29
181,47035970701,116,94.0,86.0,74.0,39.0,81.03,33.62
182,47035970702,285,226.0,188.0,63.0,54.0,79.3,18.95
183,47035970800,465,222.0,160.0,20.0,20.0,47.74,4.3
184,47037010103,37,27.0,26.0,24.0,23.0,72.97,62.16
185,47037010104,40,22.0,21.0,20.0,15.0,55.0,37.5
186,47037010105,42,37.0,36.0,32.0,27.0,88.1,64.29
187,47037010106,39,39.0,37.0,35.0,29.0,100.0,74.36
188,47037010201,58,46.0,46.0,45.0,44.0,79.31,75.86
189,47037010202,52,38.0,36.0,34.0,29.0,73.08,55.77
190,47037010301,41,37.0,37.0,37.0,34.0,90.24,82.93
191,47037010302,49,48.0,48.0,44.0,24.0,97.96,48.98
192,47037010303,46,41.0,39.0,32.0,31.0,89.13,67.39
193,47037010401,62,50.0,45.0,42.0,35.0,80.65,56.45
194,47037010402,64,64.0,60.0,43.0,37.0,100.0,57.81
195,47037010501,155,155.0,154.0,151.0,143.0,100.0,92.26
196,47037010502,92,91.0,91.0,89.0,87.0,98.91,94.57
197,47037010601,43,40.0,40.0,39.0,39.0,93.02,90.7
198,47037010602,27,27.0,22.0,19.0,19.0,100.0,70.37
199,47037010701,50,50.0,50.0,49.0,44.0,100.0,88.0
200,47037010702,28,27.0,25.0,15.0,7.0,96.43,25.0
201,47037010801,48,48.0,48.0,48.0,48.0,100.0,100.0
202,47037010802,52,52.0,52.0,51.0,51.0,100.0,98.08
203,47037010901,37,35.0,35.0,35.0,35.0,94.59,94.59
204,47037010903,30,28.0,28.0,28.0,27.0,93.33,90.0
205,47037010904,33,32.0,32.0,32.0,31.0,96.97,93.94
206,47037011001,53,53.0,51.0,50.0,48.0,100.0,90.57
207,47037011002,38,35.0,35.0,33.0,33.0,92.11,86.84
208,47037011100,61,60.0,60.0,59.0,57.0,98.36,93.44
209,47037011200,67,66.0,66.0,63.0,63.0,98.51,94.03
210,47037011300,91,81.0,79.0,74.0,71.0,89.01,78.02
211,47037011400,76,75.0,75.0,74.0,69.0,98.68,90.79
212,47037011500,76,76.0,76.0,76.0,75.0,100.0,98.68
213,47037011600,60,60.0,60.0,60.0,60.0,100.0,100.0
214,47037011700,159,157.0,157.0,153.0,136.0,98.74,85.53
215,47037011800,90,88.0,88.0,83.0,83.0,97.78,92.22
216,47037011900,64,63.0,62.0,59.0,57.0,98.44,89.06
217,47037012100,87,87.0,87.0,86.0,86.0,100.0,98.85
218,47037012200,110,110.0,110.0,110.0,109.0,100.0,99.09
219,47037012600,58,57.0,56.0,47.0,47.0,98.28,81.03
220,47037012701,56,40.0,40.0,40.0,38.0,71.43,67.86
221,47037012702,75,68.0,63.0,63.0,61.0,90.67,81.33
222,47037012801,76,74.0,74.0,74.0,69.0,97.37,90.79
223,47037012802,66,57.0,57.0,57.0,53.0,86.36,80.3
224,47037013000,25,24.0,23.0,3.0,2.0,96.0,8.0
225,47037013100,45,24.0,24.0,20.0,17.0,53.33,37.78
226,47037013201,41,41.0,41.0,41.0,41.0,100.0,100.0
227,47037013202,49,48.0,48.0,48.0,48.0,97.96,97.96
228,47037013300,193,188.0,188.0,176.0,164.0,97.41,84.97
229,47037013400,236,216.0,214.0,213.0,209.0,91.53,88.56
230,47037013500,78,76.0,71.0,69.0,68.0,97.44,87.18
231,47037013601,101,99.0,78.0,71.0,67.0,98.02,66.34
232,47037013602,18,6.0,5.0,4.0,4.0,33.33,22.22
233,47037013700,176,149.0,143.0,137.0,134.0,84.66,76.14
234,47037013800,46,46.0,43.0,43.0,43.0,100.0,93.48
235,47037013900,64,63.0,60.0,60.0,60.0,98.44,93.75
236,47037014200,80,80.0,41.0,19.0,13.0,100.0,16.25
237,47037014300,88,88.0,87.0,83.0,83.0,100.0,94.32
238,47037014400,102,99.0,96.0,60.0,30.0,97.06,29.41
239,47037014800,54,54.0,36.0,13.0,9.0,100.0,16.67
240,47037015100,75,59.0,53.0,48.0,44.0,78.67,58.67
241,47037015200,34,34.0,34.0,33.0,33.0,100.0,97.06
242,47037015300,79,69.0,69.0,68.0,67.0,87.34,84.81
243,47037015401,66,61.0,60.0,60.0,59.0,92.42,89.39
244,47037015402,44,43.0,43.0,43.0,43.0,97.73,97.73
245,47037015404,34,29.0,29.0,29.0,27.0,85.29,79.41
246,47037015405,35,33.0,33.0,30.0,30.0,94.29,85.71
247,47037015501,30,27.0,27.0,27.0,26.0,90.0,86.67
248,47037015502,59,58.0,58.0,58.0,54.0,98.31,91.53
249,47037015609,21,16.0,16.0,16.0,16.0,76.19,76.19
250,47037015610,52,42.0,42.0,39.0,36.0,80.77,69.23
251,47037015612,36,31.0,31.0,31.0,30.0,86.11,83.33
252,47037015613,51,44.0,44.0,42.0,35.0,86.27,68.63
253,47037015614,14,14.0,14.0,14.0,14.0,100.0,100.0
254,47037015615,29,28.0,28.0,28.0,26.0,96.55,89.66
255,47037015617,25,22.0,22.0,22.0,22.0,88.0,88.0
256,47037015618,49,48.0,48.0,48.0,47.0,97.96,95.92
257,47037015619,28,28.0,28.0,28.0,28.0,100.0,100.0
258,47037015620,36,35.0,35.0,35.0,34.0,97.22,94.44
259,47037015622,25,24.0,24.0,23.0,22.0,96.0,88.0
260,47037015623,40,38.0,38.0,38.0,31.0,95.0,77.5
261,47037015624,21,17.0,17.0,17.0,17.0,80.95,80.95
262,47037015625,27,27.0,27.0,26.0,26.0,100.0,96.3
263,47037015626,26,23.0,23.0,23.0,21.0,88.46,80.77
264,47037015627,21,17.0,17.0,16.0,15.0,80.95,71.43
265,47037015628,11,11.0,11.0,8.0,4.0,100.0,36.36
266,47037015629,31,23.0,22.0,18.0,13.0,74.19,41.94
267,47037015630,30,29.0,29.0,28.0,27.0,96.67,90.0
268,47037015631,60,55.0,55.0,51.0,51.0,91.67,85.0
269,47037015700,30,28.0,28.0,28.0,23.0,93.33,76.67
270,47037015802,46,45.0,45.0,39.0,27.0,97.83,58.7
271,47037015803,6,6.0,4.0,2.0,1.0,100.0,16.67
272,47037015804,21,21.0,21.0,13.0,12.0,100.0,57.14
273,47037015900,91,40.0,26.0,13.0,9.0,43.96,9.89
274,47037016000,82,79.0,74.0,41.0,22.0,96.34,26.83
275,47037016100,94,87.0,76.0,63.0,60.0,92.55,63.83
276,47037016200,93,90.0,80.0,71.0,64.0,96.77,68.82
277,47037016300,69,68.0,67.0,65.0,58.0,98.55,84.06
278,47037016400,54,50.0,50.0,44.0,30.0,92.59,55.56
279,47037016500,55,55.0,55.0,26.0,3.0,100.0,5.45
280,47037016600,65,61.0,61.0,50.0,33.0,93.85,50.77
281,47037016700,85,84.0,84.0,83.0,81.0,98.82,95.29
282,47037016800,95,93.0,93.0,87.0,77.0,97.89,81.05
283,47037016900,125,125.0,125.0,125.0,123.0,100.0,98.4
284,47037017000,102,99.0,98.0,93.0,93.0,97.06,91.18
285,47037017100,52,48.0,48.0,48.0,41.0,92.31,78.85
286,47037017200,143,83.0,79.0,79.0,66.0,58.04,46.15
287,47037017300,121,115.0,115.0,115.0,105.0,95.04,86.78
288,47037017401,24,23.0,23.0,23.0,23.0,95.83,95.83
289,47037017402,47,44.0,43.0,43.0,43.0,93.62,91.49
290,47037017500,95,95.0,95.0,62.0,56.0,100.0,58.95
291,47037017701,41,35.0,35.0,35.0,35.0,85.37,85.37
292,47037017702,44,41.0,41.0,41.0,41.0,93.18,93.18
293,47037017800,71,68.0,68.0,68.0,67.0,95.77,94.37
294,47037017901,86,68.0,66.0,65.0,62.0,79.07,72.09
295,47037017902,43,43.0,43.0,42.0,39.0,100.0,90.7
296,47037018000,73,73.0,72.0,71.0,67.0,100.0,91.78
297,47037018101,48,48.0,47.0,46.0,40.0,100.0,83.33
298,47037018102,59,54.0,52.0,52.0,51.0,91.53,86.44
299,47037018201,54,54.0,54.0,54.0,53.0,100.0,98.15
300,47037018202,21,18.0,18.0,18.0,18.0,85.71,85.71
301,47037018203,36,36.0,36.0,32.0,22.0,100.0,61.11
302,47037018301,78,62.0,57.0,50.0,48.0,79.49,61.54
303,47037018302,46,39.0,37.0,26.0,21.0,84.78,45.65
304,47037018401,35,34.0,34.0,34.0,34.0,97.14,97.14
305,47037018404,31,29.0,29.0,28.0,26.0,93.55,83.87
306,47037018405,44,43.0,43.0,43.0,41.0,97.73,93.18
307,47037018407,24,24.0,24.0,24.0,24.0,100.0,100.0
308,47037018408,15,14.0,14.0,14.0,14.0,93.33,93.33
309,47037018409,60,59.0,58.0,58.0,55.0,98.33,91.67
310,47037018410,16,15.0,15.0,15.0,15.0,93.75,93.75
311,47037018500,105,99.0,97.0,97.0,93.0,94.29,88.57
312,47037018601,38,36.0,36.0,36.0,36.0,94.74,94.74
313,47037018602,57,57.0,57.0,56.0,56.0,100.0,98.25
314,47037018700,74,73.0,68.0,63.0,59.0,98.65,79.73
315,47037018801,93,87.0,87.0,86.0,80.0,93.55,86.02
316,47037018803,29,29.0,28.0,28.0,27.0,100.0,93.1
317,47037018804,29,29.0,29.0,29.0,29.0,100.0,100.0
318,47037018901,29,29.0,29.0,28.0,25.0,100.0,86.21
319,47037018902,33,33.0,33.0,33.0,31.0,100.0,93.94
320,47037018904,29,28.0,28.0,25.0,24.0,96.55,82.76
321,47037018905,15,15.0,15.0,15.0,14.0,100.0,93.33
322,47037019003,25,24.0,23.0,22.0,21.0,96.0,84.0
323,47037019004,32,31.0,31.0,31.0,31.0,96.88,96.88
324,47037019005,14,14.0,14.0,14.0,14.0,100.0,100.0
325,47037019006,33,29.0,29.0,29.0,28.0,87.88,84.85
326,47037019105,32,30.0,28.0,26.0,26.0,93.75,81.25
327,47037019106,21,19.0,19.0,19.0,19.0,90.48,90.48
328,47037019108,15,14.0,14.0,12.0,12.0,93.33,80.0
329,47037019109,27,26.0,26.0,26.0,26.0,96.3,96.3
330,47037019110,30,26.0,26.0,26.0,26.0,86.67,86.67
331,47037019111,25,22.0,22.0,22.0,21.0,88.0,84.0
332,47037019112,24,23.0,23.0,22.0,21.0,95.83,87.5
333,47037019114,117,107.0,99.0,86.0,86.0,91.45,73.5
334,47037019115,27,27.0,27.0,26.0,26.0,100.0,96.3
335,47037019116,19,19.0,19.0,19.0,18.0,100.0,94.74
336,47037019117,29,23.0,23.0,20.0,18.0,79.31,62.07
337,47037019118,16,16.0,16.0,16.0,16.0,100.0,100.0
338,47037019200,127,127.0,125.0,116.0,114.0,100.0,89.76
339,47037019300,86,80.0,67.0,24.0,17.0,93.02,19.77
340,47037019400,218,211.0,203.0,172.0,154.0,96.79,70.64
341,47037019500,414,362.0,358.0,174.0,89.0,87.44,21.5
342,47037019600,95,65.0,50.0,27.0,22.0,68.42,23.16
343,47037980100,32,19.0,16.0,8.0,3.0,59.38,9.38
344,47037980200,70,18.0,13.0,11.0,1.0,25.71,1.43
345,47039955001,180,81.0,76.0,32.0,4.0,45.0,2.22
346,47039955002,390,266.0,265.0,221.0,156.0,68.21,40.0
347,47039955101,159,102.0,102.0,84.0,63.0,64.15,39.62
348,47039955102,230,119.0,114.0,46.0,7.0,51.74,3.04
349,47041920101,107,97.0,96.0,50.0,40.0,90.65,37.38
350,47041920102,193,191.0,191.0,47.0,42.0,98.96,21.76
351,47041920200,264,264.0,264.0,227.0,227.0,100.0,85.98
352,47041920300,365,341.0,339.0,167.0,157.0,93.42,43.01
353,47043060100,79,15.0,9.0,4.0,3.0,18.99,3.8
354,47043060200,196,139.0,135.0,72.0,45.0,70.92,22.96
355,47043060300,193,170.0,161.0,106.0,39.0,88.08,20.21
356,47043060401,123,96.0,95.0,86.0,77.0,78.05,62.6
357,47043060402,186,133.0,131.0,122.0,110.0,71.51,59.14
358,47043060501,199,180.0,165.0,135.0,84.0,90.45,42.21
359,47043060502,134,126.0,124.0,107.0,53.0,94.03,39.55
360,47043060601,155,137.0,131.0,114.0,57.0,88.39,36.77
361,47043060602,229,185.0,175.0,145.0,113.0,80.79,49.34
362,47043060700,148,107.0,106.0,85.0,78.0,72.3,52.7
363,47045964000,397,393.0,393.0,387.0,77.0,98.99,19.4
364,47045964200,211,211.0,211.0,211.0,97.0,100.0,45.97
365,47045964300,233,233.0,233.0,233.0,89.0,100.0,38.2
366,47045964400,266,260.0,260.0,260.0,71.0,97.74,26.69
367,47045964500,125,98.0,98.0,96.0,31.0,78.4,24.8
368,47045964600,218,145.0,143.0,93.0,52.0,66.51,23.85
369,47045964800,287,241.0,241.0,232.0,58.0,83.97,20.21
370,47045964900,179,179.0,179.0,179.0,49.0,100.0,27.37
371,47047060300,94,47.0,47.0,45.0,45.0,50.0,47.87
372,47047060401,79,71.0,71.0,57.0,51.0,89.87,64.56
373,47047060402,71,57.0,57.0,40.0,38.0,80.28,53.52
374,47047060403,109,85.0,85.0,72.0,66.0,77.98,60.55
375,47047060404,98,88.0,85.0,84.0,79.0,89.8,80.61
376,47047060501,109,99.0,96.0,78.0,51.0,90.83,46.79
377,47047060502,120,76.0,70.0,53.0,31.0,63.33,25.83
378,47047060600,125,82.0,73.0,36.0,23.0,65.6,18.4
379,47047060701,77,41.0,40.0,24.0,19.0,53.25,24.68
380,47047060702,118,92.0,91.0,77.0,75.0,77.97,63.56
381,47047060800,100,47.0,40.0,8.0,3.0,47.0,3.0
382,47049965000,199,152.0,114.0,76.0,43.0,76.38,21.61
383,47049965100,181,172.0,168.0,140.0,101.0,95.03,55.8
384,47049965200,212,184.0,158.0,124.0,78.0,86.79,36.79
385,47049965300,169,123.0,100.0,75.0,45.0,72.78,26.63
386,47051960100,394,155.0,145.0,110.0,103.0,39.34,26.14
387,47051960201,254,215.0,215.0,205.0,202.0,84.65,79.53
388,47051960202,478,355.0,353.0,301.0,298.0,74.27,62.34
389,47051960300,195,56.0,56.0,52.0,52.0,28.72,26.67
390,47051960400,419,326.0,326.0,293.0,291.0,77.8,69.45
391,47051960500,197,153.0,153.0,150.0,141.0,77.66,71.57
392,47051960600,422,254.0,253.0,181.0,176.0,60.19,41.71
393,47051960700,185,104.0,91.0,76.0,37.0,56.22,20.0
394,47051960800,235,101.0,97.0,75.0,72.0,42.98,30.64
395,47053966100,225,179.0,178.0,151.0,116.0,79.56,51.56
396,47053966200,221,187.0,186.0,171.0,101.0,84.62,45.7
397,47053966300,162,82.0,69.0,28.0,1.0,50.62,0.62
398,47053966400,266,181.0,170.0,98.0,19.0,68.05,7.14
399,47053966500,235,190.0,186.0,101.0,4.0,80.85,1.7
400,47053966600,76,64.0,54.0,27.0,18.0,84.21,23.68
401,47053966700,314,221.0,218.0,138.0,1.0,70.38,0.32
402,47053966800,129,49.0,47.0,42.0,3.0,37.98,2.33
403,47053966900,172,166.0,161.0,129.0,109.0,96.51,63.37
404,47053967000,231,204.0,171.0,102.0,42.0,88.31,18.18
405,47053967100,186,154.0,142.0,109.0,93.0,82.8,50.0
406,47053967300,147,147.0,147.0,147.0,1.0,100.0,0.68
407,47053967400,375,219.0,215.0,173.0,99.0,58.4,26.4
408,47053980100,37,8.0,8.0,0.0,0.0,21.62,0.0
409,47055920100,197,92.0,73.0,39.0,39.0,46.7,19.8
410,47055920200,284,193.0,192.0,157.0,157.0,67.96,55.28
411,47055920300,410,241.0,229.0,130.0,124.0,58.78,30.24
412,47055920400,260,222.0,221.0,192.0,191.0,85.38,73.46
413,47055920500,241,185.0,185.0,163.0,163.0,76.76,67.63
414,47055920600,270,168.0,54.0,33.0,4.0,62.22,1.48
415,47055920700,133,35.0,32.0,13.0,12.0,26.32,9.02
416,47055920800,347,255.0,199.0,111.0,98.0,73.49,28.24
417,47057500100,228,215.0,173.0,27.0,23.0,94.3,10.09
418,47057500200,190,174.0,172.0,92.0,84.0,91.58,44.21
419,47057500300,346,309.0,281.0,166.0,127.0,89.31,36.71
420,47057500401,149,95.0,87.0,24.0,14.0,63.76,9.4
421,47057500402,239,150.0,140.0,55.0,0.0,62.76,0.0
422,47059090100,297,215.0,213.0,124.0,61.0,72.39,20.54
423,47059090200,108,80.0,80.0,53.0,41.0,74.07,37.96
424,47059090300,182,149.0,143.0,90.0,63.0,81.87,34.62
425,47059090400,157,141.0,141.0,87.0,66.0,89.81,42.04
426,47059090500,246,201.0,195.0,109.0,69.0,81.71,28.05
427,47059090600,151,94.0,92.0,52.0,35.0,62.25,23.18
428,47059090700,131,109.0,109.0,64.0,28.0,83.21,21.37
429,47059090800,215,132.0,115.0,41.0,26.0,61.4,12.09
430,47059090900,198,148.0,132.0,65.0,44.0,74.75,22.22
431,47059091000,285,182.0,171.0,73.0,41.0,63.86,14.39
432,47059091100,161,96.0,92.0,48.0,40.0,59.63,24.84
433,47059091200,216,137.0,126.0,12.0,3.0,63.43,1.39
434,47059091300,232,159.0,149.0,22.0,17.0,68.53,7.33
435,47059091400,209,117.0,99.0,45.0,18.0,55.98,8.61
436,47059091500,160,59.0,33.0,11.0,8.0,36.88,5.0
437,47061955000,210,130.0,130.0,102.0,79.0,61.9,37.62
438,47061955100,184,122.0,122.0,74.0,29.0,66.3,15.76
439,47061955200,238,165.0,165.0,102.0,39.0,69.33,16.39
440,47061955300,376,228.0,228.0,159.0,114.0,60.64,30.32
441,47063100100,150,149.0,149.0,149.0,149.0,99.33,99.33
442,47063100200,201,200.0,200.0,200.0,200.0,99.5,99.5
443,47063100300,124,124.0,124.0,124.0,124.0,100.0,100.0
444,47063100400,153,153.0,153.0,153.0,153.0,100.0,100.0
445,47063100500,76,75.0,74.0,73.0,73.0,98.68,96.05
446,47063100600,192,188.0,188.0,188.0,188.0,97.92,97.92
447,47063100700,439,287.0,281.0,246.0,242.0,65.38,55.13
448,47063100800,261,244.0,243.0,241.0,240.0,93.49,91.95
449,47063100900,115,115.0,115.0,115.0,115.0,100.0,100.0
450,47063101000,274,182.0,181.0,138.0,136.0,66.42,49.64
451,47063101100,198,197.0,196.0,190.0,190.0,99.49,95.96
452,47063101200,138,137.0,137.0,137.0,137.0,99.28,99.28
453,47065000400,110,107.0,104.0,99.0,98.0,97.27,89.09
454,47065000600,98,93.0,93.0,93.0,92.0,94.9,93.88
455,47065000700,88,82.0,82.0,82.0,82.0,93.18,93.18
456,47065000800,64,60.0,57.0,54.0,54.0,93.75,84.38
457,47065001100,114,107.0,106.0,100.0,95.0,93.86,83.33
458,47065001200,76,68.0,68.0,67.0,62.0,89.47,81.58
459,47065001300,108,96.0,96.0,94.0,80.0,88.89,74.07
460,47065001400,107,100.0,100.0,94.0,92.0,93.46,85.98
461,47065001600,42,35.0,34.0,24.0,21.0,83.33,50.0
462,47065001800,149,135.0,130.0,128.0,127.0,90.6,85.23
463,47065001900,180,160.0,139.0,127.0,124.0,88.89,68.89
464,47065002000,169,108.0,108.0,97.0,83.0,63.91,49.11
465,47065002300,105,94.0,85.0,77.0,75.0,89.52,71.43
466,47065002400,175,172.0,168.0,166.0,164.0,98.29,93.71
467,47065002500,164,146.0,140.0,134.0,134.0,89.02,81.71
468,47065002600,148,130.0,121.0,117.0,117.0,87.84,79.05
469,47065002800,113,86.0,85.0,84.0,82.0,76.11,72.57
470,47065002900,51,46.0,46.0,45.0,44.0,90.2,86.27
471,47065003000,75,60.0,57.0,48.0,46.0,80.0,61.33
472,47065003100,121,103.0,103.0,100.0,66.0,85.12,54.55
473,47065003200,68,66.0,66.0,66.0,66.0,97.06,97.06
474,47065003300,135,120.0,120.0,120.0,120.0,88.89,88.89
475,47065003400,77,62.0,61.0,59.0,55.0,80.52,71.43
476,47065010101,85,66.0,66.0,63.0,62.0,77.65,72.94
477,47065010103,84,59.0,59.0,57.0,52.0,70.24,61.9
478,47065010104,119,66.0,64.0,58.0,57.0,55.46,47.9
479,47065010201,72,57.0,56.0,55.0,55.0,79.17,76.39
480,47065010202,119,96.0,95.0,86.0,80.0,80.67,67.23
481,47065010303,44,43.0,41.0,41.0,41.0,97.73,93.18
482,47065010304,88,77.0,76.0,76.0,76.0,87.5,86.36
483,47065010305,46,38.0,38.0,37.0,36.0,82.61,78.26
484,47065010306,74,57.0,56.0,55.0,55.0,77.03,74.32
485,47065010307,156,144.0,144.0,140.0,140.0,92.31,89.74
486,47065010411,67,63.0,62.0,61.0,61.0,94.03,91.04
487,47065010412,56,51.0,51.0,51.0,51.0,91.07,91.07
488,47065010413,48,43.0,43.0,43.0,42.0,89.58,87.5
489,47065010431,90,77.0,77.0,77.0,75.0,85.56,83.33
490,47065010432,81,60.0,60.0,59.0,58.0,74.07,71.6
491,47065010433,73,56.0,53.0,49.0,49.0,76.71,67.12
492,47065010434,51,42.0,42.0,42.0,42.0,82.35,82.35
493,47065010435,77,65.0,65.0,65.0,63.0,84.42,81.82
494,47065010501,98,90.0,90.0,88.0,88.0,91.84,89.8
495,47065010502,43,40.0,40.0,40.0,40.0,93.02,93.02
496,47065010600,55,53.0,53.0,52.0,50.0,96.36,90.91
497,47065010700,56,53.0,50.0,50.0,47.0,94.64,83.93
498,47065010800,73,68.0,67.0,66.0,65.0,93.15,89.04
499,47065010901,48,31.0,25.0,23.0,19.0,64.58,39.58
500,47065010902,38,32.0,31.0,28.0,28.0,84.21,73.68
501,47065010903,44,33.0,33.0,32.0,31.0,75.0,70.45
502,47065011001,75,49.0,49.0,33.0,33.0,65.33,44.0
503,47065011002,140,120.0,119.0,119.0,118.0,85.71,84.29
504,47065011100,134,125.0,125.0,123.0,121.0,93.28,90.3
505,47065011201,160,130.0,129.0,101.0,90.0,81.25,56.25
506,47065011203,60,50.0,50.0,45.0,44.0,83.33,73.33
507,47065011204,126,104.0,103.0,77.0,76.0,82.54,60.32
508,47065011311,115,90.0,90.0,85.0,82.0,78.26,71.3
509,47065011314,34,33.0,33.0,33.0,33.0,97.06,97.06
510,47065011321,47,40.0,40.0,40.0,40.0,85.11,85.11
511,47065011323,44,40.0,40.0,40.0,40.0,90.91,90.91
512,47065011324,48,47.0,47.0,47.0,47.0,97.92,97.92
513,47065011325,63,57.0,57.0,57.0,57.0,90.48,90.48
514,47065011326,38,37.0,37.0,37.0,37.0,97.37,97.37
515,47065011402,89,87.0,87.0,86.0,84.0,97.75,94.38
516,47065011411,65,54.0,54.0,54.0,53.0,83.08,81.54
517,47065011413,80,72.0,72.0,69.0,69.0,90.0,86.25
518,47065011442,37,26.0,26.0,26.0,25.0,70.27,67.57
519,47065011443,109,93.0,93.0,93.0,91.0,85.32,83.49
520,47065011444,57,51.0,51.0,49.0,49.0,89.47,85.96
521,47065011445,81,75.0,72.0,60.0,60.0,92.59,74.07
522,47065011446,52,47.0,47.0,44.0,44.0,90.38,84.62
523,47065011447,73,69.0,69.0,63.0,62.0,94.52,84.93
524,47065011600,130,99.0,98.0,98.0,98.0,76.15,75.38
525,47065011700,75,60.0,57.0,57.0,56.0,80.0,74.67
526,47065011800,85,82.0,82.0,82.0,82.0,96.47,96.47
527,47065011900,37,30.0,29.0,29.0,29.0,81.08,78.38
528,47065012000,87,80.0,80.0,78.0,77.0,91.95,88.51
529,47065012100,181,138.0,135.0,134.0,132.0,76.24,72.93
530,47065012200,97,94.0,91.0,91.0,91.0,96.91,93.81
531,47065012300,177,162.0,160.0,154.0,154.0,91.53,87.01
532,47065012400,119,108.0,108.0,103.0,86.0,90.76,72.27
533,47065980100,10,4.0,3.0,2.0,1.0,40.0,10.0
534,47065980200,14,5.0,4.0,4.0,3.0,35.71,21.43
535,47067960500,73,10.0,8.0,4.0,1.0,13.7,1.37
536,47067960600,186,109.0,102.0,67.0,30.0,58.6,16.13
537,47069950100,240,51.0,34.0,0.0,0.0,21.25,0.0
538,47069950200,128,102.0,94.0,55.0,46.0,79.69,35.94
539,47069950300,154,119.0,108.0,64.0,18.0,77.27,11.69
540,47069950400,259,156.0,130.0,85.0,54.0,60.23,20.85
541,47069950500,233,134.0,116.0,41.0,19.0,57.51,8.15
542,47069950600,208,101.0,87.0,40.0,6.0,48.56,2.88
543,47071920100,187,49.0,49.0,5.0,2.0,26.2,1.07
544,47071920200,352,163.0,138.0,9.0,7.0,46.31,1.99
545,47071920300,160,122.0,112.0,76.0,14.0,76.25,8.75
546,47071920400,275,203.0,195.0,97.0,49.0,73.82,17.82
547,47071920500,217,91.0,88.0,4.0,3.0,41.94,1.38
548,47071920600,237,101.0,90.0,29.0,17.0,42.62,7.17
549,47073050100,182,67.0,64.0,0.0,0.0,36.81,0.0
550,47073050200,110,28.0,23.0,1.0,0.0,25.45,0.0
551,47073050301,217,164.0,162.0,120.0,24.0,75.58,11.06
552,47073050302,168,97.0,90.0,34.0,16.0,57.74,9.52
553,47073050400,193,111.0,97.0,7.0,6.0,57.51,3.11
554,47073050501,79,42.0,38.0,23.0,17.0,53.16,21.52
555,47073050502,155,94.0,94.0,28.0,23.0,60.65,14.84
556,47073050503,113,87.0,87.0,57.0,37.0,76.99,32.74
557,47073050601,182,101.0,101.0,68.0,47.0,55.49,25.82
558,47073050602,115,72.0,58.0,45.0,31.0,62.61,26.96
559,47073050700,87,29.0,21.0,0.0,0.0,33.33,0.0
560,47073050800,176,42.0,41.0,3.0,0.0,23.86,0.0
561,47073050900,123,80.0,66.0,32.0,26.0,65.04,21.14
562,47075930100,153,69.0,54.0,0.0,0.0,45.1,0.0
563,47075930200,107,41.0,34.0,1.0,0.0,38.32,0.0
564,47075930301,134,107.0,102.0,70.0,24.0,79.85,17.91
565,47075930302,81,64.0,59.0,46.0,17.0,79.01,20.99
566,47075930400,219,143.0,132.0,94.0,54.0,65.3,24.66
567,47075930500,132,40.0,37.0,15.0,15.0,30.3,11.36
568,47077975000,205,71.0,69.0,41.0,30.0,34.63,14.63
569,47077975100,193,71.0,62.0,1.0,0.0,36.79,0.0
570,47077975200,234,75.0,73.0,1.0,0.0,32.05,0.0
571,47077975300,296,187.0,167.0,46.0,21.0,63.18,7.09
572,47077975400,263,139.0,133.0,90.0,10.0,52.85,3.8
573,47077975500,226,104.0,96.0,27.0,10.0,46.02,4.42
574,47079969000,409,86.0,83.0,48.0,36.0,21.03,8.8
575,47079969100,271,78.0,76.0,8.0,8.0,28.78,2.95
576,47079969200,183,19.0,18.0,7.0,7.0,10.38,3.83
577,47079969300,219,174.0,173.0,125.0,23.0,79.45,10.5
578,47079969400,120,102.0,102.0,93.0,53.0,85.0,44.17
579,47079969500,218,150.0,150.0,117.0,83.0,68.81,38.07
580,47079969600,432,265.0,245.0,122.0,98.0,61.34,22.69
581,47079969700,66,15.0,7.0,0.0,0.0,22.73,0.0
582,47079969800,250,116.0,105.0,61.0,61.0,46.4,24.4
583,47081950100,202,108.0,104.0,79.0,65.0,53.47,32.18
584,47081950200,204,162.0,155.0,113.0,84.0,79.41,41.18
585,47081950301,124,81.0,68.0,50.0,33.0,65.32,26.61
586,47081950302,250,125.0,109.0,36.0,26.0,50.0,10.4
587,47081950400,140,22.0,20.0,0.0,0.0,15.71,0.0
588,47081950500,99,15.0,15.0,6.0,6.0,15.15,6.06
589,47083120100,261,16.0,16.0,1.0,1.0,6.13,0.38
590,47083120200,190,7.0,7.0,0.0,0.0,3.68,0.0
591,47083120300,342,55.0,55.0,49.0,49.0,16.08,14.33
592,47085130100,220,168.0,159.0,42.0,2.0,76.36,0.91
593,47085130200,86,30.0,30.0,10.0,2.0,34.88,2.33
594,47085130300,261,205.0,180.0,97.0,24.0,78.54,9.2
595,47085130400,110,17.0,17.0,3.0,0.0,15.45,0.0
596,47085130500,134,97.0,97.0,68.0,42.0,72.39,31.34
597,47087960100,141,76.0,67.0,62.0,35.0,53.9,24.82
598,47087960200,96,63.0,57.0,55.0,36.0,65.62,37.5
599,47087960300,254,185.0,167.0,146.0,123.0,72.83,48.43
600,47087960400,72,47.0,40.0,37.0,24.0,65.28,33.33
601,47089070100,305,259.0,170.0,90.0,2.0,84.92,0.66
602,47089070200,166,119.0,80.0,56.0,53.0,71.69,31.93
603,47089070300,277,216.0,214.0,209.0,138.0,77.98,49.82
604,47089070400,134,87.0,77.0,64.0,54.0,64.93,40.3
605,47089070500,142,96.0,92.0,73.0,68.0,67.61,47.89
606,47089070600,247,139.0,136.0,110.0,75.0,56.28,30.36
607,47089070700,289,215.0,198.0,141.0,84.0,74.39,29.07
608,47089070800,308,188.0,168.0,134.0,116.0,61.04,37.66
609,47089070900,328,203.0,158.0,63.0,59.0,61.89,17.99
610,47091956000,64,3.0,2.0,0.0,0.0,4.69,0.0
611,47091956100,190,135.0,128.0,26.0,20.0,71.05,10.53
612,47091956200,142,27.0,26.0,13.0,2.0,19.01,1.41
613,47091956300,339,263.0,252.0,156.0,59.0,77.58,17.4
614,47091956400,215,148.0,145.0,60.0,38.0,68.84,17.67
615,47093000100,115,91.0,90.0,50.0,20.0,79.13,17.39
616,47093000800,85,73.0,67.0,54.0,48.0,85.88,56.47
617,47093000901,20,16.0,15.0,2.0,0.0,80.0,0.0
618,47093000902,49,24.0,17.0,2.0,1.0,48.98,2.04
619,47093001400,61,59.0,36.0,15.0,2.0,96.72,3.28
620,47093001500,130,128.0,125.0,124.0,124.0,98.46,95.38
621,47093001600,63,61.0,60.0,57.0,57.0,96.83,90.48
622,47093001700,92,88.0,84.0,72.0,69.0,95.65,75.0
623,47093001800,53,52.0,52.0,51.0,51.0,98.11,96.23
624,47093001900,57,52.0,47.0,39.0,39.0,91.23,68.42
625,47093002000,103,102.0,79.0,72.0,70.0,99.03,67.96
626,47093002100,63,44.0,31.0,29.0,29.0,69.84,46.03
627,47093002200,77,71.0,70.0,69.0,69.0,92.21,89.61
628,47093002300,54,52.0,52.0,50.0,44.0,96.3,81.48
629,47093002400,127,114.0,109.0,87.0,73.0,89.76,57.48
630,47093002600,77,65.0,55.0,38.0,36.0,84.42,46.75
631,47093002700,95,82.0,65.0,63.0,62.0,86.32,65.26
632,47093002800,88,82.0,71.0,50.0,47.0,93.18,53.41
633,47093002900,75,68.0,64.0,63.0,63.0,90.67,84.0
634,47093003000,48,45.0,43.0,43.0,43.0,93.75,89.58
635,47093003100,45,43.0,43.0,42.0,40.0,95.56,88.89
636,47093003200,74,67.0,61.0,21.0,21.0,90.54,28.38
637,47093003300,43,39.0,39.0,13.0,10.0,90.7,23.26
638,47093003400,78,73.0,73.0,73.0,70.0,93.59,89.74
639,47093003500,133,95.0,86.0,80.0,73.0,71.43,54.89
640,47093003700,74,63.0,63.0,58.0,54.0,85.14,72.97
641,47093003801,65,52.0,50.0,46.0,44.0,80.0,67.69
642,47093003802,46,39.0,37.0,33.0,30.0,84.78,65.22
643,47093003901,44,43.0,42.0,41.0,41.0,97.73,93.18
644,47093003902,46,45.0,45.0,45.0,45.0,97.83,97.83
645,47093004000,44,42.0,42.0,42.0,42.0,95.45,95.45
646,47093004100,61,61.0,61.0,58.0,58.0,100.0,95.08
647,47093004200,71,71.0,71.0,70.0,70.0,100.0,98.59
648,47093004300,67,53.0,53.0,51.0,39.0,79.1,58.21
649,47093004401,89,87.0,84.0,78.0,78.0,97.75,87.64
650,47093004403,93,91.0,91.0,88.0,83.0,97.85,89.25
651,47093004404,62,57.0,55.0,40.0,37.0,91.94,59.68
652,47093004500,51,49.0,48.0,48.0,47.0,96.08,92.16
653,47093004606,59,58.0,57.0,57.0,56.0,98.31,94.92
654,47093004607,72,70.0,69.0,68.0,66.0,97.22,91.67
655,47093004608,36,32.0,31.0,31.0,31.0,88.89,86.11
656,47093004609,62,52.0,49.0,47.0,45.0,83.87,72.58
657,47093004610,59,51.0,45.0,41.0,36.0,86.44,61.02
658,47093004611,84,69.0,63.0,55.0,55.0,82.14,65.48
659,47093004612,16,16.0,16.0,16.0,16.0,100.0,100.0
660,47093004613,42,39.0,38.0,34.0,34.0,92.86,80.95
661,47093004614,28,27.0,27.0,25.0,25.0,96.43,89.29
662,47093004615,33,32.0,32.0,32.0,30.0,96.97,90.91
663,47093004700,79,67.0,65.0,65.0,65.0,84.81,82.28
664,47093004800,105,96.0,87.0,80.0,69.0,91.43,65.71
665,47093004900,89,80.0,79.0,78.0,75.0,89.89,84.27
666,47093005000,73,71.0,71.0,70.0,68.0,97.26,93.15
667,47093005100,90,81.0,81.0,81.0,78.0,90.0,86.67
668,47093005201,66,64.0,61.0,55.0,51.0,96.97,77.27
669,47093005202,92,75.0,72.0,66.0,54.0,81.52,58.7
670,47093005301,106,94.0,86.0,79.0,58.0,88.68,54.72
671,47093005302,97,58.0,46.0,34.0,14.0,59.79,14.43
672,47093005401,122,92.0,72.0,60.0,53.0,75.41,43.44
673,47093005402,146,77.0,51.0,46.0,38.0,52.74,26.03
674,47093005501,78,63.0,62.0,60.0,56.0,80.77,71.79
675,47093005502,69,59.0,49.0,48.0,44.0,85.51,63.77
676,47093005602,84,79.0,71.0,70.0,70.0,94.05,83.33
677,47093005603,81,77.0,74.0,73.0,72.0,95.06,88.89
678,47093005604,87,63.0,53.0,50.0,39.0,72.41,44.83
679,47093005701,127,86.0,74.0,70.0,65.0,67.72,51.18
680,47093005704,72,66.0,65.0,63.0,60.0,91.67,83.33
681,47093005706,81,76.0,72.0,70.0,65.0,93.83,80.25
682,47093005707,73,54.0,40.0,39.0,38.0,73.97,52.05
683,47093005708,13,13.0,10.0,10.0,10.0,100.0,76.92
684,47093005709,22,22.0,18.0,18.0,18.0,100.0,81.82
685,47093005710,71,48.0,37.0,35.0,31.0,67.61,43.66
686,47093005711,46,42.0,39.0,39.0,39.0,91.3,84.78
687,47093005712,76,71.0,70.0,70.0,66.0,93.42,86.84
688,47093005803,78,58.0,57.0,56.0,53.0,74.36,67.95
689,47093005807,39,37.0,34.0,31.0,31.0,94.87,79.49
690,47093005808,81,79.0,60.0,60.0,60.0,97.53,74.07
691,47093005809,68,59.0,51.0,51.0,51.0,86.76,75.0
692,47093005810,45,33.0,31.0,31.0,30.0,73.33,66.67
693,47093005811,51,51.0,39.0,39.0,38.0,100.0,74.51
694,47093005812,64,59.0,41.0,39.0,39.0,92.19,60.94
695,47093005813,81,78.0,59.0,59.0,59.0,96.3,72.84
696,47093005903,15,14.0,14.0,14.0,13.0,93.33,86.67
697,47093005904,93,71.0,67.0,67.0,62.0,76.34,66.67
698,47093005905,29,16.0,14.0,14.0,14.0,55.17,48.28
699,47093005906,31,19.0,18.0,18.0,14.0,61.29,45.16
700,47093005907,35,25.0,25.0,25.0,25.0,71.43,71.43
701,47093005908,79,63.0,61.0,59.0,56.0,79.75,70.89
702,47093006001,40,39.0,38.0,38.0,37.0,97.5,92.5
703,47093006002,48,46.0,42.0,42.0,36.0,95.83,75.0
704,47093006003,35,34.0,27.0,26.0,16.0,97.14,45.71
705,47093006102,64,58.0,44.0,41.0,32.0,90.62,50.0
706,47093006103,51,50.0,50.0,50.0,41.0,98.04,80.39
707,47093006104,60,59.0,59.0,57.0,46.0,98.33,76.67
708,47093006202,42,41.0,40.0,40.0,40.0,97.62,95.24
709,47093006203,54,52.0,52.0,49.0,47.0,96.3,87.04
710,47093006205,43,42.0,42.0,41.0,38.0,97.67,88.37
711,47093006206,38,33.0,32.0,31.0,25.0,86.84,65.79
712,47093006207,21,21.0,21.0,21.0,20.0,100.0,95.24
713,47093006208,69,60.0,59.0,50.0,49.0,86.96,71.01
714,47093006301,77,64.0,58.0,47.0,37.0,83.12,48.05
715,47093006302,66,49.0,47.0,36.0,10.0,74.24,15.15
716,47093006401,39,39.0,39.0,38.0,37.0,100.0,94.87
717,47093006402,91,84.0,82.0,73.0,61.0,92.31,67.03
718,47093006403,33,33.0,33.0,32.0,31.0,100.0,93.94
719,47093006501,99,89.0,86.0,77.0,71.0,89.9,71.72
720,47093006502,82,61.0,60.0,46.0,37.0,74.39,45.12
721,47093006600,152,130.0,130.0,84.0,20.0,85.53,13.16
722,47093006700,142,119.0,112.0,22.0,6.0,83.8,4.23
723,47093006800,94,65.0,50.0,21.0,9.0,69.15,9.57
724,47093006900,108,94.0,91.0,57.0,35.0,87.04,32.41
725,47093007000,107,99.0,83.0,26.0,4.0,92.52,3.74
726,47093007100,94,71.0,71.0,69.0,65.0,75.53,69.15
727,47095960100,192,120.0,120.0,87.0,38.0,62.5,19.79
728,47095960200,175,129.0,127.0,113.0,67.0,73.71,38.29
729,47097050100,40,5.0,5.0,2.0,2.0,12.5,5.0
730,47097050200,235,164.0,162.0,108.0,46.0,69.79,19.57
731,47097050300,124,92.0,65.0,15.0,11.0,74.19,8.87
732,47097050400,83,66.0,64.0,45.0,33.0,79.52,39.76
733,47097050503,97,82.0,82.0,80.0,38.0,84.54,39.18
734,47097050504,73,72.0,72.0,72.0,41.0,98.63,56.16
735,47097050505,106,99.0,99.0,99.0,26.0,93.4,24.53
736,47097050506,65,46.0,43.0,39.0,10.0,70.77,15.38
737,47097050600,148,103.0,98.0,87.0,34.0,69.59,22.97
738,47099960100,228,157.0,151.0,99.0,94.0,68.86,41.23
739,47099960200,104,36.0,36.0,0.0,0.0,34.62,0.0
740,47099960300,296,260.0,256.0,88.0,88.0,87.84,29.73
741,47099960401,253,248.0,246.0,241.0,240.0,98.02,94.86
742,47099960402,186,172.0,171.0,166.0,159.0,92.47,85.48
743,47099960501,207,193.0,193.0,177.0,177.0,93.24,85.51
744,47099960502,200,154.0,151.0,134.0,125.0,77.0,62.5
745,47099960600,301,114.0,105.0,1.0,1.0,37.87,0.33
746,47099960700,238,196.0,195.0,99.0,99.0,82.35,41.6
747,47099960800,222,165.0,165.0,70.0,70.0,74.32,31.53
748,47099960900,225,110.0,75.0,0.0,0.0,48.89,0.0
749,47101970100,266,66.0,64.0,36.0,34.0,24.81,12.78
750,47101970200,432,326.0,308.0,291.0,287.0,75.46,66.44
751,47103975000,146,34.0,30.0,14.0,13.0,23.29,8.9
752,47103975100,170,106.0,106.0,48.0,38.0,62.35,22.35
753,47103975200,272,89.0,83.0,24.0,2.0,32.72,0.74
754,47103975300,288,246.0,239.0,237.0,235.0,85.42,81.6
755,47103975400,302,231.0,230.0,225.0,221.0,76.49,73.18
756,47103975500,276,231.0,226.0,188.0,178.0,83.7,64.49
757,47103975601,119,104.0,104.0,94.0,94.0,87.39,78.99
758,47103975602,136,93.0,93.0,83.0,80.0,68.38,58.82
759,47103975700,178,97.0,96.0,60.0,59.0,54.49,33.15
760,47105060100,391,230.0,178.0,146.0,131.0,58.82,33.5
761,47105060201,241,151.0,126.0,109.0,95.0,62.66,39.42
762,47105060202,397,336.0,330.0,311.0,212.0,84.63,53.4
763,47105060301,203,117.0,110.0,84.0,75.0,57.64,36.95
764,47105060302,220,161.0,137.0,121.0,109.0,73.18,49.55
765,47105060400,399,286.0,196.0,145.0,134.0,71.68,33.58
766,47105060501,450,337.0,253.0,238.0,209.0,74.89,46.44
767,47105060502,98,62.0,60.0,38.0,34.0,63.27,34.69
768,47105060600,312,200.0,186.0,152.0,83.0,64.1,26.6
769,47105060700,213,105.0,77.0,56.0,56.0,49.3,26.29
770,47107970101,266,174.0,134.0,81.0,57.0,65.41,21.43
771,47107970102,211,143.0,134.0,75.0,66.0,67.77,31.28
772,47107970200,238,207.0,206.0,171.0,139.0,86.97,58.4
773,47107970300,138,133.0,133.0,113.0,93.0,96.38,67.39
774,47107970401,106,91.0,86.0,72.0,67.0,85.85,63.21
775,47107970402,160,141.0,127.0,121.0,102.0,88.12,63.75
776,47107970500,241,195.0,167.0,122.0,111.0,80.91,46.06
777,47107970600,315,223.0,185.0,121.0,5.0,70.79,1.59
778,47107970700,249,202.0,173.0,115.0,3.0,81.12,1.2
779,47107970800,396,223.0,141.0,41.0,13.0,56.31,3.28
780,47109930100,262,136.0,132.0,74.0,56.0,51.91,21.37
781,47109930200,123,22.0,22.0,0.0,0.0,17.89,0.0
782,47109930300,184,88.0,82.0,57.0,39.0,47.83,21.2
783,47109930400,129,49.0,49.0,2.0,1.0,37.98,0.78
784,47109930500,386,239.0,195.0,117.0,9.0,61.92,2.33
785,47109930600,123,27.0,27.0,5.0,0.0,21.95,0.0
786,47109930700,178,97.0,96.0,29.0,24.0,54.49,13.48
787,47111970100,256,177.0,38.0,37.0,1.0,69.14,0.39
788,47111970200,221,186.0,53.0,53.0,53.0,84.16,23.98
789,47111970300,312,256.0,181.0,181.0,177.0,82.05,56.73
790,47111970400,157,143.0,20.0,18.0,1.0,91.08,0.64
791,47113000100,93,55.0,54.0,49.0,49.0,59.14,52.69
792,47113000200,202,120.0,117.0,98.0,75.0,59.41,37.13
793,47113000300,141,88.0,87.0,79.0,78.0,62.41,55.32
794,47113000400,61,52.0,50.0,45.0,45.0,85.25,73.77
795,47113000500,75,58.0,54.0,50.0,48.0,77.33,64.0
796,47113000600,68,67.0,67.0,64.0,64.0,98.53,94.12
797,47113000700,96,91.0,91.0,88.0,79.0,94.79,82.29
798,47113000800,173,143.0,143.0,141.0,96.0,82.66,55.49
799,47113000900,105,86.0,85.0,82.0,70.0,81.9,66.67
800,47113001000,45,43.0,41.0,37.0,37.0,95.56,82.22
801,47113001100,85,70.0,65.0,53.0,36.0,82.35,42.35
802,47113001300,223,165.0,164.0,141.0,140.0,73.99,62.78
803,47113001401,91,60.0,56.0,49.0,48.0,65.93,52.75
804,47113001402,126,79.0,74.0,59.0,43.0,62.7,34.13
805,47113001501,137,99.0,99.0,85.0,75.0,72.26,54.74
806,47113001502,259,118.0,115.0,58.0,32.0,45.56,12.36
807,47113001603,37,23.0,23.0,22.0,20.0,62.16,54.05
808,47113001604,78,47.0,46.0,42.0,42.0,60.26,53.85
809,47113001605,106,45.0,45.0,33.0,33.0,42.45,31.13
810,47113001606,143,93.0,93.0,83.0,82.0,65.03,57.34
811,47113001607,90,65.0,64.0,58.0,55.0,72.22,61.11
812,47113001608,56,41.0,37.0,29.0,29.0,73.21,51.79
813,47113001609,112,48.0,44.0,19.0,19.0,42.86,16.96
814,47113001610,116,79.0,79.0,73.0,69.0,68.1,59.48
815,47113001700,91,45.0,41.0,6.0,6.0,49.45,6.59
816,47113001800,141,66.0,64.0,15.0,15.0,46.81,10.64
817,47113001900,154,63.0,61.0,9.0,9.0,40.91,5.84
818,47115050101,182,34.0,30.0,21.0,18.0,18.68,9.89
819,47115050102,273,231.0,227.0,208.0,208.0,84.62,76.19
820,47115050201,264,128.0,118.0,59.0,54.0,48.48,20.45
821,47115050202,342,293.0,288.0,275.0,254.0,85.67,74.27
822,47115050301,380,345.0,344.0,339.0,338.0,90.79,88.95
823,47115050302,222,95.0,95.0,48.0,31.0,42.79,13.96
824,47117955000,288,134.0,134.0,120.0,120.0,46.53,41.67
825,47117955100,256,181.0,180.0,113.0,103.0,70.7,40.23
826,47117955200,343,237.0,221.0,173.0,159.0,69.1,46.36
827,47117955300,114,110.0,110.0,109.0,105.0,96.49,92.11
828,47117955400,142,132.0,132.0,126.0,114.0,92.96,80.28
829,47117955500,366,219.0,210.0,114.0,89.0,59.84,24.32
830,47119010100,187,87.0,78.0,38.0,23.0,46.52,12.3
831,47119010201,385,180.0,179.0,172.0,151.0,46.75,39.22
832,47119010202,243,162.0,162.0,149.0,132.0,66.67,54.32
833,47119010301,191,118.0,114.0,96.0,90.0,61.78,47.12
834,47119010302,124,68.0,66.0,52.0,43.0,54.84,34.68
835,47119010400,307,194.0,190.0,179.0,174.0,63.19,56.68
836,47119010500,225,158.0,158.0,149.0,142.0,70.22,63.11
837,47119010600,192,152.0,151.0,148.0,145.0,79.17,75.52
838,47119010700,139,124.0,121.0,115.0,115.0,89.21,82.73
839,47119010801,92,77.0,77.0,75.0,70.0,83.7,76.09
840,47119010802,330,173.0,169.0,164.0,158.0,52.42,47.88
841,47119010900,152,53.0,50.0,41.0,33.0,34.87,21.71
842,47119011001,261,152.0,144.0,129.0,123.0,58.24,47.13
843,47119011002,351,219.0,212.0,204.0,173.0,62.39,49.29
844,47119011101,195,122.0,122.0,119.0,114.0,62.56,58.46
845,47119011102,114,60.0,58.0,50.0,46.0,52.63,40.35
846,47119011200,306,149.0,137.0,110.0,81.0,48.69,26.47
847,47121960100,296,190.0,148.0,53.0,13.0,64.19,4.39
848,47121960200,383,265.0,150.0,84.0,15.0,69.19,3.92
849,47121960300,149,45.0,41.0,18.0,17.0,30.2,11.41
850,47123925000,443,248.0,238.0,187.0,145.0,55.98,32.73
851,47123925100,333,188.0,182.0,121.0,98.0,56.46,29.43
852,47123925200,346,258.0,253.0,165.0,133.0,74.57,38.44
853,47123925300,313,227.0,205.0,128.0,57.0,72.52,18.21
854,47123925400,392,261.0,259.0,186.0,110.0,66.58,28.06
855,47123925501,135,62.0,58.0,38.0,25.0,45.93,18.52
856,47123925502,324,149.0,133.0,76.0,43.0,45.99,13.27
857,47125100100,78,68.0,68.0,68.0,7.0,87.18,8.97
858,47125100200,67,46.0,45.0,45.0,44.0,68.66,65.67
859,47125100300,77,64.0,64.0,64.0,64.0,83.12,83.12
860,47125100400,45,44.0,43.0,43.0,42.0,97.78,93.33
861,47125100500,67,57.0,57.0,54.0,53.0,85.07,79.1
862,47125100601,46,38.0,38.0,38.0,38.0,82.61,82.61
863,47125100602,52,41.0,41.0,40.0,38.0,78.85,73.08
864,47125100700,32,30.0,30.0,29.0,28.0,93.75,87.5
865,47125100800,137,92.0,91.0,86.0,68.0,67.15,49.64
866,47125100900,63,40.0,29.0,25.0,25.0,63.49,39.68
867,47125101001,92,65.0,64.0,55.0,55.0,70.65,59.78
868,47125101002,52,40.0,40.0,40.0,40.0,76.92,76.92
869,47125101101,25,25.0,25.0,21.0,21.0,100.0,84.0
870,47125101102,89,82.0,82.0,82.0,81.0,92.13,91.01
871,47125101103,32,25.0,25.0,25.0,25.0,78.12,78.12
872,47125101201,20,17.0,17.0,17.0,16.0,85.0,80.0
873,47125101202,47,46.0,46.0,42.0,42.0,97.87,89.36
874,47125101303,73,64.0,64.0,64.0,64.0,87.67,87.67
875,47125101304,96,71.0,68.0,67.0,67.0,73.96,69.79
876,47125101305,20,18.0,18.0,18.0,18.0,90.0,90.0
877,47125101306,50,43.0,43.0,41.0,41.0,86.0,82.0
878,47125101307,32,25.0,25.0,25.0,25.0,78.12,78.12
879,47125101400,34,1.0,0.0,0.0,0.0,2.94,0.0
880,47125101500,108,63.0,63.0,52.0,49.0,58.33,45.37
881,47125101600,84,53.0,52.0,50.0,50.0,63.1,59.52
882,47125101700,243,115.0,100.0,26.0,16.0,47.33,6.58
883,47125101802,185,132.0,119.0,89.0,60.0,71.35,32.43
884,47125101803,98,61.0,61.0,60.0,57.0,62.24,58.16
885,47125101804,95,69.0,69.0,50.0,46.0,72.63,48.42
886,47125101902,31,29.0,29.0,29.0,29.0,93.55,93.55
887,47125101903,104,79.0,79.0,76.0,76.0,75.96,73.08
888,47125101904,73,51.0,46.0,32.0,28.0,69.86,38.36
889,47125102001,70,58.0,57.0,55.0,54.0,82.86,77.14
890,47125102002,47,42.0,42.0,41.0,41.0,89.36,87.23
891,47125102003,35,32.0,32.0,32.0,32.0,91.43,91.43
892,47125102004,38,30.0,30.0,30.0,30.0,78.95,78.95
893,47125102005,62,39.0,39.0,36.0,36.0,62.9,58.06
894,47125102006,68,56.0,56.0,54.0,50.0,82.35,73.53
895,47125980100,41,8.0,8.0,8.0,8.0,19.51,19.51
896,47127930100,220,123.0,122.0,80.0,76.0,55.91,34.55
897,47127930200,233,125.0,124.0,97.0,89.0,53.65,38.2
898,47129110100,305,204.0,20.0,20.0,19.0,66.89,6.23
899,47129110200,179,153.0,0.0,0.0,0.0,85.47,0.0
900,47129110300,163,23.0,2.0,0.0,0.0,14.11,0.0
901,47129110400,233,195.0,108.0,68.0,58.0,83.69,24.89
902,47129110500,320,190.0,72.0,72.0,71.0,59.38,22.19
903,47131965000,226,175.0,168.0,83.0,21.0,77.43,9.29
904,47131965100,159,83.0,81.0,40.0,2.0,52.2,1.26
905,47131965200,79,47.0,46.0,23.0,1.0,59.49,1.27
906,47131965300,278,221.0,219.0,137.0,1.0,79.5,0.36
907,47131965400,431,377.0,376.0,348.0,26.0,87.47,6.03
908,47131965500,272,246.0,245.0,234.0,73.0,90.44,26.84
909,47131965600,206,195.0,195.0,194.0,14.0,94.66,6.8
910,47131965700,157,151.0,151.0,151.0,17.0,96.18,10.83
911,47131965800,218,90.0,88.0,48.0,0.0,41.28,0.0
912,47131965900,189,173.0,168.0,149.0,38.0,91.53,20.11
913,47133950100,125,93.0,69.0,68.0,29.0,74.4,23.2
914,47133950200,108,75.0,59.0,59.0,29.0,69.44,26.85
915,47133950301,197,180.0,174.0,151.0,102.0,91.37,51.78
916,47133950302,153,135.0,123.0,108.0,71.0,88.24,46.41
917,47133950400,97,74.0,62.0,55.0,33.0,76.29,34.02
918,47133950500,196,179.0,154.0,144.0,98.0,91.33,50.0
919,47133950600,111,82.0,52.0,44.0,26.0,73.87,23.42
920,47135930100,240,81.0,79.0,44.0,12.0,33.75,5.0
921,47135930200,423,143.0,139.0,89.0,23.0,33.81,5.44
922,47137925100,358,221.0,159.0,134.0,100.0,61.73,27.93
923,47139950100,66,25.0,19.0,0.0,0.0,37.88,0.0
924,47139950201,145,86.0,59.0,10.0,6.0,59.31,4.14
925,47139950202,322,247.0,211.0,134.0,85.0,76.71,26.4
926,47139950300,151,76.0,73.0,48.0,37.0,50.33,24.5
927,47139950400,191,119.0,113.0,27.0,1.0,62.3,0.52
928,47141000100,437,393.0,298.0,225.0,193.0,89.93,44.16
929,47141000200,366,290.0,231.0,204.0,156.0,79.23,42.62
930,47141000301,116,116.0,72.0,69.0,41.0,100.0,35.34
931,47141000302,125,116.0,114.0,114.0,113.0,92.8,90.4
932,47141000303,75,51.0,50.0,50.0,40.0,68.0,53.33
933,47141000400,135,109.0,107.0,106.0,91.0,80.74,67.41
934,47141000500,104,77.0,77.0,77.0,67.0,74.04,64.42
935,47141000600,232,167.0,142.0,142.0,116.0,71.98,50.0
936,47141000700,216,129.0,126.0,126.0,97.0,59.72,44.91
937,47141000800,235,171.0,171.0,170.0,153.0,72.77,65.11
938,47141000900,249,240.0,140.0,121.0,100.0,96.39,40.16
939,47141001000,259,184.0,115.0,97.0,68.0,71.04,26.25
940,47141001100,377,356.0,226.0,207.0,192.0,94.43,50.93
941,47141001200,304,289.0,200.0,195.0,160.0,95.07,52.63
942,47141001300,98,81.0,67.0,52.0,48.0,82.65,48.98
943,47143975000,372,233.0,147.0,55.0,48.0,62.63,12.9
944,47143975100,389,219.0,122.0,37.0,28.0,56.3,7.2
945,47143975200,234,130.0,115.0,46.0,46.0,55.56,19.66
946,47143975300,240,148.0,143.0,90.0,70.0,61.67,29.17
947,47143975401,326,241.0,231.0,174.0,47.0,73.93,14.42
948,47143975402,109,76.0,75.0,63.0,47.0,69.72,43.12
949,47145030100,59,47.0,47.0,47.0,42.0,79.66,71.19
950,47145030201,396,231.0,186.0,153.0,146.0,58.33,36.87
951,47145030202,305,212.0,192.0,175.0,143.0,69.51,46.89
952,47145030300,376,248.0,190.0,165.0,149.0,65.96,39.63
953,47145030400,374,250.0,193.0,155.0,67.0,66.84,17.91
954,47145030500,311,197.0,159.0,122.0,19.0,63.34,6.11
955,47145030600,163,115.0,108.0,93.0,82.0,70.55,50.31
956,47145030700,312,193.0,147.0,81.0,46.0,61.86,14.74
957,47145030800,338,273.0,247.0,202.0,37.0,80.77,10.95
958,47145030900,293,198.0,160.0,139.0,86.0,67.58,29.35
959,47145980100,342,7.0,1.0,1.0,0.0,2.05,0.0
960,47147080101,152,83.0,78.0,27.0,21.0,54.61,13.82
961,47147080103,103,90.0,89.0,80.0,71.0,87.38,68.93
962,47147080104,125,79.0,72.0,52.0,48.0,63.2,38.4
963,47147080200,185,129.0,106.0,29.0,21.0,69.73,11.35
964,47147080301,51,42.0,42.0,37.0,24.0,82.35,47.06
965,47147080302,121,120.0,118.0,101.0,32.0,99.17,26.45
966,47147080401,97,91.0,84.0,73.0,64.0,93.81,65.98
967,47147080402,79,69.0,69.0,60.0,42.0,87.34,53.16
968,47147080500,110,86.0,80.0,64.0,57.0,78.18,51.82
969,47147080603,85,54.0,52.0,48.0,46.0,63.53,54.12
970,47147080604,51,44.0,42.0,37.0,35.0,86.27,68.63
971,47147080605,43,38.0,36.0,31.0,26.0,88.37,60.47
972,47147080606,83,81.0,81.0,79.0,71.0,97.59,85.54
973,47147080700,162,110.0,102.0,92.0,78.0,67.9,48.15
974,47149040101,32,32.0,32.0,32.0,32.0,100.0,100.0
975,47149040102,16,16.0,16.0,16.0,16.0,100.0,100.0
976,47149040103,72,68.0,68.0,68.0,68.0,94.44,94.44
977,47149040104,49,48.0,48.0,47.0,45.0,97.96,91.84
978,47149040105,36,36.0,36.0,36.0,36.0,100.0,100.0
979,47149040200,61,54.0,54.0,53.0,49.0,88.52,80.33
980,47149040302,167,154.0,154.0,151.0,150.0,92.22,89.82
981,47149040303,27,27.0,27.0,27.0,27.0,100.0,100.0
982,47149040304,41,41.0,41.0,40.0,39.0,100.0,95.12
983,47149040305,29,27.0,27.0,27.0,27.0,93.1,93.1
984,47149040306,72,45.0,44.0,42.0,42.0,62.5,58.33
985,47149040307,41,39.0,39.0,39.0,38.0,95.12,92.68
986,47149040308,66,65.0,65.0,65.0,64.0,98.48,96.97
987,47149040403,102,96.0,95.0,95.0,93.0,94.12,91.18
988,47149040501,99,82.0,82.0,77.0,76.0,82.83,76.77
989,47149040502,109,106.0,103.0,61.0,58.0,97.25,53.21
990,47149040600,117,95.0,95.0,68.0,62.0,81.2,52.99
991,47149040701,164,117.0,117.0,112.0,111.0,71.34,67.68
992,47149040702,151,113.0,113.0,103.0,102.0,74.83,67.55
993,47149040805,114,93.0,93.0,93.0,93.0,81.58,81.58
994,47149040806,90,86.0,86.0,86.0,82.0,95.56,91.11
995,47149040807,51,48.0,48.0,48.0,47.0,94.12,92.16
996,47149040808,85,77.0,76.0,73.0,73.0,90.59,85.88
997,47149040809,50,37.0,35.0,30.0,28.0,74.0,56.0
998,47149040810,101,62.0,57.0,12.0,10.0,61.39,9.9
999,47149040901,97,75.0,66.0,53.0,49.0,77.32,50.52
1000,47149040902,153,135.0,135.0,130.0,129.0,88.24,84.31
1001,47149040903,86,82.0,82.0,82.0,82.0,95.35,95.35
1002,47149040904,50,46.0,46.0,46.0,44.0,92.0,88.0
1003,47149040905,144,108.0,107.0,107.0,106.0,75.0,73.61
1004,47149041000,103,97.0,97.0,94.0,88.0,94.17,85.44
1005,47149041101,139,129.0,129.0,129.0,119.0,92.81,85.61
1006,47149041102,30,29.0,29.0,28.0,28.0,96.67,93.33
1007,47149041201,95,65.0,63.0,63.0,62.0,68.42,65.26
1008,47149041202,52,44.0,44.0,44.0,43.0,84.62,82.69
1009,47149041301,73,73.0,73.0,73.0,73.0,100.0,100.0
1010,47149041302,85,85.0,85.0,85.0,82.0,100.0,96.47
1011,47149041401,25,23.0,23.0,22.0,21.0,92.0,84.0
1012,47149041402,26,26.0,24.0,21.0,20.0,100.0,76.92
1013,47149041403,54,49.0,49.0,49.0,48.0,90.74,88.89
1014,47149041500,9,5.0,5.0,5.0,3.0,55.56,33.33
1015,47149041600,126,125.0,125.0,113.0,100.0,99.21,79.37
1016,47149041700,92,90.0,90.0,87.0,81.0,97.83,88.04
1017,47149041800,129,105.0,94.0,65.0,53.0,81.4,41.09
1018,47149041900,51,51.0,51.0,50.0,46.0,100.0,90.2
1019,47149042000,66,61.0,61.0,61.0,59.0,92.42,89.39
1020,47149042100,111,102.0,101.0,101.0,100.0,91.89,90.09
1021,47149042200,134,102.0,102.0,97.0,89.0,76.12,66.42
1022,47149042300,119,107.0,106.0,102.0,99.0,89.92,83.19
1023,47151975000,340,277.0,141.0,1.0,1.0,81.47,0.29
1024,47151975100,381,315.0,294.0,3.0,3.0,82.68,0.79
1025,47151975200,274,203.0,153.0,0.0,0.0,74.09,0.0
1026,47151975300,239,126.0,13.0,0.0,0.0,52.72,0.0
1027,47151975400,261,112.0,6.0,5.0,5.0,42.91,1.92
1028,47153060101,345,222.0,222.0,5.0,5.0,64.35,1.45
1029,47153060102,173,42.0,42.0,0.0,0.0,24.28,0.0
1030,47153060200,251,163.0,163.0,36.0,35.0,64.94,13.94
1031,47155080101,99,66.0,63.0,59.0,48.0,66.67,48.48
1032,47155080102,167,115.0,114.0,106.0,88.0,68.86,52.69
1033,47155080201,140,136.0,126.0,123.0,123.0,97.14,87.86
1034,47155080202,122,113.0,112.0,108.0,103.0,92.62,84.43
1035,47155080300,97,97.0,97.0,97.0,97.0,100.0,100.0
1036,47155080400,303,204.0,145.0,106.0,89.0,67.33,29.37
1037,47155080500,222,195.0,142.0,139.0,127.0,87.84,57.21
1038,47155080601,172,155.0,153.0,135.0,133.0,90.12,77.33
1039,47155080602,320,257.0,226.0,175.0,170.0,80.31,53.12
1040,47155080700,433,261.0,180.0,88.0,77.0,60.28,17.78
1041,47155080801,111,102.0,93.0,93.0,89.0,91.89,80.18
1042,47155080802,212,207.0,193.0,191.0,189.0,97.64,89.15
1043,47155080901,210,165.0,96.0,23.0,23.0,78.57,10.95
1044,47155080902,302,171.0,127.0,90.0,87.0,56.62,28.81
1045,47155081000,456,217.0,191.0,151.0,132.0,47.59,28.95
1046,47155081101,198,150.0,139.0,126.0,96.0,75.76,48.48
1047,47155081102,277,101.0,69.0,42.0,38.0,36.46,13.72
1048,47155980100,40,14.0,1.0,1.0,1.0,35.0,2.5
1049,47157000100,134,114.0,114.0,66.0,61.0,85.07,45.52
1050,47157000200,28,10.0,9.0,6.0,6.0,35.71,21.43
1051,47157000300,37,14.0,10.0,8.0,7.0,37.84,18.92
1052,47157000400,55,48.0,48.0,3.0,0.0,87.27,0.0
1053,47157000600,61,46.0,44.0,6.0,2.0,75.41,3.28
1054,47157000700,65,63.0,63.0,46.0,43.0,96.92,66.15
1055,47157000800,50,43.0,43.0,27.0,20.0,86.0,40.0
1056,47157000900,58,52.0,52.0,30.0,30.0,89.66,51.72
1057,47157001100,46,43.0,39.0,11.0,0.0,93.48,0.0
1058,47157001200,50,49.0,42.0,34.0,32.0,98.0,64.0
1059,47157001300,54,53.0,52.0,10.0,8.0,98.15,14.81
1060,47157001400,37,37.0,17.0,7.0,2.0,100.0,5.41
1061,47157001500,49,40.0,37.0,14.0,13.0,81.63,26.53
1062,47157001600,45,39.0,38.0,38.0,35.0,86.67,77.78
1063,47157001700,70,69.0,69.0,66.0,66.0,98.57,94.29
1064,47157001900,33,30.0,28.0,21.0,18.0,90.91,54.55
1065,47157002000,42,42.0,40.0,17.0,12.0,100.0,28.57
1066,47157002100,80,80.0,80.0,45.0,34.0,100.0,42.5
1067,47157002400,43,42.0,26.0,3.0,0.0,97.67,0.0
1068,47157002500,75,75.0,75.0,68.0,46.0,100.0,61.33
1069,47157002600,40,40.0,40.0,39.0,37.0,100.0,92.5
1070,47157002700,51,46.0,43.0,42.0,39.0,90.2,76.47
1071,47157002800,62,62.0,44.0,17.0,12.0,100.0,19.35
1072,47157002900,82,82.0,79.0,54.0,45.0,100.0,54.88
1073,47157003000,42,42.0,42.0,31.0,20.0,100.0,47.62
1074,47157003100,74,71.0,68.0,65.0,61.0,95.95,82.43
1075,47157003200,48,48.0,48.0,46.0,41.0,100.0,85.42
1076,47157003300,33,33.0,33.0,32.0,31.0,100.0,93.94
1077,47157003400,30,30.0,30.0,30.0,9.0,100.0,30.0
1078,47157003500,38,37.0,37.0,33.0,29.0,97.37,76.32
1079,47157003600,58,58.0,58.0,41.0,4.0,100.0,6.9
1080,47157003700,33,33.0,28.0,9.0,0.0,100.0,0.0
1081,47157003800,21,20.0,19.0,3.0,0.0,95.24,0.0
1082,47157003900,21,20.0,20.0,14.0,3.0,95.24,14.29
1083,47157004200,123,122.0,122.0,66.0,36.0,99.19,29.27
1084,47157004300,51,49.0,38.0,24.0,18.0,96.08,35.29
1085,47157004500,24,23.0,20.0,6.0,4.0,95.83,16.67
1086,47157004600,46,43.0,41.0,16.0,9.0,93.48,19.57
1087,47157005000,29,26.0,25.0,8.0,2.0,89.66,6.9
1088,47157005300,108,103.0,66.0,42.0,42.0,95.37,38.89
1089,47157005500,70,63.0,39.0,18.0,2.0,90.0,2.86
1090,47157005600,91,91.0,61.0,25.0,15.0,100.0,16.48
1091,47157005700,88,88.0,88.0,87.0,41.0,100.0,46.59
1092,47157005800,35,35.0,35.0,32.0,4.0,100.0,11.43
1093,47157005900,72,71.0,71.0,70.0,13.0,98.61,18.06
1094,47157006000,40,40.0,38.0,12.0,11.0,100.0,27.5
1095,47157006200,50,50.0,47.0,20.0,19.0,100.0,38.0
1096,47157006300,47,46.0,46.0,32.0,29.0,97.87,61.7
1097,47157006400,31,31.0,31.0,31.0,30.0,100.0,96.77
1098,47157006500,46,42.0,35.0,20.0,20.0,91.3,43.48
1099,47157006600,64,57.0,57.0,51.0,46.0,89.06,71.88
1100,47157006700,88,87.0,83.0,31.0,29.0,98.86,32.95
1101,47157006800,43,39.0,39.0,13.0,0.0,90.7,0.0
1102,47157006900,48,47.0,47.0,46.0,45.0,97.92,93.75
1103,47157007000,40,39.0,39.0,29.0,23.0,97.5,57.5
1104,47157007100,44,43.0,43.0,43.0,40.0,97.73,90.91
1105,47157007200,32,32.0,32.0,32.0,21.0,100.0,65.62
1106,47157007300,33,30.0,30.0,23.0,18.0,90.91,54.55
1107,47157007400,49,49.0,48.0,41.0,39.0,100.0,79.59
1108,47157007500,26,26.0,22.0,3.0,1.0,100.0,3.85
1109,47157007810,84,60.0,38.0,2.0,1.0,71.43,1.19
1110,47157007821,69,67.0,66.0,55.0,55.0,97.1,79.71
1111,47157007822,31,30.0,30.0,30.0,30.0,96.77,96.77
1112,47157007900,61,61.0,59.0,51.0,42.0,100.0,68.85
1113,47157008000,67,67.0,67.0,67.0,63.0,100.0,94.03
1114,47157008110,40,39.0,25.0,8.0,5.0,97.5,12.5
1115,47157008120,69,68.0,59.0,47.0,45.0,98.55,65.22
1116,47157008200,46,45.0,44.0,42.0,36.0,97.83,78.26
1117,47157008500,56,54.0,53.0,45.0,40.0,96.43,71.43
1118,47157008600,89,87.0,86.0,80.0,79.0,97.75,88.76
1119,47157008700,67,60.0,60.0,60.0,58.0,89.55,86.57
1120,47157008800,96,89.0,89.0,89.0,43.0,92.71,44.79
1121,47157008900,62,56.0,56.0,55.0,2.0,90.32,3.23
1122,47157009100,37,36.0,36.0,36.0,36.0,97.3,97.3
1123,47157009200,122,115.0,115.0,113.0,109.0,94.26,89.34
1124,47157009300,74,74.0,74.0,73.0,70.0,100.0,94.59
1125,47157009400,63,63.0,63.0,63.0,61.0,100.0,96.83
1126,47157009500,115,115.0,115.0,113.0,106.0,100.0,92.17
1127,47157009600,87,87.0,83.0,71.0,69.0,100.0,79.31
1128,47157009700,38,37.0,37.0,37.0,37.0,97.37,97.37
1129,47157009800,48,46.0,46.0,46.0,45.0,95.83,93.75
1130,47157009901,70,60.0,40.0,13.0,7.0,85.71,10.0
1131,47157009902,50,45.0,37.0,21.0,18.0,90.0,36.0
1132,47157010000,79,79.0,79.0,69.0,68.0,100.0,86.08
1133,47157010110,73,73.0,73.0,60.0,14.0,100.0,19.18
1134,47157010120,75,75.0,75.0,45.0,11.0,100.0,14.67
1135,47157010210,62,62.0,62.0,62.0,46.0,100.0,74.19
1136,47157010220,85,72.0,57.0,33.0,31.0,84.71,36.47
1137,47157010300,13,13.0,12.0,1.0,1.0,100.0,7.69
1138,47157010500,34,25.0,16.0,9.0,7.0,73.53,20.59
1139,47157010610,74,60.0,57.0,53.0,50.0,81.08,67.57
1140,47157010620,37,37.0,36.0,29.0,27.0,100.0,72.97
1141,47157010630,36,34.0,34.0,29.0,18.0,94.44,50.0
1142,47157010710,61,59.0,56.0,55.0,54.0,96.72,88.52
1143,47157010720,32,30.0,30.0,29.0,28.0,93.75,87.5
1144,47157010810,54,54.0,54.0,54.0,52.0,100.0,96.3
1145,47157010820,46,46.0,46.0,44.0,44.0,100.0,95.65
1146,47157011010,45,45.0,45.0,45.0,43.0,100.0,95.56
1147,47157011020,30,25.0,24.0,20.0,13.0,83.33,43.33
1148,47157011100,59,44.0,44.0,16.0,15.0,74.58,25.42
1149,47157011200,43,42.0,29.0,2.0,2.0,97.67,4.65
1150,47157011300,79,73.0,73.0,31.0,1.0,92.41,1.27
1151,47157011400,130,129.0,127.0,64.0,32.0,99.23,24.62
1152,47157011500,73,73.0,59.0,10.0,2.0,100.0,2.74
1153,47157011600,74,74.0,73.0,36.0,0.0,100.0,0.0
1154,47157011700,118,115.0,65.0,9.0,0.0,97.46,0.0
1155,47157011800,70,69.0,69.0,69.0,66.0,98.57,94.29
1156,47157020101,40,34.0,33.0,31.0,24.0,85.0,60.0
1157,47157020102,40,20.0,20.0,20.0,20.0,50.0,50.0
1158,47157020210,86,65.0,65.0,65.0,65.0,75.58,75.58
1159,47157020221,48,36.0,35.0,33.0,33.0,75.0,68.75
1160,47157020222,28,17.0,17.0,17.0,17.0,60.71,60.71
1161,47157020300,96,71.0,71.0,71.0,71.0,73.96,73.96
1162,47157020400,32,22.0,22.0,22.0,22.0,68.75,68.75
1163,47157020511,34,31.0,31.0,26.0,26.0,91.18,76.47
1164,47157020512,63,62.0,60.0,54.0,49.0,98.41,77.78
1165,47157020521,30,29.0,29.0,24.0,24.0,96.67,80.0
1166,47157020523,33,32.0,32.0,28.0,27.0,96.97,81.82
1167,47157020524,45,45.0,45.0,45.0,45.0,100.0,100.0
1168,47157020531,61,58.0,58.0,49.0,43.0,95.08,70.49
1169,47157020532,81,74.0,73.0,67.0,59.0,91.36,72.84
1170,47157020541,72,66.0,66.0,63.0,62.0,91.67,86.11
1171,47157020542,52,45.0,37.0,26.0,22.0,86.54,42.31
1172,47157020610,58,48.0,46.0,41.0,39.0,82.76,67.24
1173,47157020621,81,73.0,73.0,72.0,70.0,90.12,86.42
1174,47157020622,63,59.0,53.0,47.0,45.0,93.65,71.43
1175,47157020632,87,77.0,77.0,77.0,69.0,88.51,79.31
1176,47157020633,39,34.0,34.0,34.0,31.0,87.18,79.49
1177,47157020634,29,28.0,28.0,28.0,26.0,96.55,89.66
1178,47157020635,34,33.0,33.0,33.0,33.0,97.06,97.06
1179,47157020642,107,103.0,103.0,97.0,95.0,96.26,88.79
1180,47157020643,69,67.0,67.0,67.0,67.0,97.1,97.1
1181,47157020644,102,100.0,100.0,98.0,97.0,98.04,95.1
1182,47157020651,95,93.0,93.0,93.0,91.0,97.89,95.79
1183,47157020652,63,63.0,63.0,61.0,59.0,100.0,93.65
1184,47157020700,37,24.0,24.0,24.0,24.0,64.86,64.86
1185,47157020810,52,36.0,34.0,33.0,29.0,69.23,55.77
1186,47157020820,121,96.0,95.0,94.0,87.0,79.34,71.9
1187,47157020831,43,28.0,28.0,28.0,26.0,65.12,60.47
1188,47157020832,119,108.0,108.0,106.0,92.0,90.76,77.31
1189,47157020900,143,131.0,127.0,123.0,114.0,91.61,79.72
1190,47157021010,198,179.0,179.0,176.0,175.0,90.4,88.38
1191,47157021020,65,62.0,61.0,58.0,57.0,95.38,87.69
1192,47157021111,63,51.0,50.0,44.0,32.0,80.95,50.79
1193,47157021112,57,54.0,54.0,54.0,50.0,94.74,87.72
1194,47157021113,81,46.0,46.0,46.0,29.0,56.79,35.8
1195,47157021121,71,56.0,56.0,55.0,54.0,78.87,76.06
1196,47157021122,48,40.0,40.0,35.0,35.0,83.33,72.92
1197,47157021124,79,72.0,72.0,72.0,70.0,91.14,88.61
1198,47157021125,62,58.0,58.0,57.0,45.0,93.55,72.58
1199,47157021126,50,42.0,42.0,41.0,29.0,84.0,58.0
1200,47157021135,93,86.0,86.0,86.0,76.0,92.47,81.72
1201,47157021136,68,65.0,65.0,64.0,61.0,95.59,89.71
1202,47157021137,102,101.0,101.0,100.0,89.0,99.02,87.25
1203,47157021138,32,27.0,27.0,27.0,26.0,84.38,81.25
1204,47157021139,34,33.0,32.0,32.0,29.0,97.06,85.29
1205,47157021140,63,60.0,60.0,52.0,50.0,95.24,79.37
1206,47157021141,69,61.0,61.0,61.0,58.0,88.41,84.06
1207,47157021142,46,31.0,31.0,31.0,29.0,67.39,63.04
1208,47157021200,10,6.0,6.0,1.0,1.0,60.0,10.0
1209,47157021311,76,68.0,68.0,64.0,49.0,89.47,64.47
1210,47157021312,27,27.0,24.0,24.0,24.0,100.0,88.89
1211,47157021320,70,57.0,55.0,51.0,49.0,81.43,70.0
1212,47157021331,54,52.0,52.0,52.0,47.0,96.3,87.04
1213,47157021333,35,32.0,32.0,31.0,31.0,91.43,88.57
1214,47157021334,34,31.0,31.0,26.0,23.0,91.18,67.65
1215,47157021341,82,81.0,81.0,80.0,60.0,98.78,73.17
1216,47157021342,139,119.0,117.0,97.0,74.0,85.61,53.24
1217,47157021351,78,73.0,73.0,72.0,66.0,93.59,84.62
1218,47157021352,63,63.0,63.0,63.0,62.0,100.0,98.41
1219,47157021353,105,98.0,98.0,97.0,89.0,93.33,84.76
1220,47157021410,40,36.0,36.0,35.0,33.0,90.0,82.5
1221,47157021420,55,45.0,45.0,45.0,40.0,81.82,72.73
1222,47157021430,76,73.0,73.0,65.0,58.0,96.05,76.32
1223,47157021510,81,68.0,68.0,67.0,61.0,83.95,75.31
1224,47157021520,189,142.0,141.0,133.0,129.0,75.13,68.25
1225,47157021530,48,45.0,45.0,45.0,41.0,93.75,85.42
1226,47157021540,108,103.0,102.0,101.0,98.0,95.37,90.74
1227,47157021611,72,70.0,70.0,67.0,65.0,97.22,90.28
1228,47157021612,54,54.0,54.0,54.0,50.0,100.0,92.59
1229,47157021613,47,46.0,46.0,46.0,45.0,97.87,95.74
1230,47157021620,92,83.0,80.0,76.0,63.0,90.22,68.48
1231,47157021710,22,16.0,16.0,15.0,8.0,72.73,36.36
1232,47157021721,38,36.0,35.0,33.0,30.0,94.74,78.95
1233,47157021724,40,29.0,29.0,21.0,18.0,72.5,45.0
1234,47157021725,29,25.0,25.0,18.0,15.0,86.21,51.72
1235,47157021726,17,12.0,12.0,11.0,9.0,70.59,52.94
1236,47157021731,32,25.0,17.0,14.0,14.0,78.12,43.75
1237,47157021732,61,57.0,54.0,48.0,43.0,93.44,70.49
1238,47157021741,68,63.0,63.0,63.0,63.0,92.65,92.65
1239,47157021744,55,55.0,55.0,55.0,54.0,100.0,98.18
1240,47157021745,67,65.0,65.0,64.0,63.0,97.01,94.03
1241,47157021746,30,29.0,29.0,29.0,27.0,96.67,90.0
1242,47157021747,32,32.0,32.0,32.0,32.0,100.0,100.0
1243,47157021751,68,60.0,60.0,56.0,54.0,88.24,79.41
1244,47157021752,34,33.0,33.0,32.0,30.0,97.06,88.24
1245,47157021753,26,24.0,24.0,24.0,23.0,92.31,88.46
1246,47157021754,34,34.0,34.0,34.0,32.0,100.0,94.12
1247,47157021900,60,56.0,55.0,51.0,48.0,93.33,80.0
1248,47157022022,103,94.0,58.0,36.0,30.0,91.26,29.13
1249,47157022023,49,49.0,20.0,19.0,15.0,100.0,30.61
1250,47157022024,61,58.0,58.0,56.0,52.0,95.08,85.25
1251,47157022111,65,62.0,62.0,61.0,44.0,95.38,67.69
1252,47157022112,69,68.0,68.0,49.0,45.0,98.55,65.22
1253,47157022121,69,68.0,65.0,55.0,52.0,98.55,75.36
1254,47157022122,46,46.0,46.0,43.0,43.0,100.0,93.48
1255,47157022130,70,67.0,67.0,66.0,63.0,95.71,90.0
1256,47157022210,59,56.0,54.0,50.0,48.0,94.92,81.36
1257,47157022220,81,78.0,78.0,77.0,77.0,96.3,95.06
1258,47157022310,66,66.0,64.0,63.0,63.0,100.0,95.45
1259,47157022321,53,53.0,52.0,51.0,51.0,100.0,96.23
1260,47157022322,64,64.0,63.0,63.0,62.0,100.0,96.88
1261,47157022330,60,60.0,57.0,55.0,51.0,100.0,85.0
1262,47157022410,98,97.0,95.0,90.0,81.0,98.98,82.65
1263,47157022500,104,65.0,59.0,48.0,45.0,62.5,43.27
1264,47157022600,143,97.0,85.0,62.0,33.0,67.83,23.08
1265,47157022700,80,80.0,80.0,78.0,76.0,100.0,95.0
1266,47157980100,40,12.0,11.0,9.0,5.0,30.0,12.5
1267,47157980200,23,7.0,6.0,0.0,0.0,30.43,0.0
1268,47157980300,8,1.0,0.0,0.0,0.0,12.5,0.0
1269,47157980400,9,6.0,6.0,5.0,4.0,66.67,44.44
1270,47159975000,221,29.0,21.0,13.0,13.0,13.12,5.88
1271,47159975100,114,94.0,94.0,93.0,85.0,82.46,74.56
1272,47159975200,259,181.0,174.0,112.0,109.0,69.88,42.08
1273,47159975300,103,66.0,60.0,39.0,28.0,64.08,27.18
1274,47159975400,335,313.0,313.0,129.0,129.0,93.43,38.51
1275,47161110200,165,68.0,61.0,47.0,43.0,41.21,26.06
1276,47161110600,115,50.0,44.0,4.0,3.0,43.48,2.61
1277,47161110700,187,136.0,113.0,75.0,47.0,72.73,25.13
1278,47161980100,1,0.0,0.0,0.0,0.0,0.0,0.0
1279,47161980200,1,0.0,0.0,0.0,0.0,0.0,0.0
1280,47163040200,317,317.0,317.0,317.0,317.0,100.0,100.0
1281,47163040300,65,65.0,65.0,64.0,64.0,100.0,98.46
1282,47163040500,127,127.0,127.0,127.0,127.0,100.0,100.0
1283,47163040600,133,133.0,133.0,133.0,133.0,100.0,100.0
1284,47163040700,87,87.0,87.0,87.0,87.0,100.0,100.0
1285,47163040800,139,139.0,139.0,139.0,139.0,100.0,100.0
1286,47163040900,79,79.0,79.0,79.0,79.0,100.0,100.0
1287,47163041000,120,119.0,119.0,117.0,117.0,99.17,97.5
1288,47163041100,88,88.0,88.0,88.0,88.0,100.0,100.0
1289,47163041200,213,205.0,205.0,203.0,203.0,96.24,95.31
1290,47163041300,156,150.0,150.0,146.0,146.0,96.15,93.59
1291,47163041400,239,228.0,217.0,212.0,212.0,95.4,88.7
1292,47163041500,63,60.0,60.0,60.0,60.0,95.24,95.24
1293,47163041600,83,83.0,83.0,83.0,83.0,100.0,100.0
1294,47163041700,133,131.0,131.0,131.0,131.0,98.5,98.5
1295,47163041800,114,114.0,114.0,114.0,114.0,100.0,100.0
1296,47163041900,59,59.0,59.0,59.0,59.0,100.0,100.0
1297,47163042000,66,65.0,65.0,65.0,65.0,98.48,98.48
1298,47163042100,184,183.0,183.0,183.0,183.0,99.46,99.46
1299,47163042200,144,143.0,143.0,142.0,142.0,99.31,98.61
1300,47163042300,157,154.0,154.0,153.0,153.0,98.09,97.45
1301,47163042400,135,132.0,132.0,130.0,130.0,97.78,96.3
1302,47163042500,95,95.0,95.0,94.0,94.0,100.0,98.95
1303,47163042600,160,160.0,160.0,160.0,160.0,100.0,100.0
1304,47163042701,170,170.0,170.0,170.0,170.0,100.0,100.0
1305,47163042702,93,93.0,93.0,93.0,93.0,100.0,100.0
1306,47163042801,87,87.0,87.0,87.0,87.0,100.0,100.0
1307,47163042802,136,136.0,136.0,136.0,136.0,100.0,100.0
1308,47163042900,73,67.0,67.0,65.0,65.0,91.78,89.04
1309,47163043000,245,245.0,245.0,244.0,244.0,100.0,99.59
1310,47163043100,233,132.0,128.0,119.0,114.0,56.65,48.93
1311,47163043201,186,184.0,184.0,182.0,182.0,98.92,97.85
1312,47163043202,268,228.0,224.0,223.0,222.0,85.07,82.84
1313,47163043301,131,127.0,127.0,127.0,127.0,96.95,96.95
1314,47163043302,304,296.0,296.0,293.0,293.0,97.37,96.38
1315,47163043401,170,169.0,167.0,166.0,165.0,99.41,97.06
1316,47163043402,146,145.0,145.0,145.0,145.0,99.32,99.32
1317,47163043500,187,186.0,185.0,177.0,176.0,99.47,94.12
1318,47163043600,150,133.0,133.0,129.0,127.0,88.67,84.67
1319,47165020101,153,25.0,25.0,6.0,6.0,16.34,3.92
1320,47165020102,236,42.0,35.0,1.0,1.0,17.8,0.42
1321,47165020203,48,34.0,33.0,28.0,26.0,70.83,54.17
1322,47165020204,85,80.0,76.0,66.0,61.0,94.12,71.76
1323,47165020205,62,53.0,51.0,49.0,47.0,85.48,75.81
1324,47165020206,37,32.0,29.0,20.0,18.0,86.49,48.65
1325,47165020207,26,22.0,22.0,20.0,17.0,84.62,65.38
1326,47165020208,52,39.0,37.0,32.0,24.0,75.0,46.15
1327,47165020209,62,38.0,38.0,27.0,23.0,61.29,37.1
1328,47165020300,111,110.0,107.0,100.0,78.0,99.1,70.27
1329,47165020403,35,26.0,25.0,17.0,16.0,74.29,45.71
1330,47165020404,33,18.0,17.0,14.0,13.0,54.55,39.39
1331,47165020405,26,22.0,22.0,21.0,17.0,84.62,65.38
1332,47165020406,42,40.0,36.0,32.0,28.0,95.24,66.67
1333,47165020407,54,48.0,48.0,46.0,41.0,88.89,75.93
1334,47165020501,92,80.0,80.0,74.0,70.0,86.96,76.09
1335,47165020502,61,52.0,52.0,44.0,39.0,85.25,63.93
1336,47165020503,40,30.0,28.0,22.0,18.0,75.0,45.0
1337,47165020601,105,47.0,46.0,44.0,43.0,44.76,40.95
1338,47165020602,181,110.0,106.0,91.0,78.0,60.77,43.09
1339,47165020603,68,61.0,61.0,48.0,43.0,89.71,63.24
1340,47165020700,135,127.0,127.0,123.0,103.0,94.07,76.3
1341,47165020800,134,134.0,134.0,126.0,116.0,100.0,86.57
1342,47165020901,25,20.0,19.0,17.0,14.0,80.0,56.0
1343,47165020902,113,111.0,111.0,108.0,99.0,98.23,87.61
1344,47165020903,77,72.0,72.0,69.0,63.0,93.51,81.82
1345,47165021002,74,65.0,64.0,64.0,62.0,87.84,83.78
1346,47165021004,44,41.0,40.0,38.0,30.0,93.18,68.18
1347,47165021005,90,88.0,84.0,75.0,68.0,97.78,75.56
1348,47165021006,38,32.0,32.0,26.0,26.0,84.21,68.42
1349,47165021007,29,26.0,26.0,26.0,25.0,89.66,86.21
1350,47165021008,42,38.0,38.0,37.0,36.0,90.48,85.71
1351,47165021009,44,43.0,43.0,40.0,40.0,97.73,90.91
1352,47165021103,55,53.0,53.0,53.0,53.0,96.36,96.36
1353,47165021104,31,30.0,30.0,30.0,30.0,96.77,96.77
1354,47165021105,54,52.0,49.0,48.0,47.0,96.3,87.04
1355,47165021106,51,50.0,50.0,49.0,46.0,98.04,90.2
1356,47165021107,52,52.0,52.0,52.0,52.0,100.0,100.0
1357,47165021201,69,69.0,69.0,69.0,68.0,100.0,98.55
1358,47165021203,68,63.0,63.0,61.0,60.0,92.65,88.24
1359,47165021204,67,64.0,64.0,63.0,59.0,95.52,88.06
1360,47165021205,56,56.0,56.0,54.0,50.0,100.0,89.29
1361,47167040100,33,30.0,30.0,30.0,30.0,90.91,90.91
1362,47167040200,46,30.0,30.0,27.0,24.0,65.22,52.17
1363,47167040302,120,113.0,113.0,113.0,113.0,94.17,94.17
1364,47167040303,90,73.0,73.0,73.0,73.0,81.11,81.11
1365,47167040304,66,59.0,59.0,59.0,59.0,89.39,89.39
1366,47167040400,67,54.0,53.0,50.0,30.0,80.6,44.78
1367,47167040500,104,92.0,91.0,91.0,89.0,88.46,85.58
1368,47167040601,84,70.0,70.0,69.0,48.0,83.33,57.14
1369,47167040602,87,69.0,53.0,31.0,15.0,79.31,17.24
1370,47167040700,149,148.0,147.0,137.0,87.0,99.33,58.39
1371,47167040800,53,47.0,47.0,45.0,44.0,88.68,83.02
1372,47167040900,58,10.0,9.0,1.0,0.0,17.24,0.0
1373,47167041000,103,58.0,58.0,27.0,26.0,56.31,25.24
1374,47169090100,307,213.0,110.0,50.0,33.0,69.38,10.75
1375,47169090200,99,88.0,84.0,70.0,34.0,88.89,34.34
1376,47171080100,295,207.0,203.0,185.0,165.0,70.17,55.93
1377,47171080200,358,265.0,263.0,238.0,234.0,74.02,65.36
1378,47171080300,281,174.0,170.0,138.0,116.0,61.92,41.28
1379,47171080400,216,201.0,201.0,199.0,197.0,93.06,91.2
1380,47173040100,268,192.0,178.0,159.0,134.0,71.64,50.0
1381,47173040201,119,97.0,94.0,73.0,41.0,81.51,34.45
1382,47173040202,183,127.0,108.0,73.0,57.0,69.4,31.15
1383,47173040300,144,53.0,25.0,5.0,0.0,36.81,0.0
1384,47175925000,275,57.0,57.0,20.0,4.0,20.73,1.45
1385,47175925200,184,118.0,118.0,89.0,68.0,64.13,36.96
1386,47177930100,156,103.0,103.0,67.0,43.0,66.03,27.56
1387,47177930200,326,178.0,178.0,125.0,66.0,54.6,20.25
1388,47177930300,115,63.0,63.0,36.0,11.0,54.78,9.57
1389,47177930400,133,118.0,116.0,115.0,97.0,88.72,72.93
1390,47177930500,154,142.0,141.0,140.0,103.0,92.21,66.88
1391,47177930600,146,131.0,130.0,127.0,99.0,89.73,67.81
1392,47177930700,129,116.0,116.0,114.0,105.0,89.92,81.4
1393,47177930800,329,188.0,188.0,162.0,92.0,57.14,27.96
1394,47177930900,75,66.0,66.0,31.0,5.0,88.0,6.67
1395,47179060100,169,156.0,156.0,145.0,132.0,92.31,78.11
1396,47179060400,195,119.0,118.0,68.0,58.0,61.03,29.74
1397,47179060501,111,98.0,98.0,82.0,60.0,88.29,54.05
1398,47179060502,125,108.0,103.0,79.0,55.0,86.4,44.0
1399,47179060600,129,99.0,86.0,68.0,54.0,76.74,41.86
1400,47179060700,33,25.0,25.0,23.0,23.0,75.76,69.7
1401,47179060800,137,114.0,114.0,110.0,110.0,83.21,80.29
1402,47179060900,157,115.0,113.0,47.0,32.0,73.25,20.38
1403,47179061000,149,135.0,135.0,43.0,28.0,90.6,18.79
1404,47179061100,104,80.0,79.0,33.0,22.0,76.92,21.15
1405,47179061200,159,103.0,99.0,72.0,47.0,64.78,29.56
1406,47179061300,292,200.0,199.0,135.0,101.0,68.49,34.59
1407,47179061401,144,103.0,96.0,63.0,45.0,71.53,31.25
1408,47179061402,174,143.0,143.0,101.0,72.0,82.18,41.38
1409,47179061500,213,161.0,159.0,101.0,78.0,75.59,36.62
1410,47179061601,92,76.0,75.0,42.0,33.0,82.61,35.87
1411,47179061602,230,185.0,171.0,112.0,91.0,80.43,39.57
1412,47179061701,107,97.0,97.0,67.0,50.0,90.65,46.73
1413,47179061702,144,128.0,124.0,96.0,76.0,88.89,52.78
1414,47179061800,221,181.0,173.0,132.0,91.0,81.9,41.18
1415,47179061901,276,193.0,186.0,134.0,99.0,69.93,35.87
1416,47179061902,178,127.0,122.0,74.0,43.0,71.35,24.16
1417,47179062000,144,129.0,128.0,127.0,127.0,89.58,88.19
1418,47181950100,259,97.0,97.0,66.0,31.0,37.45,11.97
1419,47181950200,348,156.0,153.0,91.0,63.0,44.83,18.1
1420,47181950300,226,70.0,68.0,54.0,21.0,30.97,9.29
1421,47181950400,219,100.0,97.0,57.0,1.0,45.66,0.46
1422,47183968000,124,95.0,57.0,3.0,3.0,76.61,2.42
1423,47183968101,158,134.0,134.0,131.0,112.0,84.81,70.89
1424,47183968102,164,121.0,83.0,47.0,27.0,73.78,16.46
1425,47183968201,295,228.0,185.0,118.0,93.0,77.29,31.53
1426,47183968202,41,26.0,26.0,26.0,26.0,63.41,63.41
1427,47183968203,130,115.0,115.0,115.0,114.0,88.46,87.69
1428,47183968300,173,159.0,137.0,86.0,85.0,91.91,49.13
1429,47183968400,344,344.0,299.0,210.0,204.0,100.0,59.3
1430,47183968500,281,162.0,147.0,82.0,37.0,57.65,13.17
1431,47183968600,218,161.0,155.0,98.0,66.0,73.85,30.28
1432,47183968700,149,128.0,80.0,32.0,30.0,85.91,20.13
1433,47185935000,203,119.0,112.0,84.0,67.0,58.62,33.0
1434,47185935100,192,149.0,143.0,106.0,59.0,77.6,30.73
1435,47185935200,114,80.0,80.0,48.0,25.0,70.18,21.93
1436,47185935300,225,187.0,178.0,161.0,129.0,83.11,57.33
1437,47185935400,177,131.0,129.0,122.0,76.0,74.01,42.94
1438,47185935500,191,97.0,97.0,57.0,26.0,50.79,13.61
1439,47187050101,111,92.0,92.0,88.0,88.0,82.88,79.28
1440,47187050102,53,39.0,39.0,39.0,39.0,73.58,73.58
1441,47187050103,129,87.0,79.0,24.0,22.0,67.44,17.05
1442,47187050203,54,50.0,50.0,48.0,48.0,92.59,88.89
1443,47187050204,43,37.0,37.0,36.0,36.0,86.05,83.72
1444,47187050205,47,46.0,46.0,44.0,43.0,97.87,91.49
1445,47187050206,29,29.0,29.0,29.0,27.0,100.0,93.1
1446,47187050207,45,27.0,27.0,25.0,21.0,60.0,46.67
1447,47187050208,84,61.0,59.0,57.0,54.0,72.62,64.29
1448,47187050303,29,29.0,29.0,28.0,27.0,100.0,93.1
1449,47187050304,105,63.0,52.0,36.0,28.0,60.0,26.67
1450,47187050305,30,25.0,25.0,22.0,19.0,83.33,63.33
1451,47187050306,32,28.0,28.0,27.0,23.0,87.5,71.88
1452,47187050307,86,41.0,41.0,33.0,29.0,47.67,33.72
1453,47187050403,14,13.0,13.0,13.0,13.0,92.86,92.86
1454,47187050404,69,61.0,61.0,58.0,53.0,88.41,76.81
1455,47187050405,28,22.0,22.0,20.0,20.0,78.57,71.43
1456,47187050406,40,35.0,35.0,27.0,22.0,87.5,55.0
1457,47187050502,124,91.0,87.0,47.0,36.0,73.39,29.03
1458,47187050503,162,137.0,132.0,97.0,83.0,84.57,51.23
1459,47187050504,62,58.0,58.0,57.0,53.0,93.55,85.48
1460,47187050601,73,65.0,64.0,58.0,54.0,89.04,73.97
1461,47187050602,227,203.0,195.0,186.0,172.0,89.43,75.77
1462,47187050701,50,49.0,49.0,49.0,48.0,98.0,96.0
1463,47187050702,52,50.0,50.0,49.0,46.0,96.15,88.46
1464,47187050800,141,139.0,139.0,133.0,109.0,98.58,77.3
1465,47187050904,59,56.0,56.0,49.0,46.0,94.92,77.97
1466,47187050905,57,47.0,44.0,41.0,37.0,82.46,64.91
1467,47187050906,58,54.0,53.0,53.0,50.0,93.1,86.21
1468,47187050907,74,70.0,68.0,66.0,58.0,94.59,78.38
1469,47187050908,56,50.0,50.0,48.0,47.0,89.29,83.93
1470,47187050909,73,67.0,67.0,55.0,53.0,91.78,72.6
1471,47187051001,154,135.0,134.0,127.0,121.0,87.66,78.57
1472,47187051002,107,91.0,90.0,87.0,81.0,85.05,75.7
1473,47187051100,292,131.0,129.0,84.0,82.0,44.86,28.08
1474,47187051201,183,122.0,120.0,71.0,66.0,66.67,36.07
1475,47187051202,284,244.0,244.0,236.0,228.0,85.92,80.28
1476,47189030101,205,145.0,143.0,127.0,121.0,70.73,59.02
1477,47189030102,208,118.0,112.0,56.0,43.0,56.73,20.67
1478,47189030202,265,167.0,164.0,151.0,148.0,63.02,55.85
1479,47189030203,94,72.0,72.0,71.0,69.0,76.6,73.4
1480,47189030204,171,130.0,129.0,123.0,115.0,76.02,67.25
1481,47189030303,30,30.0,30.0,30.0,30.0,100.0,100.0
1482,47189030304,61,53.0,53.0,53.0,53.0,86.89,86.89
1483,47189030305,60,58.0,58.0,58.0,58.0,96.67,96.67
1484,47189030307,113,97.0,97.0,96.0,95.0,85.84,84.07
1485,47189030308,40,37.0,37.0,37.0,37.0,92.5,92.5
1486,47189030309,61,57.0,57.0,57.0,57.0,93.44,93.44
1487,47189030401,44,43.0,40.0,40.0,40.0,97.73,90.91
1488,47189030402,103,68.0,62.0,43.0,31.0,66.02,30.1
1489,47189030500,144,96.0,83.0,77.0,64.0,66.67,44.44
1490,47189030600,99,87.0,87.0,85.0,80.0,87.88,80.81
1491,47189030700,103,82.0,81.0,64.0,33.0,79.61,32.04
1492,47189030800,325,144.0,136.0,112.0,97.0,44.31,29.85
1493,47189030901,115,103.0,103.0,101.0,101.0,89.57,87.83
1494,47189030903,175,118.0,115.0,111.0,107.0,67.43,61.14
1495,47189030904,196,179.0,177.0,94.0,90.0,91.33,45.92
1496,47189031000,365,273.0,257.0,81.0,47.0,74.79,12.88
