,TractCode,CountBlocks,Consumer Blocks Served Any Pro,Consumer Blocks Served Any Pro 25mbps,Prop Served By Any,Prop Served By Any 25mbps
0,47001020100,91,85,63.0,93.41,69.23
1,47001020201,77,76,34.0,98.7,44.16
2,47001020202,127,124,79.0,97.64,62.2
3,47001020300,50,50,48.0,100.0,96.0
4,47001020400,94,93,80.0,98.94,85.11
5,47001020500,85,84,62.0,98.82,72.94
6,47001020600,44,44,44.0,100.0,100.0
7,47001020700,298,298,261.0,100.0,87.58
8,47001020800,245,245,191.0,100.0,77.96
9,47001020901,231,230,124.0,99.57,53.68
10,47001020902,255,254,153.0,99.61,60.0
11,47001021000,281,279,189.0,99.29,67.26
12,47001021100,88,87,63.0,98.86,71.59
13,47001021201,93,91,81.0,97.85,87.1
14,47001021202,171,165,134.0,96.49,78.36
15,47001021301,97,95,71.0,97.94,73.2
16,47001021302,158,157,119.0,99.37,75.32
17,47001980100,73,72,2.0,98.63,2.74
18,47003950100,244,244,224.0,100.0,91.8
19,47003950200,313,313,256.0,100.0,81.79
20,47003950300,193,193,145.0,100.0,75.13
21,47003950401,166,166,164.0,100.0,98.8
22,47003950402,243,243,243.0,100.0,100.0
23,47003950500,227,227,226.0,100.0,99.56
24,47003950600,230,230,230.0,100.0,100.0
25,47003950700,249,249,247.0,100.0,99.2
26,47003950800,260,260,207.0,100.0,79.62
27,47005963000,137,137,114.0,100.0,83.21
28,47005963100,121,121,88.0,100.0,72.73
29,47005963200,124,124,5.0,100.0,4.03
30,47005963300,231,231,231.0,100.0,100.0
31,47005963400,273,273,210.0,100.0,76.92
32,47007953000,259,259,91.0,100.0,35.14
33,47007953100,618,618,280.0,100.0,45.31
34,47007953200,294,294,30.0,100.0,10.2
35,47009010100,189,189,189.0,100.0,100.0
36,47009010200,274,274,273.0,100.0,99.64
37,47009010301,249,249,246.0,100.0,98.8
38,47009010302,377,377,372.0,100.0,98.67
39,47009010400,249,249,249.0,100.0,100.0
40,47009010500,127,127,127.0,100.0,100.0
41,47009010600,127,127,127.0,100.0,100.0
42,47009010700,104,104,104.0,100.0,100.0
43,47009010800,110,110,110.0,100.0,100.0
44,47009010900,137,137,137.0,100.0,100.0
45,47009011001,135,135,135.0,100.0,100.0
46,47009011002,78,78,78.0,100.0,100.0
47,47009011101,95,95,94.0,100.0,98.95
48,47009011102,143,143,143.0,100.0,100.0
49,47009011200,367,367,367.0,100.0,100.0
50,47009011301,140,140,140.0,100.0,100.0
51,47009011302,142,142,138.0,100.0,97.18
52,47009011401,164,164,110.0,100.0,67.07
53,47009011402,237,235,190.0,99.16,80.17
54,47009011501,154,154,128.0,100.0,83.12
55,47009011502,77,77,66.0,100.0,85.71
56,47009011503,176,176,154.0,100.0,87.5
57,47009011602,180,179,177.0,99.44,98.33
58,47009011603,225,225,197.0,100.0,87.56
59,47009011604,131,131,122.0,100.0,93.13
60,47009011605,116,116,87.0,100.0,75.0
61,47009980100,50,50,50.0,100.0,100.0
62,47009980200,70,70,14.0,100.0,20.0
63,47011010100,186,186,186.0,100.0,100.0
64,47011010200,149,149,149.0,100.0,100.0
65,47011010300,83,83,83.0,100.0,100.0
66,47011010400,115,115,114.0,100.0,99.13
67,47011010500,176,176,176.0,100.0,100.0
68,47011010600,139,139,139.0,100.0,100.0
69,47011010700,186,186,186.0,100.0,100.0
70,47011010800,110,110,110.0,100.0,100.0
71,47011010900,105,105,105.0,100.0,100.0
72,47011011000,140,140,140.0,100.0,100.0
73,47011011100,211,211,203.0,100.0,96.21
74,47011011201,235,235,227.0,100.0,96.6
75,47011011202,200,200,200.0,100.0,100.0
76,47011011300,307,307,285.0,100.0,92.83
77,47011011401,193,193,193.0,100.0,100.0
78,47011011402,115,115,115.0,100.0,100.0
79,47011011500,336,336,330.0,100.0,98.21
80,47011011601,79,79,77.0,100.0,97.47
81,47011011602,101,101,88.0,100.0,87.13
82,47013950100,285,285,42.0,100.0,14.74
83,47013950200,154,154,154.0,100.0,100.0
84,47013950300,171,171,40.0,100.0,23.39
85,47013950400,339,338,218.0,99.71,64.31
86,47013950500,181,180,170.0,99.45,93.92
87,47013950600,160,158,150.0,98.75,93.75
88,47013950700,148,147,138.0,99.32,93.24
89,47013950800,97,96,69.0,98.97,71.13
90,47013950900,83,83,64.0,100.0,77.11
91,47013951000,72,72,44.0,100.0,61.11
92,47013951100,150,147,96.0,98.0,64.0
93,47015960100,274,274,270.0,100.0,98.54
94,47015960200,293,293,290.0,100.0,98.98
95,47015960300,151,151,150.0,100.0,99.34
96,47017962000,301,301,241.0,100.0,80.07
97,47017962100,379,378,335.0,99.74,88.39
98,47017962201,174,174,160.0,100.0,91.95
99,47017962202,155,155,153.0,100.0,98.71
100,47017962300,250,248,208.0,99.2,83.2
101,47017962400,93,93,2.0,100.0,2.15
102,47017962500,153,152,51.0,99.35,33.33
103,47017980100,11,11,0.0,100.0,0.0
104,47019070100,109,109,109.0,100.0,100.0
105,47019070200,155,155,155.0,100.0,100.0
106,47019070300,192,192,191.0,100.0,99.48
107,47019070400,58,58,58.0,100.0,100.0
108,47019070500,111,111,107.0,100.0,96.4
109,47019070600,50,50,49.0,100.0,98.0
110,47019070700,64,64,60.0,100.0,93.75
111,47019070800,115,115,109.0,100.0,94.78
112,47019070900,106,106,106.0,100.0,100.0
113,47019071000,112,112,111.0,100.0,99.11
114,47019071100,89,89,89.0,100.0,100.0
115,47019071200,204,204,200.0,100.0,98.04
116,47019071300,232,232,228.0,100.0,98.28
117,47019071400,125,125,112.0,100.0,89.6
118,47019071500,85,85,46.0,100.0,54.12
119,47019071600,128,128,79.0,100.0,61.72
120,47019071700,193,193,185.0,100.0,95.85
121,47021070102,86,86,66.0,100.0,76.74
122,47021070103,69,69,67.0,100.0,97.1
123,47021070104,79,79,65.0,100.0,82.28
124,47021070201,108,108,107.0,100.0,99.07
125,47021070202,150,150,149.0,100.0,99.33
126,47021070203,114,114,114.0,100.0,100.0
127,47021070300,99,99,99.0,100.0,100.0
128,47021070401,66,65,43.0,98.48,65.15
129,47021070402,118,116,94.0,98.31,79.66
130,47023970100,183,182,19.0,99.45,10.38
131,47023970200,164,164,162.0,100.0,98.78
132,47023970300,295,294,175.0,99.66,59.32
133,47025970100,79,79,63.0,100.0,79.75
134,47025970200,131,131,92.0,100.0,70.23
135,47025970300,123,123,76.0,100.0,61.79
136,47025970400,67,67,30.0,100.0,44.78
137,47025970500,137,137,104.0,100.0,75.91
138,47025970600,175,174,119.0,99.43,68.0
139,47025970700,239,238,209.0,99.58,87.45
140,47025970800,103,103,88.0,100.0,85.44
141,47025970900,300,300,300.0,100.0,100.0
142,47027955000,355,354,221.0,99.72,62.25
143,47027955100,155,155,129.0,100.0,83.23
144,47029920100,166,166,85.0,100.0,51.2
145,47029920200,314,314,281.0,100.0,89.49
146,47029920300,157,157,81.0,100.0,51.59
147,47029920400,43,43,11.0,100.0,25.58
148,47029920501,262,262,246.0,100.0,93.89
149,47029920502,203,200,166.0,98.52,81.77
150,47029920600,221,221,220.0,100.0,99.55
151,47029920700,374,374,172.0,100.0,45.99
152,47029980100,10,10,2.0,100.0,20.0
153,47031970100,132,132,103.0,100.0,78.03
154,47031970200,218,218,178.0,100.0,81.65
155,47031970300,60,60,46.0,100.0,76.67
156,47031970400,284,284,284.0,100.0,100.0
157,47031970500,155,155,155.0,100.0,100.0
158,47031970600,245,245,243.0,100.0,99.18
159,47031970700,218,218,218.0,100.0,100.0
160,47031970801,146,146,146.0,100.0,100.0
161,47031970802,389,389,389.0,100.0,100.0
162,47031970900,209,209,209.0,100.0,100.0
163,47031971000,222,222,222.0,100.0,100.0
164,47031980100,39,39,39.0,100.0,100.0
165,47033961000,102,101,65.0,99.02,63.73
166,47033961100,230,230,190.0,100.0,82.61
167,47033961200,194,194,118.0,100.0,60.82
168,47033961300,161,161,99.0,100.0,61.49
169,47033961400,213,212,193.0,99.53,90.61
170,47035970101,133,133,96.0,100.0,72.18
171,47035970102,366,366,222.0,100.0,60.66
172,47035970200,319,319,129.0,100.0,40.44
173,47035970301,193,193,52.0,100.0,26.94
174,47035970302,232,232,102.0,100.0,43.97
175,47035970400,314,314,289.0,100.0,92.04
176,47035970501,137,137,124.0,100.0,90.51
177,47035970502,183,183,181.0,100.0,98.91
178,47035970601,150,150,126.0,100.0,84.0
179,47035970602,235,235,208.0,100.0,88.51
180,47035970603,68,68,45.0,100.0,66.18
181,47035970701,116,116,114.0,100.0,98.28
182,47035970702,285,285,146.0,100.0,51.23
183,47035970800,465,465,129.0,100.0,27.74
184,47037010103,37,37,34.0,100.0,91.89
185,47037010104,40,39,39.0,97.5,97.5
186,47037010105,42,39,39.0,92.86,92.86
187,47037010106,39,39,37.0,100.0,94.87
188,47037010201,58,53,53.0,91.38,91.38
189,47037010202,52,51,50.0,98.08,96.15
190,47037010301,41,41,40.0,100.0,97.56
191,47037010302,49,49,44.0,100.0,89.8
192,47037010303,46,44,35.0,95.65,76.09
193,47037010401,62,57,53.0,91.94,85.48
194,47037010402,64,64,62.0,100.0,96.88
195,47037010501,155,155,153.0,100.0,98.71
196,47037010502,92,92,91.0,100.0,98.91
197,47037010601,43,43,43.0,100.0,100.0
198,47037010602,27,27,25.0,100.0,92.59
199,47037010701,50,50,50.0,100.0,100.0
200,47037010702,28,27,24.0,96.43,85.71
201,47037010801,48,48,48.0,100.0,100.0
202,47037010802,52,52,52.0,100.0,100.0
203,47037010901,37,36,36.0,97.3,97.3
204,47037010903,30,29,29.0,96.67,96.67
205,47037010904,33,32,32.0,96.97,96.97
206,47037011001,53,53,52.0,100.0,98.11
207,47037011002,38,38,37.0,100.0,97.37
208,47037011100,61,61,60.0,100.0,98.36
209,47037011200,67,66,66.0,98.51,98.51
210,47037011300,91,81,79.0,89.01,86.81
211,47037011400,76,75,74.0,98.68,97.37
212,47037011500,76,76,76.0,100.0,100.0
213,47037011600,60,60,60.0,100.0,100.0
214,47037011700,159,157,153.0,98.74,96.23
215,47037011800,90,90,90.0,100.0,100.0
216,47037011900,64,64,62.0,100.0,96.88
217,47037012100,87,87,86.0,100.0,98.85
218,47037012200,110,110,110.0,100.0,100.0
219,47037012600,58,57,57.0,98.28,98.28
220,47037012701,56,48,48.0,85.71,85.71
221,47037012702,75,72,69.0,96.0,92.0
222,47037012801,76,76,76.0,100.0,100.0
223,47037012802,66,64,64.0,96.97,96.97
224,47037013000,25,24,21.0,96.0,84.0
225,47037013100,45,45,45.0,100.0,100.0
226,47037013201,41,41,41.0,100.0,100.0
227,47037013202,49,48,48.0,97.96,97.96
228,47037013300,193,193,186.0,100.0,96.37
229,47037013400,236,231,231.0,97.88,97.88
230,47037013500,78,78,77.0,100.0,98.72
231,47037013601,101,101,96.0,100.0,95.05
232,47037013602,18,17,16.0,94.44,88.89
233,47037013700,176,154,147.0,87.5,83.52
234,47037013800,46,46,45.0,100.0,97.83
235,47037013900,64,63,62.0,98.44,96.88
236,47037014200,80,80,61.0,100.0,76.25
237,47037014300,88,88,87.0,100.0,98.86
238,47037014400,102,101,68.0,99.02,66.67
239,47037014800,54,54,49.0,100.0,90.74
240,47037015100,75,59,51.0,78.67,68.0
241,47037015200,34,34,33.0,100.0,97.06
242,47037015300,79,73,69.0,92.41,87.34
243,47037015401,66,66,65.0,100.0,98.48
244,47037015402,44,44,44.0,100.0,100.0
245,47037015404,34,29,29.0,85.29,85.29
246,47037015405,35,35,34.0,100.0,97.14
247,47037015501,30,30,30.0,100.0,100.0
248,47037015502,59,58,58.0,98.31,98.31
249,47037015609,21,19,17.0,90.48,80.95
250,47037015610,52,45,44.0,86.54,84.62
251,47037015612,36,36,35.0,100.0,97.22
252,47037015613,51,44,42.0,86.27,82.35
253,47037015614,14,14,14.0,100.0,100.0
254,47037015615,29,29,29.0,100.0,100.0
255,47037015617,25,25,25.0,100.0,100.0
256,47037015618,49,49,49.0,100.0,100.0
257,47037015619,28,28,28.0,100.0,100.0
258,47037015620,36,36,36.0,100.0,100.0
259,47037015622,25,25,25.0,100.0,100.0
260,47037015623,40,39,39.0,97.5,97.5
261,47037015624,21,18,18.0,85.71,85.71
262,47037015625,27,27,27.0,100.0,100.0
263,47037015626,26,26,26.0,100.0,100.0
264,47037015627,21,20,18.0,95.24,85.71
265,47037015628,11,11,8.0,100.0,72.73
266,47037015629,31,30,26.0,96.77,83.87
267,47037015630,30,30,30.0,100.0,100.0
268,47037015631,60,60,59.0,100.0,98.33
269,47037015700,30,30,30.0,100.0,100.0
270,47037015802,46,46,42.0,100.0,91.3
271,47037015803,6,6,5.0,100.0,83.33
272,47037015804,21,21,21.0,100.0,100.0
273,47037015900,91,62,27.0,68.13,29.67
274,47037016000,82,79,65.0,96.34,79.27
275,47037016100,94,90,79.0,95.74,84.04
276,47037016200,93,93,82.0,100.0,88.17
277,47037016300,69,69,68.0,100.0,98.55
278,47037016400,54,52,49.0,96.3,90.74
279,47037016500,55,55,29.0,100.0,52.73
280,47037016600,65,63,52.0,96.92,80.0
281,47037016700,85,85,85.0,100.0,100.0
282,47037016800,95,94,92.0,98.95,96.84
283,47037016900,125,125,125.0,100.0,100.0
284,47037017000,102,101,100.0,99.02,98.04
285,47037017100,52,50,49.0,96.15,94.23
286,47037017200,143,89,88.0,62.24,61.54
287,47037017300,121,116,116.0,95.87,95.87
288,47037017401,24,23,23.0,95.83,95.83
289,47037017402,47,47,47.0,100.0,100.0
290,47037017500,95,95,87.0,100.0,91.58
291,47037017701,41,35,35.0,85.37,85.37
292,47037017702,44,44,44.0,100.0,100.0
293,47037017800,71,69,69.0,97.18,97.18
294,47037017901,86,71,69.0,82.56,80.23
295,47037017902,43,43,42.0,100.0,97.67
296,47037018000,73,73,73.0,100.0,100.0
297,47037018101,48,48,46.0,100.0,95.83
298,47037018102,59,58,58.0,98.31,98.31
299,47037018201,54,54,54.0,100.0,100.0
300,47037018202,21,21,21.0,100.0,100.0
301,47037018203,36,36,36.0,100.0,100.0
302,47037018301,78,78,70.0,100.0,89.74
303,47037018302,46,45,35.0,97.83,76.09
304,47037018401,35,35,35.0,100.0,100.0
305,47037018404,31,30,30.0,96.77,96.77
306,47037018405,44,44,43.0,100.0,97.73
307,47037018407,24,24,24.0,100.0,100.0
308,47037018408,15,15,15.0,100.0,100.0
309,47037018409,60,60,59.0,100.0,98.33
310,47037018410,16,16,16.0,100.0,100.0
311,47037018500,105,102,101.0,97.14,96.19
312,47037018601,38,38,38.0,100.0,100.0
313,47037018602,57,57,57.0,100.0,100.0
314,47037018700,74,74,66.0,100.0,89.19
315,47037018801,93,88,88.0,94.62,94.62
316,47037018803,29,29,28.0,100.0,96.55
317,47037018804,29,29,29.0,100.0,100.0
318,47037018901,29,29,28.0,100.0,96.55
319,47037018902,33,33,33.0,100.0,100.0
320,47037018904,29,29,29.0,100.0,100.0
321,47037018905,15,15,15.0,100.0,100.0
322,47037019003,25,24,22.0,96.0,88.0
323,47037019004,32,32,32.0,100.0,100.0
324,47037019005,14,14,14.0,100.0,100.0
325,47037019006,33,29,29.0,87.88,87.88
326,47037019105,32,32,32.0,100.0,100.0
327,47037019106,21,21,21.0,100.0,100.0
328,47037019108,15,14,14.0,93.33,93.33
329,47037019109,27,27,26.0,100.0,96.3
330,47037019110,30,30,30.0,100.0,100.0
331,47037019111,25,25,24.0,100.0,96.0
332,47037019112,24,23,23.0,95.83,95.83
333,47037019114,117,117,115.0,100.0,98.29
334,47037019115,27,27,27.0,100.0,100.0
335,47037019116,19,19,19.0,100.0,100.0
336,47037019117,29,29,29.0,100.0,100.0
337,47037019118,16,16,16.0,100.0,100.0
338,47037019200,127,127,124.0,100.0,97.64
339,47037019300,86,81,41.0,94.19,47.67
340,47037019400,218,217,199.0,99.54,91.28
341,47037019500,414,364,230.0,87.92,55.56
342,47037019600,95,82,47.0,86.32,49.47
343,47037980100,32,20,10.0,62.5,31.25
344,47037980200,70,22,13.0,31.43,18.57
345,47039955001,180,177,73.0,98.33,40.56
346,47039955002,390,389,345.0,99.74,88.46
347,47039955101,159,159,113.0,100.0,71.07
348,47039955102,230,229,97.0,99.57,42.17
349,47041920101,107,107,102.0,100.0,95.33
350,47041920102,193,193,191.0,100.0,98.96
351,47041920200,264,264,264.0,100.0,100.0
352,47041920300,365,364,339.0,99.73,92.88
353,47043060100,79,79,8.0,100.0,10.13
354,47043060200,196,192,115.0,97.96,58.67
355,47043060300,193,193,158.0,100.0,81.87
356,47043060401,123,123,117.0,100.0,95.12
357,47043060402,186,185,132.0,99.46,70.97
358,47043060501,199,197,175.0,98.99,87.94
359,47043060502,134,134,123.0,100.0,91.79
360,47043060601,155,154,138.0,99.35,89.03
361,47043060602,229,221,184.0,96.51,80.35
362,47043060700,148,146,117.0,98.65,79.05
363,47045964000,397,397,278.0,100.0,70.03
364,47045964200,211,211,162.0,100.0,76.78
365,47045964300,233,233,137.0,100.0,58.8
366,47045964400,266,266,180.0,100.0,67.67
367,47045964500,125,125,51.0,100.0,40.8
368,47045964600,218,218,87.0,100.0,39.91
369,47045964800,287,287,87.0,100.0,30.31
370,47045964900,179,179,99.0,100.0,55.31
371,47047060300,94,93,86.0,98.94,91.49
372,47047060401,79,78,73.0,98.73,92.41
373,47047060402,71,70,65.0,98.59,91.55
374,47047060403,109,109,102.0,100.0,93.58
375,47047060404,98,97,94.0,98.98,95.92
376,47047060501,109,109,98.0,100.0,89.91
377,47047060502,120,117,84.0,97.5,70.0
378,47047060600,125,121,86.0,96.8,68.8
379,47047060701,77,74,65.0,96.1,84.42
380,47047060702,118,117,107.0,99.15,90.68
381,47047060800,100,100,38.0,100.0,38.0
382,47049965000,199,194,158.0,97.49,79.4
383,47049965100,181,181,172.0,100.0,95.03
384,47049965200,212,210,193.0,99.06,91.04
385,47049965300,169,168,138.0,99.41,81.66
386,47051960100,394,394,393.0,100.0,99.75
387,47051960201,254,254,254.0,100.0,100.0
388,47051960202,478,477,474.0,99.79,99.16
389,47051960300,195,195,195.0,100.0,100.0
390,47051960400,419,419,419.0,100.0,100.0
391,47051960500,197,197,197.0,100.0,100.0
392,47051960600,422,422,419.0,100.0,99.29
393,47051960700,185,185,161.0,100.0,87.03
394,47051960800,235,235,235.0,100.0,100.0
395,47053966100,225,225,171.0,100.0,76.0
396,47053966200,221,221,190.0,100.0,85.97
397,47053966300,162,162,19.0,100.0,11.73
398,47053966400,266,266,221.0,100.0,83.08
399,47053966500,235,235,225.0,100.0,95.74
400,47053966600,76,76,47.0,100.0,61.84
401,47053966700,314,306,73.0,97.45,23.25
402,47053966800,129,129,123.0,100.0,95.35
403,47053966900,172,172,153.0,100.0,88.95
404,47053967000,231,231,208.0,100.0,90.04
405,47053967100,186,186,176.0,100.0,94.62
406,47053967300,147,147,147.0,100.0,100.0
407,47053967400,375,375,280.0,100.0,74.67
408,47053980100,37,37,35.0,100.0,94.59
409,47055920100,197,197,120.0,100.0,60.91
410,47055920200,284,284,260.0,100.0,91.55
411,47055920300,410,410,323.0,100.0,78.78
412,47055920400,260,260,257.0,100.0,98.85
413,47055920500,241,241,230.0,100.0,95.44
414,47055920600,270,270,54.0,100.0,20.0
415,47055920700,133,133,103.0,100.0,77.44
416,47055920800,347,347,189.0,100.0,54.47
417,47057500100,228,228,130.0,100.0,57.02
418,47057500200,190,189,160.0,99.47,84.21
419,47057500300,346,346,312.0,100.0,90.17
420,47057500401,149,149,139.0,100.0,93.29
421,47057500402,239,239,233.0,100.0,97.49
422,47059090100,297,294,262.0,98.99,88.22
423,47059090200,108,105,98.0,97.22,90.74
424,47059090300,182,177,165.0,97.25,90.66
425,47059090400,157,157,149.0,100.0,94.9
426,47059090500,246,245,232.0,99.59,94.31
427,47059090600,151,150,142.0,99.34,94.04
428,47059090700,131,129,116.0,98.47,88.55
429,47059090800,215,215,208.0,100.0,96.74
430,47059090900,198,197,180.0,99.49,90.91
431,47059091000,285,283,269.0,99.3,94.39
432,47059091100,161,161,138.0,100.0,85.71
433,47059091200,216,216,187.0,100.0,86.57
434,47059091300,232,229,198.0,98.71,85.34
435,47059091400,209,208,167.0,99.52,79.9
436,47059091500,160,160,125.0,100.0,78.12
437,47061955000,210,210,172.0,100.0,81.9
438,47061955100,184,184,179.0,100.0,97.28
439,47061955200,238,238,211.0,100.0,88.66
440,47061955300,376,376,310.0,100.0,82.45
441,47063100100,150,150,150.0,100.0,100.0
442,47063100200,201,201,201.0,100.0,100.0
443,47063100300,124,124,124.0,100.0,100.0
444,47063100400,153,153,153.0,100.0,100.0
445,47063100500,76,76,76.0,100.0,100.0
446,47063100600,192,192,192.0,100.0,100.0
447,47063100700,439,439,439.0,100.0,100.0
448,47063100800,261,261,261.0,100.0,100.0
449,47063100900,115,115,115.0,100.0,100.0
450,47063101000,274,274,274.0,100.0,100.0
451,47063101100,198,198,198.0,100.0,100.0
452,47063101200,138,138,138.0,100.0,100.0
453,47065000400,110,108,107.0,98.18,97.27
454,47065000600,98,97,97.0,98.98,98.98
455,47065000700,88,88,88.0,100.0,100.0
456,47065000800,64,63,63.0,98.44,98.44
457,47065001100,114,109,107.0,95.61,93.86
458,47065001200,76,71,71.0,93.42,93.42
459,47065001300,108,98,96.0,90.74,88.89
460,47065001400,107,102,100.0,95.33,93.46
461,47065001600,42,42,34.0,100.0,80.95
462,47065001800,149,148,145.0,99.33,97.32
463,47065001900,180,179,174.0,99.44,96.67
464,47065002000,169,124,119.0,73.37,70.41
465,47065002300,105,101,99.0,96.19,94.29
466,47065002400,175,175,174.0,100.0,99.43
467,47065002500,164,149,147.0,90.85,89.63
468,47065002600,148,137,134.0,92.57,90.54
469,47065002800,113,91,91.0,80.53,80.53
470,47065002900,51,49,49.0,96.08,96.08
471,47065003000,75,62,60.0,82.67,80.0
472,47065003100,121,119,117.0,98.35,96.69
473,47065003200,68,68,68.0,100.0,100.0
474,47065003300,135,123,123.0,91.11,91.11
475,47065003400,77,70,69.0,90.91,89.61
476,47065010101,85,85,84.0,100.0,98.82
477,47065010103,84,84,83.0,100.0,98.81
478,47065010104,119,119,95.0,100.0,79.83
479,47065010201,72,72,72.0,100.0,100.0
480,47065010202,119,119,117.0,100.0,98.32
481,47065010303,44,44,44.0,100.0,100.0
482,47065010304,88,87,87.0,98.86,98.86
483,47065010305,46,46,45.0,100.0,97.83
484,47065010306,74,74,72.0,100.0,97.3
485,47065010307,156,156,152.0,100.0,97.44
486,47065010411,67,67,65.0,100.0,97.01
487,47065010412,56,56,56.0,100.0,100.0
488,47065010413,48,48,48.0,100.0,100.0
489,47065010431,90,88,87.0,97.78,96.67
490,47065010432,81,80,79.0,98.77,97.53
491,47065010433,73,71,66.0,97.26,90.41
492,47065010434,51,51,50.0,100.0,98.04
493,47065010435,77,77,76.0,100.0,98.7
494,47065010501,98,98,96.0,100.0,97.96
495,47065010502,43,43,43.0,100.0,100.0
496,47065010600,55,55,54.0,100.0,98.18
497,47065010700,56,56,54.0,100.0,96.43
498,47065010800,73,73,72.0,100.0,98.63
499,47065010901,48,47,43.0,97.92,89.58
500,47065010902,38,38,38.0,100.0,100.0
501,47065010903,44,44,44.0,100.0,100.0
502,47065011001,75,75,58.0,100.0,77.33
503,47065011002,140,140,135.0,100.0,96.43
504,47065011100,134,134,132.0,100.0,98.51
505,47065011201,160,158,151.0,98.75,94.38
506,47065011203,60,60,55.0,100.0,91.67
507,47065011204,126,126,118.0,100.0,93.65
508,47065011311,115,115,111.0,100.0,96.52
509,47065011314,34,34,34.0,100.0,100.0
510,47065011321,47,45,45.0,95.74,95.74
511,47065011323,44,44,44.0,100.0,100.0
512,47065011324,48,48,48.0,100.0,100.0
513,47065011325,63,63,63.0,100.0,100.0
514,47065011326,38,38,38.0,100.0,100.0
515,47065011402,89,89,89.0,100.0,100.0
516,47065011411,65,63,63.0,96.92,96.92
517,47065011413,80,79,75.0,98.75,93.75
518,47065011442,37,29,29.0,78.38,78.38
519,47065011443,109,108,106.0,99.08,97.25
520,47065011444,57,57,55.0,100.0,96.49
521,47065011445,81,81,74.0,100.0,91.36
522,47065011446,52,51,50.0,98.08,96.15
523,47065011447,73,73,72.0,100.0,98.63
524,47065011600,130,111,110.0,85.38,84.62
525,47065011700,75,66,65.0,88.0,86.67
526,47065011800,85,84,84.0,98.82,98.82
527,47065011900,37,34,34.0,91.89,91.89
528,47065012000,87,87,86.0,100.0,98.85
529,47065012100,181,180,178.0,99.45,98.34
530,47065012200,97,97,95.0,100.0,97.94
531,47065012300,177,175,173.0,98.87,97.74
532,47065012400,119,113,111.0,94.96,93.28
533,47065980100,10,9,6.0,90.0,60.0
534,47065980200,14,13,13.0,92.86,92.86
535,47067960500,73,73,68.0,100.0,93.15
536,47067960600,186,186,153.0,100.0,82.26
537,47069950100,240,240,19.0,100.0,7.92
538,47069950200,128,128,94.0,100.0,73.44
539,47069950300,154,154,153.0,100.0,99.35
540,47069950400,259,259,150.0,100.0,57.92
541,47069950500,233,229,141.0,98.28,60.52
542,47069950600,208,208,75.0,100.0,36.06
543,47071920100,187,187,91.0,100.0,48.66
544,47071920200,352,352,222.0,100.0,63.07
545,47071920300,160,160,160.0,100.0,100.0
546,47071920400,275,275,274.0,100.0,99.64
547,47071920500,217,216,189.0,99.54,87.1
548,47071920600,237,236,89.0,99.58,37.55
549,47073050100,182,182,139.0,100.0,76.37
550,47073050200,110,110,95.0,100.0,86.36
551,47073050301,217,217,217.0,100.0,100.0
552,47073050302,168,168,155.0,100.0,92.26
553,47073050400,193,193,69.0,100.0,35.75
554,47073050501,79,79,71.0,100.0,89.87
555,47073050502,155,155,134.0,100.0,86.45
556,47073050503,113,113,113.0,100.0,100.0
557,47073050601,182,182,181.0,100.0,99.45
558,47073050602,115,115,115.0,100.0,100.0
559,47073050700,87,87,13.0,100.0,14.94
560,47073050800,176,176,122.0,100.0,69.32
561,47073050900,123,123,68.0,100.0,55.28
562,47075930100,153,152,20.0,99.35,13.07
563,47075930200,107,107,9.0,100.0,8.41
564,47075930301,134,134,113.0,100.0,84.33
565,47075930302,81,81,81.0,100.0,100.0
566,47075930400,219,219,191.0,100.0,87.21
567,47075930500,132,129,84.0,97.73,63.64
568,47077975000,205,204,139.0,99.51,67.8
569,47077975100,193,193,98.0,100.0,50.78
570,47077975200,234,233,118.0,99.57,50.43
571,47077975300,296,296,288.0,100.0,97.3
572,47077975400,263,263,253.0,100.0,96.2
573,47077975500,226,224,64.0,99.12,28.32
574,47079969000,409,409,387.0,100.0,94.62
575,47079969100,271,271,270.0,100.0,99.63
576,47079969200,183,183,169.0,100.0,92.35
577,47079969300,219,219,214.0,100.0,97.72
578,47079969400,120,120,120.0,100.0,100.0
579,47079969500,218,218,218.0,100.0,100.0
580,47079969600,432,432,394.0,100.0,91.2
581,47079969700,66,66,14.0,100.0,21.21
582,47079969800,250,250,160.0,100.0,64.0
583,47081950100,202,202,117.0,100.0,57.92
584,47081950200,204,204,157.0,100.0,76.96
585,47081950301,124,124,83.0,100.0,66.94
586,47081950302,250,250,191.0,100.0,76.4
587,47081950400,140,140,61.0,100.0,43.57
588,47081950500,99,99,6.0,100.0,6.06
589,47083120100,261,253,126.0,96.93,48.28
590,47083120200,190,190,130.0,100.0,68.42
591,47083120300,342,342,199.0,100.0,58.19
592,47085130100,220,220,115.0,100.0,52.27
593,47085130200,86,85,21.0,98.84,24.42
594,47085130300,261,250,189.0,95.79,72.41
595,47085130400,110,110,9.0,100.0,8.18
596,47085130500,134,123,96.0,91.79,71.64
597,47087960100,141,141,72.0,100.0,51.06
598,47087960200,96,96,57.0,100.0,59.38
599,47087960300,254,254,179.0,100.0,70.47
600,47087960400,72,72,43.0,100.0,59.72
601,47089070100,305,305,215.0,100.0,70.49
602,47089070200,166,166,92.0,100.0,55.42
603,47089070300,277,277,275.0,100.0,99.28
604,47089070400,134,134,98.0,100.0,73.13
605,47089070500,142,141,91.0,99.3,64.08
606,47089070600,247,247,236.0,100.0,95.55
607,47089070700,289,289,238.0,100.0,82.35
608,47089070800,308,307,246.0,99.68,79.87
609,47089070900,328,328,295.0,100.0,89.94
610,47091956000,64,64,59.0,100.0,92.19
611,47091956100,190,190,186.0,100.0,97.89
612,47091956200,142,141,108.0,99.3,76.06
613,47091956300,339,339,330.0,100.0,97.35
614,47091956400,215,215,203.0,100.0,94.42
615,47093000100,115,115,51.0,100.0,44.35
616,47093000800,85,85,68.0,100.0,80.0
617,47093000901,20,20,7.0,100.0,35.0
618,47093000902,49,49,11.0,100.0,22.45
619,47093001400,61,61,59.0,100.0,96.72
620,47093001500,130,130,125.0,100.0,96.15
621,47093001600,63,63,61.0,100.0,96.83
622,47093001700,92,92,86.0,100.0,93.48
623,47093001800,53,53,52.0,100.0,98.11
624,47093001900,57,57,48.0,100.0,84.21
625,47093002000,103,103,102.0,100.0,99.03
626,47093002100,63,63,44.0,100.0,69.84
627,47093002200,77,77,71.0,100.0,92.21
628,47093002300,54,54,50.0,100.0,92.59
629,47093002400,127,127,106.0,100.0,83.46
630,47093002600,77,77,58.0,100.0,75.32
631,47093002700,95,95,78.0,100.0,82.11
632,47093002800,88,88,81.0,100.0,92.05
633,47093002900,75,75,73.0,100.0,97.33
634,47093003000,48,48,45.0,100.0,93.75
635,47093003100,45,45,43.0,100.0,95.56
636,47093003200,74,74,61.0,100.0,82.43
637,47093003300,43,43,40.0,100.0,93.02
638,47093003400,78,78,73.0,100.0,93.59
639,47093003500,133,133,94.0,100.0,70.68
640,47093003700,74,74,59.0,100.0,79.73
641,47093003801,65,62,51.0,95.38,78.46
642,47093003802,46,46,37.0,100.0,80.43
643,47093003901,44,44,43.0,100.0,97.73
644,47093003902,46,46,45.0,100.0,97.83
645,47093004000,44,44,44.0,100.0,100.0
646,47093004100,61,61,61.0,100.0,100.0
647,47093004200,71,71,70.0,100.0,98.59
648,47093004300,67,65,54.0,97.01,80.6
649,47093004401,89,89,87.0,100.0,97.75
650,47093004403,93,93,91.0,100.0,97.85
651,47093004404,62,62,51.0,100.0,82.26
652,47093004500,51,51,51.0,100.0,100.0
653,47093004606,59,59,58.0,100.0,98.31
654,47093004607,72,72,70.0,100.0,97.22
655,47093004608,36,36,31.0,100.0,86.11
656,47093004609,62,62,53.0,100.0,85.48
657,47093004610,59,58,48.0,98.31,81.36
658,47093004611,84,84,74.0,100.0,88.1
659,47093004612,16,16,16.0,100.0,100.0
660,47093004613,42,42,39.0,100.0,92.86
661,47093004614,28,28,28.0,100.0,100.0
662,47093004615,33,33,32.0,100.0,96.97
663,47093004700,79,79,68.0,100.0,86.08
664,47093004800,105,102,95.0,97.14,90.48
665,47093004900,89,89,82.0,100.0,92.13
666,47093005000,73,73,72.0,100.0,98.63
667,47093005100,90,89,88.0,98.89,97.78
668,47093005201,66,66,64.0,100.0,96.97
669,47093005202,92,89,75.0,96.74,81.52
670,47093005301,106,105,98.0,99.06,92.45
671,47093005302,97,96,63.0,98.97,64.95
672,47093005401,122,122,73.0,100.0,59.84
673,47093005402,146,146,80.0,100.0,54.79
674,47093005501,78,78,70.0,100.0,89.74
675,47093005502,69,69,52.0,100.0,75.36
676,47093005602,84,84,84.0,100.0,100.0
677,47093005603,81,81,81.0,100.0,100.0
678,47093005604,87,87,69.0,100.0,79.31
679,47093005701,127,127,82.0,100.0,64.57
680,47093005704,72,72,66.0,100.0,91.67
681,47093005706,81,81,76.0,100.0,93.83
682,47093005707,73,73,56.0,100.0,76.71
683,47093005708,13,13,13.0,100.0,100.0
684,47093005709,22,22,22.0,100.0,100.0
685,47093005710,71,69,49.0,97.18,69.01
686,47093005711,46,46,43.0,100.0,93.48
687,47093005712,76,76,71.0,100.0,93.42
688,47093005803,78,78,78.0,100.0,100.0
689,47093005807,39,38,38.0,97.44,97.44
690,47093005808,81,81,80.0,100.0,98.77
691,47093005809,68,68,68.0,100.0,100.0
692,47093005810,45,45,38.0,100.0,84.44
693,47093005811,51,51,51.0,100.0,100.0
694,47093005812,64,64,63.0,100.0,98.44
695,47093005813,81,81,80.0,100.0,98.77
696,47093005903,15,15,15.0,100.0,100.0
697,47093005904,93,93,89.0,100.0,95.7
698,47093005905,29,27,25.0,93.1,86.21
699,47093005906,31,31,18.0,100.0,58.06
700,47093005907,35,35,25.0,100.0,71.43
701,47093005908,79,79,62.0,100.0,78.48
702,47093006001,40,40,39.0,100.0,97.5
703,47093006002,48,48,46.0,100.0,95.83
704,47093006003,35,35,34.0,100.0,97.14
705,47093006102,64,64,50.0,100.0,78.12
706,47093006103,51,51,51.0,100.0,100.0
707,47093006104,60,59,56.0,98.33,93.33
708,47093006202,42,42,41.0,100.0,97.62
709,47093006203,54,53,53.0,98.15,98.15
710,47093006205,43,43,43.0,100.0,100.0
711,47093006206,38,35,31.0,92.11,81.58
712,47093006207,21,21,21.0,100.0,100.0
713,47093006208,69,68,61.0,98.55,88.41
714,47093006301,77,77,61.0,100.0,79.22
715,47093006302,66,66,52.0,100.0,78.79
716,47093006401,39,39,39.0,100.0,100.0
717,47093006402,91,91,88.0,100.0,96.7
718,47093006403,33,33,33.0,100.0,100.0
719,47093006501,99,99,95.0,100.0,95.96
720,47093006502,82,81,75.0,98.78,91.46
721,47093006600,152,148,107.0,97.37,70.39
722,47093006700,142,142,90.0,100.0,63.38
723,47093006800,94,94,51.0,100.0,54.26
724,47093006900,108,108,76.0,100.0,70.37
725,47093007000,107,107,91.0,100.0,85.05
726,47093007100,94,94,69.0,100.0,73.4
727,47095960100,192,192,174.0,100.0,90.62
728,47095960200,175,175,111.0,100.0,63.43
729,47097050100,40,40,4.0,100.0,10.0
730,47097050200,235,235,106.0,100.0,45.11
731,47097050300,124,124,98.0,100.0,79.03
732,47097050400,83,82,69.0,98.8,83.13
733,47097050503,97,97,84.0,100.0,86.6
734,47097050504,73,73,71.0,100.0,97.26
735,47097050505,106,106,99.0,100.0,93.4
736,47097050506,65,65,40.0,100.0,61.54
737,47097050600,148,148,82.0,100.0,55.41
738,47099960100,228,228,227.0,100.0,99.56
739,47099960200,104,104,85.0,100.0,81.73
740,47099960300,296,296,289.0,100.0,97.64
741,47099960401,253,253,253.0,100.0,100.0
742,47099960402,186,186,186.0,100.0,100.0
743,47099960501,207,207,207.0,100.0,100.0
744,47099960502,200,200,193.0,100.0,96.5
745,47099960600,301,301,116.0,100.0,38.54
746,47099960700,238,238,193.0,100.0,81.09
747,47099960800,222,222,167.0,100.0,75.23
748,47099960900,225,225,74.0,100.0,32.89
749,47101970100,266,266,252.0,100.0,94.74
750,47101970200,432,432,422.0,100.0,97.69
751,47103975000,146,146,135.0,100.0,92.47
752,47103975100,170,170,140.0,100.0,82.35
753,47103975200,272,272,100.0,100.0,36.76
754,47103975300,288,288,287.0,100.0,99.65
755,47103975400,302,302,301.0,100.0,99.67
756,47103975500,276,276,267.0,100.0,96.74
757,47103975601,119,119,119.0,100.0,100.0
758,47103975602,136,136,136.0,100.0,100.0
759,47103975700,178,178,171.0,100.0,96.07
760,47105060100,391,391,278.0,100.0,71.1
761,47105060201,241,241,229.0,100.0,95.02
762,47105060202,397,397,391.0,100.0,98.49
763,47105060301,203,203,197.0,100.0,97.04
764,47105060302,220,220,205.0,100.0,93.18
765,47105060400,399,396,343.0,99.25,85.96
766,47105060501,450,450,409.0,100.0,90.89
767,47105060502,98,98,93.0,100.0,94.9
768,47105060600,312,312,270.0,100.0,86.54
769,47105060700,213,213,101.0,100.0,47.42
770,47107970101,266,266,120.0,100.0,45.11
771,47107970102,211,210,162.0,99.53,76.78
772,47107970200,238,237,194.0,99.58,81.51
773,47107970300,138,137,129.0,99.28,93.48
774,47107970401,106,106,96.0,100.0,90.57
775,47107970402,160,160,139.0,100.0,86.88
776,47107970500,241,241,153.0,100.0,63.49
777,47107970600,315,315,237.0,100.0,75.24
778,47107970700,249,248,201.0,99.6,80.72
779,47107970800,396,396,173.0,100.0,43.69
780,47109930100,262,262,192.0,100.0,73.28
781,47109930200,123,123,45.0,100.0,36.59
782,47109930300,184,184,76.0,100.0,41.3
783,47109930400,129,129,47.0,100.0,36.43
784,47109930500,386,386,325.0,100.0,84.2
785,47109930600,123,123,16.0,100.0,13.01
786,47109930700,178,177,120.0,99.44,67.42
787,47111970100,256,256,187.0,100.0,73.05
788,47111970200,221,221,221.0,100.0,100.0
789,47111970300,312,312,308.0,100.0,98.72
790,47111970400,157,157,130.0,100.0,82.8
791,47113000100,93,93,93.0,100.0,100.0
792,47113000200,202,202,202.0,100.0,100.0
793,47113000300,141,141,141.0,100.0,100.0
794,47113000400,61,61,61.0,100.0,100.0
795,47113000500,75,75,75.0,100.0,100.0
796,47113000600,68,68,68.0,100.0,100.0
797,47113000700,96,96,95.0,100.0,98.96
798,47113000800,173,173,173.0,100.0,100.0
799,47113000900,105,105,105.0,100.0,100.0
800,47113001000,45,45,45.0,100.0,100.0
801,47113001100,85,85,85.0,100.0,100.0
802,47113001300,223,223,222.0,100.0,99.55
803,47113001401,91,91,91.0,100.0,100.0
804,47113001402,126,126,125.0,100.0,99.21
805,47113001501,137,137,136.0,100.0,99.27
806,47113001502,259,259,211.0,100.0,81.47
807,47113001603,37,37,37.0,100.0,100.0
808,47113001604,78,78,78.0,100.0,100.0
809,47113001605,106,106,106.0,100.0,100.0
810,47113001606,143,143,142.0,100.0,99.3
811,47113001607,90,90,90.0,100.0,100.0
812,47113001608,56,56,52.0,100.0,92.86
813,47113001609,112,112,99.0,100.0,88.39
814,47113001610,116,116,115.0,100.0,99.14
815,47113001700,91,91,21.0,100.0,23.08
816,47113001800,141,141,67.0,100.0,47.52
817,47113001900,154,154,121.0,100.0,78.57
818,47115050101,182,182,172.0,100.0,94.51
819,47115050102,273,273,248.0,100.0,90.84
820,47115050201,264,264,261.0,100.0,98.86
821,47115050202,342,342,334.0,100.0,97.66
822,47115050301,380,379,377.0,99.74,99.21
823,47115050302,222,221,129.0,99.55,58.11
824,47117955000,288,288,213.0,100.0,73.96
825,47117955100,256,256,222.0,100.0,86.72
826,47117955200,343,343,289.0,100.0,84.26
827,47117955300,114,114,114.0,100.0,100.0
828,47117955400,142,142,142.0,100.0,100.0
829,47117955500,366,365,226.0,99.73,61.75
830,47119010100,187,187,99.0,100.0,52.94
831,47119010201,385,385,373.0,100.0,96.88
832,47119010202,243,243,232.0,100.0,95.47
833,47119010301,191,191,186.0,100.0,97.38
834,47119010302,124,124,108.0,100.0,87.1
835,47119010400,307,307,301.0,100.0,98.05
836,47119010500,225,225,224.0,100.0,99.56
837,47119010600,192,192,192.0,100.0,100.0
838,47119010700,139,139,139.0,100.0,100.0
839,47119010801,92,92,92.0,100.0,100.0
840,47119010802,330,330,329.0,100.0,99.7
841,47119010900,152,152,138.0,100.0,90.79
842,47119011001,261,261,260.0,100.0,99.62
843,47119011002,351,351,345.0,100.0,98.29
844,47119011101,195,195,191.0,100.0,97.95
845,47119011102,114,114,113.0,100.0,99.12
846,47119011200,306,305,269.0,99.67,87.91
847,47121960100,296,296,113.0,100.0,38.18
848,47121960200,383,383,218.0,100.0,56.92
849,47121960300,149,149,109.0,100.0,73.15
850,47123925000,443,443,407.0,100.0,91.87
851,47123925100,333,333,300.0,100.0,90.09
852,47123925200,346,346,307.0,100.0,88.73
853,47123925300,313,313,252.0,100.0,80.51
854,47123925400,392,392,372.0,100.0,94.9
855,47123925501,135,130,90.0,96.3,66.67
856,47123925502,324,321,187.0,99.07,57.72
857,47125100100,78,78,78.0,100.0,100.0
858,47125100200,67,67,67.0,100.0,100.0
859,47125100300,77,77,77.0,100.0,100.0
860,47125100400,45,45,45.0,100.0,100.0
861,47125100500,67,67,67.0,100.0,100.0
862,47125100601,46,46,46.0,100.0,100.0
863,47125100602,52,52,52.0,100.0,100.0
864,47125100700,32,32,32.0,100.0,100.0
865,47125100800,137,137,137.0,100.0,100.0
866,47125100900,63,63,63.0,100.0,100.0
867,47125101001,92,92,92.0,100.0,100.0
868,47125101002,52,52,52.0,100.0,100.0
869,47125101101,25,25,25.0,100.0,100.0
870,47125101102,89,89,89.0,100.0,100.0
871,47125101103,32,32,32.0,100.0,100.0
872,47125101201,20,20,20.0,100.0,100.0
873,47125101202,47,47,47.0,100.0,100.0
874,47125101303,73,73,73.0,100.0,100.0
875,47125101304,96,96,96.0,100.0,100.0
876,47125101305,20,20,20.0,100.0,100.0
877,47125101306,50,50,50.0,100.0,100.0
878,47125101307,32,32,32.0,100.0,100.0
879,47125101400,34,23,23.0,67.65,67.65
880,47125101500,108,108,87.0,100.0,80.56
881,47125101600,84,84,84.0,100.0,100.0
882,47125101700,243,243,135.0,100.0,55.56
883,47125101802,185,185,182.0,100.0,98.38
884,47125101803,98,98,98.0,100.0,100.0
885,47125101804,95,95,93.0,100.0,97.89
886,47125101902,31,31,31.0,100.0,100.0
887,47125101903,104,104,104.0,100.0,100.0
888,47125101904,73,73,64.0,100.0,87.67
889,47125102001,70,70,70.0,100.0,100.0
890,47125102002,47,47,46.0,100.0,97.87
891,47125102003,35,35,35.0,100.0,100.0
892,47125102004,38,38,38.0,100.0,100.0
893,47125102005,62,62,62.0,100.0,100.0
894,47125102006,68,68,68.0,100.0,100.0
895,47125980100,41,40,40.0,97.56,97.56
896,47127930100,220,220,219.0,100.0,99.55
897,47127930200,233,233,228.0,100.0,97.85
898,47129110100,305,305,305.0,100.0,100.0
899,47129110200,179,179,179.0,100.0,100.0
900,47129110300,163,163,163.0,100.0,100.0
901,47129110400,233,233,233.0,100.0,100.0
902,47129110500,320,320,320.0,100.0,100.0
903,47131965000,226,226,148.0,100.0,65.49
904,47131965100,159,159,86.0,100.0,54.09
905,47131965200,79,79,22.0,100.0,27.85
906,47131965300,278,278,95.0,100.0,34.17
907,47131965400,431,431,247.0,100.0,57.31
908,47131965500,272,272,231.0,100.0,84.93
909,47131965600,206,206,194.0,100.0,94.17
910,47131965700,157,157,151.0,100.0,96.18
911,47131965800,218,218,52.0,100.0,23.85
912,47131965900,189,189,132.0,100.0,69.84
913,47133950100,125,125,72.0,100.0,57.6
914,47133950200,108,108,61.0,100.0,56.48
915,47133950301,197,192,177.0,97.46,89.85
916,47133950302,153,153,127.0,100.0,83.01
917,47133950400,97,97,69.0,100.0,71.13
918,47133950500,196,195,174.0,99.49,88.78
919,47133950600,111,111,54.0,100.0,48.65
920,47135930100,240,236,132.0,98.33,55.0
921,47135930200,423,412,244.0,97.4,57.68
922,47137925100,358,356,209.0,99.44,58.38
923,47139950100,66,66,51.0,100.0,77.27
924,47139950201,145,145,71.0,100.0,48.97
925,47139950202,322,320,234.0,99.38,72.67
926,47139950300,151,146,133.0,96.69,88.08
927,47139950400,191,191,126.0,100.0,65.97
928,47141000100,437,437,315.0,100.0,72.08
929,47141000200,366,366,324.0,100.0,88.52
930,47141000301,116,116,113.0,100.0,97.41
931,47141000302,125,125,125.0,100.0,100.0
932,47141000303,75,75,75.0,100.0,100.0
933,47141000400,135,135,134.0,100.0,99.26
934,47141000500,104,104,104.0,100.0,100.0
935,47141000600,232,232,232.0,100.0,100.0
936,47141000700,216,216,216.0,100.0,100.0
937,47141000800,235,235,234.0,100.0,99.57
938,47141000900,249,249,242.0,100.0,97.19
939,47141001000,259,258,152.0,99.61,58.69
940,47141001100,377,376,352.0,99.73,93.37
941,47141001200,304,304,293.0,100.0,96.38
942,47141001300,98,98,64.0,100.0,65.31
943,47143975000,372,372,213.0,100.0,57.26
944,47143975100,389,389,164.0,100.0,42.16
945,47143975200,234,234,197.0,100.0,84.19
946,47143975300,240,240,203.0,100.0,84.58
947,47143975401,326,326,326.0,100.0,100.0
948,47143975402,109,109,109.0,100.0,100.0
949,47145030100,59,59,47.0,100.0,79.66
950,47145030201,396,396,174.0,100.0,43.94
951,47145030202,305,303,209.0,99.34,68.52
952,47145030300,376,376,206.0,100.0,54.79
953,47145030400,374,374,233.0,100.0,62.3
954,47145030500,311,311,160.0,100.0,51.45
955,47145030600,163,163,114.0,100.0,69.94
956,47145030700,312,312,165.0,100.0,52.88
957,47145030800,338,337,253.0,99.7,74.85
958,47145030900,293,293,192.0,100.0,65.53
959,47145980100,342,342,2.0,100.0,0.58
960,47147080101,152,150,83.0,98.68,54.61
961,47147080103,103,103,100.0,100.0,97.09
962,47147080104,125,124,100.0,99.2,80.0
963,47147080200,185,171,52.0,92.43,28.11
964,47147080301,51,51,47.0,100.0,92.16
965,47147080302,121,120,102.0,99.17,84.3
966,47147080401,97,96,87.0,98.97,89.69
967,47147080402,79,76,72.0,96.2,91.14
968,47147080500,110,108,75.0,98.18,68.18
969,47147080603,85,85,79.0,100.0,92.94
970,47147080604,51,51,46.0,100.0,90.2
971,47147080605,43,43,40.0,100.0,93.02
972,47147080606,83,82,82.0,98.8,98.8
973,47147080700,162,162,142.0,100.0,87.65
974,47149040101,32,32,32.0,100.0,100.0
975,47149040102,16,16,16.0,100.0,100.0
976,47149040103,72,72,72.0,100.0,100.0
977,47149040104,49,49,49.0,100.0,100.0
978,47149040105,36,36,36.0,100.0,100.0
979,47149040200,61,60,60.0,98.36,98.36
980,47149040302,167,164,163.0,98.2,97.6
981,47149040303,27,27,27.0,100.0,100.0
982,47149040304,41,41,41.0,100.0,100.0
983,47149040305,29,29,29.0,100.0,100.0
984,47149040306,72,72,72.0,100.0,100.0
985,47149040307,41,41,41.0,100.0,100.0
986,47149040308,66,66,66.0,100.0,100.0
987,47149040403,102,102,101.0,100.0,99.02
988,47149040501,99,97,91.0,97.98,91.92
989,47149040502,109,109,109.0,100.0,100.0
990,47149040600,117,117,101.0,100.0,86.32
991,47149040701,164,163,156.0,99.39,95.12
992,47149040702,151,151,125.0,100.0,82.78
993,47149040805,114,114,114.0,100.0,100.0
994,47149040806,90,90,89.0,100.0,98.89
995,47149040807,51,51,50.0,100.0,98.04
996,47149040808,85,85,83.0,100.0,97.65
997,47149040809,50,50,49.0,100.0,98.0
998,47149040810,101,101,76.0,100.0,75.25
999,47149040901,97,88,71.0,90.72,73.2
1000,47149040902,153,151,148.0,98.69,96.73
1001,47149040903,86,86,86.0,100.0,100.0
1002,47149040904,50,49,49.0,98.0,98.0
1003,47149040905,144,143,143.0,99.31,99.31
1004,47149041000,103,103,101.0,100.0,98.06
1005,47149041101,139,138,138.0,99.28,99.28
1006,47149041102,30,30,30.0,100.0,100.0
1007,47149041201,95,95,95.0,100.0,100.0
1008,47149041202,52,52,52.0,100.0,100.0
1009,47149041301,73,73,73.0,100.0,100.0
1010,47149041302,85,85,85.0,100.0,100.0
1011,47149041401,25,25,24.0,100.0,96.0
1012,47149041402,26,26,26.0,100.0,100.0
1013,47149041403,54,54,53.0,100.0,98.15
1014,47149041500,9,9,8.0,100.0,88.89
1015,47149041600,126,125,114.0,99.21,90.48
1016,47149041700,92,92,91.0,100.0,98.91
1017,47149041800,129,123,103.0,95.35,79.84
1018,47149041900,51,51,50.0,100.0,98.04
1019,47149042000,66,66,66.0,100.0,100.0
1020,47149042100,111,110,110.0,99.1,99.1
1021,47149042200,134,130,110.0,97.01,82.09
1022,47149042300,119,117,115.0,98.32,96.64
1023,47151975000,340,340,340.0,100.0,100.0
1024,47151975100,381,381,381.0,100.0,100.0
1025,47151975200,274,274,274.0,100.0,100.0
1026,47151975300,239,239,239.0,100.0,100.0
1027,47151975400,261,261,259.0,100.0,99.23
1028,47153060101,345,345,221.0,100.0,64.06
1029,47153060102,173,173,40.0,100.0,23.12
1030,47153060200,251,251,155.0,100.0,61.75
1031,47155080101,99,99,87.0,100.0,87.88
1032,47155080102,167,162,135.0,97.01,80.84
1033,47155080201,140,140,133.0,100.0,95.0
1034,47155080202,122,122,116.0,100.0,95.08
1035,47155080300,97,97,97.0,100.0,100.0
1036,47155080400,303,302,284.0,99.67,93.73
1037,47155080500,222,222,218.0,100.0,98.2
1038,47155080601,172,172,160.0,100.0,93.02
1039,47155080602,320,320,315.0,100.0,98.44
1040,47155080700,433,433,248.0,100.0,57.27
1041,47155080801,111,111,104.0,100.0,93.69
1042,47155080802,212,212,211.0,100.0,99.53
1043,47155080901,210,208,170.0,99.05,80.95
1044,47155080902,302,298,242.0,98.68,80.13
1045,47155081000,456,455,442.0,99.78,96.93
1046,47155081101,198,198,198.0,100.0,100.0
1047,47155081102,277,277,273.0,100.0,98.56
1048,47155980100,40,40,14.0,100.0,35.0
1049,47157000100,134,132,119.0,98.51,88.81
1050,47157000200,28,27,27.0,96.43,96.43
1051,47157000300,37,37,29.0,100.0,78.38
1052,47157000400,55,53,49.0,96.36,89.09
1053,47157000600,61,61,56.0,100.0,91.8
1054,47157000700,65,65,65.0,100.0,100.0
1055,47157000800,50,50,50.0,100.0,100.0
1056,47157000900,58,56,55.0,96.55,94.83
1057,47157001100,46,46,44.0,100.0,95.65
1058,47157001200,50,50,50.0,100.0,100.0
1059,47157001300,54,54,54.0,100.0,100.0
1060,47157001400,37,37,35.0,100.0,94.59
1061,47157001500,49,49,39.0,100.0,79.59
1062,47157001600,45,44,41.0,97.78,91.11
1063,47157001700,70,70,70.0,100.0,100.0
1064,47157001900,33,33,32.0,100.0,96.97
1065,47157002000,42,42,42.0,100.0,100.0
1066,47157002100,80,80,70.0,100.0,87.5
1067,47157002400,43,43,41.0,100.0,95.35
1068,47157002500,75,75,69.0,100.0,92.0
1069,47157002600,40,40,39.0,100.0,97.5
1070,47157002700,51,51,43.0,100.0,84.31
1071,47157002800,62,62,53.0,100.0,85.48
1072,47157002900,82,82,79.0,100.0,96.34
1073,47157003000,42,42,36.0,100.0,85.71
1074,47157003100,74,73,68.0,98.65,91.89
1075,47157003200,48,48,48.0,100.0,100.0
1076,47157003300,33,33,32.0,100.0,96.97
1077,47157003400,30,30,30.0,100.0,100.0
1078,47157003500,38,38,38.0,100.0,100.0
1079,47157003600,58,58,41.0,100.0,70.69
1080,47157003700,33,33,17.0,100.0,51.52
1081,47157003800,21,20,4.0,95.24,19.05
1082,47157003900,21,20,15.0,95.24,71.43
1083,47157004200,123,122,75.0,99.19,60.98
1084,47157004300,51,51,39.0,100.0,76.47
1085,47157004500,24,24,22.0,100.0,91.67
1086,47157004600,46,46,36.0,100.0,78.26
1087,47157005000,29,29,27.0,100.0,93.1
1088,47157005300,108,107,100.0,99.07,92.59
1089,47157005500,70,67,64.0,95.71,91.43
1090,47157005600,91,91,66.0,100.0,72.53
1091,47157005700,88,88,87.0,100.0,98.86
1092,47157005800,35,35,32.0,100.0,91.43
1093,47157005900,72,72,71.0,100.0,98.61
1094,47157006000,40,40,38.0,100.0,95.0
1095,47157006200,50,50,43.0,100.0,86.0
1096,47157006300,47,47,46.0,100.0,97.87
1097,47157006400,31,31,31.0,100.0,100.0
1098,47157006500,46,46,38.0,100.0,82.61
1099,47157006600,64,60,58.0,93.75,90.62
1100,47157006700,88,88,84.0,100.0,95.45
1101,47157006800,43,43,38.0,100.0,88.37
1102,47157006900,48,48,46.0,100.0,95.83
1103,47157007000,40,40,40.0,100.0,100.0
1104,47157007100,44,44,44.0,100.0,100.0
1105,47157007200,32,32,32.0,100.0,100.0
1106,47157007300,33,33,31.0,100.0,93.94
1107,47157007400,49,49,46.0,100.0,93.88
1108,47157007500,26,26,24.0,100.0,92.31
1109,47157007810,84,69,52.0,82.14,61.9
1110,47157007821,69,69,68.0,100.0,98.55
1111,47157007822,31,31,31.0,100.0,100.0
1112,47157007900,61,61,60.0,100.0,98.36
1113,47157008000,67,67,67.0,100.0,100.0
1114,47157008110,40,40,40.0,100.0,100.0
1115,47157008120,69,69,66.0,100.0,95.65
1116,47157008200,46,46,44.0,100.0,95.65
1117,47157008500,56,55,49.0,98.21,87.5
1118,47157008600,89,89,87.0,100.0,97.75
1119,47157008700,67,67,67.0,100.0,100.0
1120,47157008800,96,95,94.0,98.96,97.92
1121,47157008900,62,61,57.0,98.39,91.94
1122,47157009100,37,37,37.0,100.0,100.0
1123,47157009200,122,122,114.0,100.0,93.44
1124,47157009300,74,74,73.0,100.0,98.65
1125,47157009400,63,63,63.0,100.0,100.0
1126,47157009500,115,115,115.0,100.0,100.0
1127,47157009600,87,87,77.0,100.0,88.51
1128,47157009700,38,37,37.0,97.37,97.37
1129,47157009800,48,48,46.0,100.0,95.83
1130,47157009901,70,68,66.0,97.14,94.29
1131,47157009902,50,46,41.0,92.0,82.0
1132,47157010000,79,79,78.0,100.0,98.73
1133,47157010110,73,73,73.0,100.0,100.0
1134,47157010120,75,75,70.0,100.0,93.33
1135,47157010210,62,62,62.0,100.0,100.0
1136,47157010220,85,85,83.0,100.0,97.65
1137,47157010300,13,13,12.0,100.0,92.31
1138,47157010500,34,30,20.0,88.24,58.82
1139,47157010610,74,69,64.0,93.24,86.49
1140,47157010620,37,37,35.0,100.0,94.59
1141,47157010630,36,36,34.0,100.0,94.44
1142,47157010710,61,60,56.0,98.36,91.8
1143,47157010720,32,31,31.0,96.88,96.88
1144,47157010810,54,54,54.0,100.0,100.0
1145,47157010820,46,46,46.0,100.0,100.0
1146,47157011010,45,45,45.0,100.0,100.0
1147,47157011020,30,27,27.0,90.0,90.0
1148,47157011100,59,58,43.0,98.31,72.88
1149,47157011200,43,43,42.0,100.0,97.67
1150,47157011300,79,79,52.0,100.0,65.82
1151,47157011400,130,129,89.0,99.23,68.46
1152,47157011500,73,73,65.0,100.0,89.04
1153,47157011600,74,74,69.0,100.0,93.24
1154,47157011700,118,116,67.0,98.31,56.78
1155,47157011800,70,70,70.0,100.0,100.0
1156,47157020101,40,40,36.0,100.0,90.0
1157,47157020102,40,40,40.0,100.0,100.0
1158,47157020210,86,86,86.0,100.0,100.0
1159,47157020221,48,48,47.0,100.0,97.92
1160,47157020222,28,28,28.0,100.0,100.0
1161,47157020300,96,95,95.0,98.96,98.96
1162,47157020400,32,28,27.0,87.5,84.38
1163,47157020511,34,33,32.0,97.06,94.12
1164,47157020512,63,63,62.0,100.0,98.41
1165,47157020521,30,30,30.0,100.0,100.0
1166,47157020523,33,33,33.0,100.0,100.0
1167,47157020524,45,45,45.0,100.0,100.0
1168,47157020531,61,61,56.0,100.0,91.8
1169,47157020532,81,81,75.0,100.0,92.59
1170,47157020541,72,71,66.0,98.61,91.67
1171,47157020542,52,48,43.0,92.31,82.69
1172,47157020610,58,57,44.0,98.28,75.86
1173,47157020621,81,80,76.0,98.77,93.83
1174,47157020622,63,62,56.0,98.41,88.89
1175,47157020632,87,78,78.0,89.66,89.66
1176,47157020633,39,39,38.0,100.0,97.44
1177,47157020634,29,28,28.0,96.55,96.55
1178,47157020635,34,34,34.0,100.0,100.0
1179,47157020642,107,107,106.0,100.0,99.07
1180,47157020643,69,69,69.0,100.0,100.0
1181,47157020644,102,102,102.0,100.0,100.0
1182,47157020651,95,95,95.0,100.0,100.0
1183,47157020652,63,63,62.0,100.0,98.41
1184,47157020700,37,37,36.0,100.0,97.3
1185,47157020810,52,52,44.0,100.0,84.62
1186,47157020820,121,119,117.0,98.35,96.69
1187,47157020831,43,31,31.0,72.09,72.09
1188,47157020832,119,113,110.0,94.96,92.44
1189,47157020900,143,140,133.0,97.9,93.01
1190,47157021010,198,190,187.0,95.96,94.44
1191,47157021020,65,65,63.0,100.0,96.92
1192,47157021111,63,60,51.0,95.24,80.95
1193,47157021112,57,55,55.0,96.49,96.49
1194,47157021113,81,49,46.0,60.49,56.79
1195,47157021121,71,59,59.0,83.1,83.1
1196,47157021122,48,48,47.0,100.0,97.92
1197,47157021124,79,79,79.0,100.0,100.0
1198,47157021125,62,61,59.0,98.39,95.16
1199,47157021126,50,50,50.0,100.0,100.0
1200,47157021135,93,92,91.0,98.92,97.85
1201,47157021136,68,68,68.0,100.0,100.0
1202,47157021137,102,101,101.0,99.02,99.02
1203,47157021138,32,31,29.0,96.88,90.62
1204,47157021139,34,34,34.0,100.0,100.0
1205,47157021140,63,62,61.0,98.41,96.83
1206,47157021141,69,66,66.0,95.65,95.65
1207,47157021142,46,33,32.0,71.74,69.57
1208,47157021200,10,10,6.0,100.0,60.0
1209,47157021311,76,72,66.0,94.74,86.84
1210,47157021312,27,27,25.0,100.0,92.59
1211,47157021320,70,66,55.0,94.29,78.57
1212,47157021331,54,54,53.0,100.0,98.15
1213,47157021333,35,35,34.0,100.0,97.14
1214,47157021334,34,34,32.0,100.0,94.12
1215,47157021341,82,81,80.0,98.78,97.56
1216,47157021342,139,130,110.0,93.53,79.14
1217,47157021351,78,75,74.0,96.15,94.87
1218,47157021352,63,63,63.0,100.0,100.0
1219,47157021353,105,101,99.0,96.19,94.29
1220,47157021410,40,40,39.0,100.0,97.5
1221,47157021420,55,49,49.0,89.09,89.09
1222,47157021430,76,75,67.0,98.68,88.16
1223,47157021510,81,77,73.0,95.06,90.12
1224,47157021520,189,183,167.0,96.83,88.36
1225,47157021530,48,46,46.0,95.83,95.83
1226,47157021540,108,108,108.0,100.0,100.0
1227,47157021611,72,72,68.0,100.0,94.44
1228,47157021612,54,54,54.0,100.0,100.0
1229,47157021613,47,47,47.0,100.0,100.0
1230,47157021620,92,90,81.0,97.83,88.04
1231,47157021710,22,21,17.0,95.45,77.27
1232,47157021721,38,38,35.0,100.0,92.11
1233,47157021724,40,32,30.0,80.0,75.0
1234,47157021725,29,28,27.0,96.55,93.1
1235,47157021726,17,15,15.0,88.24,88.24
1236,47157021731,32,28,19.0,87.5,59.38
1237,47157021732,61,58,54.0,95.08,88.52
1238,47157021741,68,68,64.0,100.0,94.12
1239,47157021744,55,55,55.0,100.0,100.0
1240,47157021745,67,67,67.0,100.0,100.0
1241,47157021746,30,29,29.0,96.67,96.67
1242,47157021747,32,32,32.0,100.0,100.0
1243,47157021751,68,68,61.0,100.0,89.71
1244,47157021752,34,34,34.0,100.0,100.0
1245,47157021753,26,24,24.0,92.31,92.31
1246,47157021754,34,34,34.0,100.0,100.0
1247,47157021900,60,60,55.0,100.0,91.67
1248,47157022022,103,102,83.0,99.03,80.58
1249,47157022023,49,49,47.0,100.0,95.92
1250,47157022024,61,61,61.0,100.0,100.0
1251,47157022111,65,62,61.0,95.38,93.85
1252,47157022112,69,69,64.0,100.0,92.75
1253,47157022121,69,69,63.0,100.0,91.3
1254,47157022122,46,46,46.0,100.0,100.0
1255,47157022130,70,70,68.0,100.0,97.14
1256,47157022210,59,59,58.0,100.0,98.31
1257,47157022220,81,81,80.0,100.0,98.77
1258,47157022310,66,66,66.0,100.0,100.0
1259,47157022321,53,53,52.0,100.0,98.11
1260,47157022322,64,64,63.0,100.0,98.44
1261,47157022330,60,60,60.0,100.0,100.0
1262,47157022410,98,97,95.0,98.98,96.94
1263,47157022500,104,86,66.0,82.69,63.46
1264,47157022600,143,125,79.0,87.41,55.24
1265,47157022700,80,80,79.0,100.0,98.75
1266,47157980100,40,32,14.0,80.0,35.0
1267,47157980200,23,23,1.0,100.0,4.35
1268,47157980300,8,8,0.0,100.0,0.0
1269,47157980400,9,7,5.0,77.78,55.56
1270,47159975000,221,221,218.0,100.0,98.64
1271,47159975100,114,114,114.0,100.0,100.0
1272,47159975200,259,259,241.0,100.0,93.05
1273,47159975300,103,101,69.0,98.06,66.99
1274,47159975400,335,335,313.0,100.0,93.43
1275,47161110200,165,165,143.0,100.0,86.67
1276,47161110600,115,87,52.0,75.65,45.22
1277,47161110700,187,187,159.0,100.0,85.03
1278,47161980100,1,1,1.0,100.0,100.0
1279,47161980200,1,1,1.0,100.0,100.0
1280,47163040200,317,317,317.0,100.0,100.0
1281,47163040300,65,65,65.0,100.0,100.0
1282,47163040500,127,127,127.0,100.0,100.0
1283,47163040600,133,133,133.0,100.0,100.0
1284,47163040700,87,87,87.0,100.0,100.0
1285,47163040800,139,139,139.0,100.0,100.0
1286,47163040900,79,79,79.0,100.0,100.0
1287,47163041000,120,120,120.0,100.0,100.0
1288,47163041100,88,88,88.0,100.0,100.0
1289,47163041200,213,213,213.0,100.0,100.0
1290,47163041300,156,156,156.0,100.0,100.0
1291,47163041400,239,239,239.0,100.0,100.0
1292,47163041500,63,63,63.0,100.0,100.0
1293,47163041600,83,83,83.0,100.0,100.0
1294,47163041700,133,133,133.0,100.0,100.0
1295,47163041800,114,114,114.0,100.0,100.0
1296,47163041900,59,59,59.0,100.0,100.0
1297,47163042000,66,66,66.0,100.0,100.0
1298,47163042100,184,184,184.0,100.0,100.0
1299,47163042200,144,144,144.0,100.0,100.0
1300,47163042300,157,157,157.0,100.0,100.0
1301,47163042400,135,135,135.0,100.0,100.0
1302,47163042500,95,95,95.0,100.0,100.0
1303,47163042600,160,160,160.0,100.0,100.0
1304,47163042701,170,170,170.0,100.0,100.0
1305,47163042702,93,93,93.0,100.0,100.0
1306,47163042801,87,87,87.0,100.0,100.0
1307,47163042802,136,136,136.0,100.0,100.0
1308,47163042900,73,73,73.0,100.0,100.0
1309,47163043000,245,245,245.0,100.0,100.0
1310,47163043100,233,233,233.0,100.0,100.0
1311,47163043201,186,186,186.0,100.0,100.0
1312,47163043202,268,268,268.0,100.0,100.0
1313,47163043301,131,131,131.0,100.0,100.0
1314,47163043302,304,304,304.0,100.0,100.0
1315,47163043401,170,170,170.0,100.0,100.0
1316,47163043402,146,146,146.0,100.0,100.0
1317,47163043500,187,187,187.0,100.0,100.0
1318,47163043600,150,150,150.0,100.0,100.0
1319,47165020101,153,153,153.0,100.0,100.0
1320,47165020102,236,236,236.0,100.0,100.0
1321,47165020203,48,48,44.0,100.0,91.67
1322,47165020204,85,84,80.0,98.82,94.12
1323,47165020205,62,62,61.0,100.0,98.39
1324,47165020206,37,37,35.0,100.0,94.59
1325,47165020207,26,26,24.0,100.0,92.31
1326,47165020208,52,52,48.0,100.0,92.31
1327,47165020209,62,62,57.0,100.0,91.94
1328,47165020300,111,111,104.0,100.0,93.69
1329,47165020403,35,35,32.0,100.0,91.43
1330,47165020404,33,33,33.0,100.0,100.0
1331,47165020405,26,26,25.0,100.0,96.15
1332,47165020406,42,42,42.0,100.0,100.0
1333,47165020407,54,54,53.0,100.0,98.15
1334,47165020501,92,90,85.0,97.83,92.39
1335,47165020502,61,61,57.0,100.0,93.44
1336,47165020503,40,40,36.0,100.0,90.0
1337,47165020601,105,105,103.0,100.0,98.1
1338,47165020602,181,179,173.0,98.9,95.58
1339,47165020603,68,68,60.0,100.0,88.24
1340,47165020700,135,134,130.0,99.26,96.3
1341,47165020800,134,134,133.0,100.0,99.25
1342,47165020901,25,24,23.0,96.0,92.0
1343,47165020902,113,113,111.0,100.0,98.23
1344,47165020903,77,77,75.0,100.0,97.4
1345,47165021002,74,70,68.0,94.59,91.89
1346,47165021004,44,44,42.0,100.0,95.45
1347,47165021005,90,90,87.0,100.0,96.67
1348,47165021006,38,38,34.0,100.0,89.47
1349,47165021007,29,29,29.0,100.0,100.0
1350,47165021008,42,42,41.0,100.0,97.62
1351,47165021009,44,43,43.0,97.73,97.73
1352,47165021103,55,54,54.0,98.18,98.18
1353,47165021104,31,31,31.0,100.0,100.0
1354,47165021105,54,54,52.0,100.0,96.3
1355,47165021106,51,50,49.0,98.04,96.08
1356,47165021107,52,52,52.0,100.0,100.0
1357,47165021201,69,69,69.0,100.0,100.0
1358,47165021203,68,67,67.0,98.53,98.53
1359,47165021204,67,66,65.0,98.51,97.01
1360,47165021205,56,56,55.0,100.0,98.21
1361,47167040100,33,33,33.0,100.0,100.0
1362,47167040200,46,46,33.0,100.0,71.74
1363,47167040302,120,119,119.0,99.17,99.17
1364,47167040303,90,90,90.0,100.0,100.0
1365,47167040304,66,66,66.0,100.0,100.0
1366,47167040400,67,67,51.0,100.0,76.12
1367,47167040500,104,104,100.0,100.0,96.15
1368,47167040601,84,83,76.0,98.81,90.48
1369,47167040602,87,83,59.0,95.4,67.82
1370,47167040700,149,149,141.0,100.0,94.63
1371,47167040800,53,53,46.0,100.0,86.79
1372,47167040900,58,58,14.0,100.0,24.14
1373,47167041000,103,103,55.0,100.0,53.4
1374,47169090100,307,307,202.0,100.0,65.8
1375,47169090200,99,99,83.0,100.0,83.84
1376,47171080100,295,295,295.0,100.0,100.0
1377,47171080200,358,358,356.0,100.0,99.44
1378,47171080300,281,281,262.0,100.0,93.24
1379,47171080400,216,216,216.0,100.0,100.0
1380,47173040100,268,267,192.0,99.63,71.64
1381,47173040201,119,118,101.0,99.16,84.87
1382,47173040202,183,183,147.0,100.0,80.33
1383,47173040300,144,144,21.0,100.0,14.58
1384,47175925000,275,275,74.0,100.0,26.91
1385,47175925200,184,184,158.0,100.0,85.87
1386,47177930100,156,156,136.0,100.0,87.18
1387,47177930200,326,326,207.0,100.0,63.5
1388,47177930300,115,115,67.0,100.0,58.26
1389,47177930400,133,133,129.0,100.0,96.99
1390,47177930500,154,154,153.0,100.0,99.35
1391,47177930600,146,146,146.0,100.0,100.0
1392,47177930700,129,129,129.0,100.0,100.0
1393,47177930800,329,329,236.0,100.0,71.73
1394,47177930900,75,75,73.0,100.0,97.33
1395,47179060100,169,169,169.0,100.0,100.0
1396,47179060400,195,195,186.0,100.0,95.38
1397,47179060501,111,111,107.0,100.0,96.4
1398,47179060502,125,125,119.0,100.0,95.2
1399,47179060600,129,129,126.0,100.0,97.67
1400,47179060700,33,33,33.0,100.0,100.0
1401,47179060800,137,137,137.0,100.0,100.0
1402,47179060900,157,157,156.0,100.0,99.36
1403,47179061000,149,149,149.0,100.0,100.0
1404,47179061100,104,104,104.0,100.0,100.0
1405,47179061200,159,159,157.0,100.0,98.74
1406,47179061300,292,292,292.0,100.0,100.0
1407,47179061401,144,141,137.0,97.92,95.14
1408,47179061402,174,173,161.0,99.43,92.53
1409,47179061500,213,208,193.0,97.65,90.61
1410,47179061601,92,92,76.0,100.0,82.61
1411,47179061602,230,229,208.0,99.57,90.43
1412,47179061701,107,107,102.0,100.0,95.33
1413,47179061702,144,142,135.0,98.61,93.75
1414,47179061800,221,221,194.0,100.0,87.78
1415,47179061901,276,274,237.0,99.28,85.87
1416,47179061902,178,177,139.0,99.44,78.09
1417,47179062000,144,144,144.0,100.0,100.0
1418,47181950100,259,256,172.0,98.84,66.41
1419,47181950200,348,343,240.0,98.56,68.97
1420,47181950300,226,221,170.0,97.79,75.22
1421,47181950400,219,218,114.0,99.54,52.05
1422,47183968000,124,124,10.0,100.0,8.06
1423,47183968101,158,158,155.0,100.0,98.1
1424,47183968102,164,164,95.0,100.0,57.93
1425,47183968201,295,295,247.0,100.0,83.73
1426,47183968202,41,41,41.0,100.0,100.0
1427,47183968203,130,130,130.0,100.0,100.0
1428,47183968300,173,173,111.0,100.0,64.16
1429,47183968400,344,344,243.0,100.0,70.64
1430,47183968500,281,281,182.0,100.0,64.77
1431,47183968600,218,218,160.0,100.0,73.39
1432,47183968700,149,149,75.0,100.0,50.34
1433,47185935000,203,203,172.0,100.0,84.73
1434,47185935100,192,192,185.0,100.0,96.35
1435,47185935200,114,114,105.0,100.0,92.11
1436,47185935300,225,225,224.0,100.0,99.56
1437,47185935400,177,177,175.0,100.0,98.87
1438,47185935500,191,191,117.0,100.0,61.26
1439,47187050101,111,111,108.0,100.0,97.3
1440,47187050102,53,53,52.0,100.0,98.11
1441,47187050103,129,129,84.0,100.0,65.12
1442,47187050203,54,52,50.0,96.3,92.59
1443,47187050204,43,43,43.0,100.0,100.0
1444,47187050205,47,47,46.0,100.0,97.87
1445,47187050206,29,29,29.0,100.0,100.0
1446,47187050207,45,45,45.0,100.0,100.0
1447,47187050208,84,70,63.0,83.33,75.0
1448,47187050303,29,29,29.0,100.0,100.0
1449,47187050304,105,66,40.0,62.86,38.1
1450,47187050305,30,30,29.0,100.0,96.67
1451,47187050306,32,32,30.0,100.0,93.75
1452,47187050307,86,72,50.0,83.72,58.14
1453,47187050403,14,14,14.0,100.0,100.0
1454,47187050404,69,68,66.0,98.55,95.65
1455,47187050405,28,28,25.0,100.0,89.29
1456,47187050406,40,40,39.0,100.0,97.5
1457,47187050502,124,123,75.0,99.19,60.48
1458,47187050503,162,161,126.0,99.38,77.78
1459,47187050504,62,62,60.0,100.0,96.77
1460,47187050601,73,73,68.0,100.0,93.15
1461,47187050602,227,224,207.0,98.68,91.19
1462,47187050701,50,50,50.0,100.0,100.0
1463,47187050702,52,52,51.0,100.0,98.08
1464,47187050800,141,140,137.0,99.29,97.16
1465,47187050904,59,59,56.0,100.0,94.92
1466,47187050905,57,54,45.0,94.74,78.95
1467,47187050906,58,58,56.0,100.0,96.55
1468,47187050907,74,71,67.0,95.95,90.54
1469,47187050908,56,56,55.0,100.0,98.21
1470,47187050909,73,73,71.0,100.0,97.26
1471,47187051001,154,150,147.0,97.4,95.45
1472,47187051002,107,105,100.0,98.13,93.46
1473,47187051100,292,292,260.0,100.0,89.04
1474,47187051201,183,181,129.0,98.91,70.49
1475,47187051202,284,284,284.0,100.0,100.0
1476,47189030101,205,205,195.0,100.0,95.12
1477,47189030102,208,208,175.0,100.0,84.13
1478,47189030202,265,263,262.0,99.25,98.87
1479,47189030203,94,93,93.0,98.94,98.94
1480,47189030204,171,171,166.0,100.0,97.08
1481,47189030303,30,30,30.0,100.0,100.0
1482,47189030304,61,60,60.0,98.36,98.36
1483,47189030305,60,60,60.0,100.0,100.0
1484,47189030307,113,108,108.0,95.58,95.58
1485,47189030308,40,38,38.0,95.0,95.0
1486,47189030309,61,60,60.0,98.36,98.36
1487,47189030401,44,44,44.0,100.0,100.0
1488,47189030402,103,103,103.0,100.0,100.0
1489,47189030500,144,144,144.0,100.0,100.0
1490,47189030600,99,99,99.0,100.0,100.0
1491,47189030700,103,103,103.0,100.0,100.0
1492,47189030800,325,325,300.0,100.0,92.31
1493,47189030901,115,115,115.0,100.0,100.0
1494,47189030903,175,175,160.0,100.0,91.43
1495,47189030904,196,195,176.0,99.49,89.8
1496,47189031000,365,365,296.0,100.0,81.1
