,state,county,tract,Less_HS_Proportion,HS_Proportion,Some_College_Proportion,Bachelors_Proportion,TractCode
0,47,065,011413,7.09,31.48,37.47,23.96,47065011413
1,47,069,950200,30.45,46.73,16.15,6.66,47069950200
2,47,069,950400,12.52,56.57,16.25,14.66,47069950400
3,47,069,950100,15.44,47.13,24.44,12.99,47069950100
4,47,069,950500,19.89,43.52,22.57,14.02,47069950500
5,47,069,950600,24.99,45.33,24.46,5.22,47069950600
6,47,129,110100,15.14,49.39,28.42,7.06,47129110100
7,47,129,110500,17.91,50.28,26.23,5.58,47129110500
8,47,129,110300,23.89,52.22,17.26,6.63,47129110300
9,47,129,110400,18.5,43.63,30.51,7.36,47129110400
10,47,129,110200,13.33,55.45,19.93,11.3,47129110200
11,47,061,955000,27.25,46.03,18.73,7.99,47061955000
12,47,061,955300,23.92,34.08,26.12,15.88,47061955300
13,47,061,955100,15.82,49.96,16.68,17.54,47061955100
14,47,061,955200,26.44,46.14,19.32,8.1,47061955200
15,47,079,969000,10.61,41.35,25.06,22.99,47079969000
16,47,079,969100,13.91,52.87,21.53,11.69,47079969100
17,47,079,969300,16.88,50.46,22.31,10.35,47079969300
18,47,079,969500,16.04,48.26,23.84,11.85,47079969500
19,47,079,969600,11.22,44.37,20.13,24.28,47079969600
20,47,079,969700,23.91,43.2,21.49,11.41,47079969700
21,47,079,969200,8.68,57.85,18.31,15.15,47079969200
22,47,079,969800,13.75,53.88,18.94,13.44,47079969800
23,47,079,969400,17.51,43.97,20.24,18.27,47079969400
24,47,029,980100,0.0,0.0,0.0,0.0,47029980100
25,47,105,060400,11.12,37.65,29.76,21.47,47105060400
26,47,033,961000,17.28,44.69,26.34,11.69,47033961000
27,47,033,961300,17.63,46.13,26.36,9.88,47033961300
28,47,069,950300,18.92,44.21,22.23,14.64,47069950300
29,47,105,060700,15.41,40.63,31.62,12.34,47105060700
30,47,105,060100,17.1,43.67,21.63,17.6,47105060100
31,47,105,060600,24.02,36.8,25.9,13.28,47105060600
32,47,139,950300,16.52,42.32,31.81,9.35,47139950300
33,47,139,950400,24.07,36.77,27.69,11.48,47139950400
34,47,157,000800,25.86,45.42,20.32,8.4,47157000800
35,47,157,001300,29.14,41.09,24.72,5.05,47157001300
36,47,157,001400,32.15,48.38,9.05,10.42,47157001400
37,47,157,001500,23.58,32.62,25.62,18.17,47157001500
38,47,157,001700,6.76,19.79,34.21,39.24,47157001700
39,47,157,002100,23.26,24.65,30.23,21.86,47157002100
40,47,157,003100,1.12,14.8,25.06,59.02,47157003100
41,47,157,003900,13.63,33.68,27.59,25.1,47157003900
42,47,157,004200,0.77,8.96,13.98,76.29,47157004200
43,47,157,004600,29.42,24.73,33.26,12.58,47157004600
44,47,157,005300,25.06,38.3,25.89,10.75,47157005300
45,47,157,006300,4.31,28.08,22.87,44.74,47157006300
46,47,157,006500,17.11,34.67,30.07,18.15,47157006500
47,47,157,007100,0.0,15.6,18.65,65.75,47157007100
48,47,157,000100,1.95,7.43,11.08,79.54,47157000100
49,47,157,009700,15.45,42.59,22.92,19.04,47157009700
50,47,157,007822,16.28,53.03,22.76,7.93,47157007822
51,47,157,008000,15.17,28.27,39.37,17.2,47157008000
52,47,157,010210,21.02,36.59,31.33,11.06,47157010210
53,47,147,080200,11.12,42.58,29.12,17.18,47147080200
54,47,147,080401,21.48,44.92,24.31,9.29,47147080401
55,47,147,080500,6.62,38.9,27.87,26.61,47147080500
56,47,147,080402,21.27,37.29,28.56,12.88,47147080402
57,47,147,080101,10.33,41.08,31.81,16.77,47147080101
58,47,147,080700,11.5,34.29,32.92,21.28,47147080700
59,47,051,960100,21.72,49.41,18.15,10.72,47051960100
60,47,051,960800,21.48,44.13,20.26,14.13,47051960800
61,47,051,960400,11.92,34.59,29.67,23.82,47051960400
62,47,051,960600,17.58,39.63,27.81,14.99,47051960600
63,47,051,960500,17.92,37.54,25.83,18.71,47051960500
64,47,051,960700,8.58,24.48,11.19,55.75,47051960700
65,47,051,960300,9.05,44.76,26.71,19.47,47051960300
66,47,009,010400,10.52,37.45,32.2,19.83,47009010400
67,47,009,011102,4.64,26.28,27.29,41.79,47009011102
68,47,009,010500,12.4,29.13,39.59,18.88,47009010500
69,47,009,010200,10.07,36.76,26.4,26.77,47009010200
70,47,009,011602,11.16,39.11,29.88,19.85,47009011602
71,47,009,010100,19.36,37.26,36.2,7.18,47009010100
72,47,009,010600,9.35,30.0,26.6,34.05,47009010600
73,47,009,010900,8.98,25.24,43.15,22.63,47009010900
74,47,009,010800,23.27,47.65,19.63,9.45,47009010800
75,47,009,010700,6.45,34.72,31.65,27.19,47009010700
76,47,009,011101,9.12,35.59,30.15,25.13,47009011101
77,47,157,011020,22.46,25.2,40.48,11.86,47157011020
78,47,157,020511,9.95,34.41,29.5,26.14,47157020511
79,47,157,020700,4.26,33.4,37.4,24.94,47157020700
80,47,157,021200,32.25,40.43,22.57,4.75,47157021200
81,47,157,020820,5.04,21.38,30.85,42.73,47157020820
82,47,157,021135,5.11,27.91,40.0,26.98,47157021135
83,47,157,021410,2.59,9.53,25.15,62.73,47157021410
84,47,157,021753,6.47,35.23,35.79,22.51,47157021753
85,47,157,022310,17.87,40.56,27.71,13.87,47157022310
86,47,157,022322,10.56,31.78,42.79,14.86,47157022322
87,47,157,022410,19.75,27.36,32.53,20.35,47157022410
88,47,157,000700,21.57,23.63,34.38,20.42,47157000700
89,47,157,001100,20.13,51.76,18.39,9.71,47157001100
90,47,157,001900,29.61,49.39,18.21,2.79,47157001900
91,47,157,003200,6.9,20.77,22.48,49.85,47157003200
92,47,157,002800,29.39,31.74,20.89,17.98,47157002800
93,47,157,004300,5.4,9.68,17.88,67.04,47157004300
94,47,157,005800,27.39,34.68,29.34,8.59,47157005800
95,47,157,006800,22.05,44.59,22.26,11.1,47157006800
96,47,157,007400,6.45,10.91,37.99,44.64,47157007400
97,47,157,007900,21.29,45.64,26.35,6.72,47157007900
98,47,157,009200,3.87,12.83,24.27,59.02,47157009200
99,47,157,009500,0.74,18.19,27.27,53.8,47157009500
100,47,157,020512,17.35,34.78,33.08,14.79,47157020512
101,47,157,009600,3.23,14.25,13.83,68.69,47157009600
102,47,157,010820,12.37,22.6,39.48,25.55,47157010820
103,47,157,020900,2.87,17.16,33.74,46.24,47157020900
104,47,157,021710,13.03,40.04,34.44,12.49,47157021710
105,47,157,021724,15.37,33.58,32.57,18.48,47157021724
106,47,009,011200,14.14,25.08,36.18,24.59,47009011200
107,47,021,070102,17.48,42.39,25.81,14.32,47021070102
108,47,021,070300,16.38,31.87,31.55,20.2,47021070300
109,47,019,070400,15.05,33.7,37.81,13.44,47019070400
110,47,019,070600,19.28,37.65,26.29,16.79,47019070600
111,47,019,071100,18.18,43.75,27.08,10.99,47019071100
112,47,019,071700,22.88,41.62,18.04,17.46,47019071700
113,47,019,070100,24.78,40.43,24.04,10.76,47019070100
114,47,019,070200,11.34,34.9,32.04,21.71,47019070200
115,47,019,071200,24.13,42.37,21.29,12.21,47019071200
116,47,019,070300,17.51,35.88,28.55,18.05,47019070300
117,47,019,071500,26.02,41.68,22.18,10.13,47019071500
118,47,019,071300,13.01,46.86,31.58,8.56,47019071300
119,47,019,071000,20.63,38.43,22.0,18.94,47019071000
120,47,019,070700,12.42,42.51,24.28,20.79,47019070700
121,47,019,070800,16.75,24.86,31.49,26.91,47019070800
122,47,019,071400,16.65,42.28,22.61,18.46,47019071400
123,47,019,071600,30.25,43.78,15.35,10.63,47019071600
124,47,019,070900,5.67,30.16,28.22,35.94,47019070900
125,47,019,070500,14.14,40.04,29.55,16.27,47019070500
126,47,057,500200,10.4,46.56,27.4,15.64,47057500200
127,47,057,500300,22.21,42.63,25.66,9.5,47057500300
128,47,057,500100,30.96,40.38,21.14,7.52,47057500100
129,47,157,021752,4.26,26.73,38.3,30.71,47157021752
130,47,157,021754,14.44,38.08,24.88,22.6,47157021754
131,47,097,050100,33.75,48.03,13.96,4.26,47097050100
132,47,097,050600,27.36,41.49,22.33,8.82,47097050600
133,47,097,050200,22.45,46.16,21.05,10.34,47097050200
134,47,097,050300,22.65,49.9,20.3,7.15,47097050300
135,47,097,050400,21.87,38.38,32.23,7.52,47097050400
136,47,099,960600,22.35,46.15,19.22,12.27,47099960600
137,47,099,960100,20.33,46.31,22.71,10.65,47099960100
138,47,099,960900,22.74,46.72,19.31,11.22,47099960900
139,47,099,960300,19.5,44.49,24.93,11.09,47099960300
140,47,099,960200,17.03,52.02,22.13,8.82,47099960200
141,47,099,960700,16.07,44.86,28.29,10.78,47099960700
142,47,099,960800,14.69,45.38,28.3,11.63,47099960800
143,47,113,000100,17.38,34.59,22.0,26.04,47113000100
144,47,113,000500,16.47,53.5,21.17,8.86,47113000500
145,47,113,000700,13.96,47.99,20.65,17.41,47113000700
146,47,113,001100,15.66,52.49,26.16,5.69,47113001100
147,47,113,001402,10.13,34.66,35.49,19.73,47113001402
148,47,113,001502,9.56,40.74,28.96,20.74,47113001502
149,47,113,001605,6.71,22.36,24.6,46.33,47113001605
150,47,113,001606,2.57,28.43,30.44,38.56,47113001606
151,47,113,001609,8.28,28.48,23.18,40.07,47113001609
152,47,113,001700,8.33,40.91,32.86,17.91,47113001700
153,47,113,000800,30.33,46.94,16.69,6.03,47113000800
154,47,113,000900,27.27,35.7,25.2,11.83,47113000900
155,47,033,961100,21.46,34.36,28.24,15.94,47033961100
156,47,033,961200,15.55,51.75,21.02,11.68,47033961200
157,47,033,961400,19.7,40.15,26.69,13.46,47033961400
158,47,095,960200,21.54,43.65,23.66,11.15,47095960200
159,47,095,960100,28.41,43.87,17.56,10.16,47095960100
160,47,093,002400,24.45,36.5,21.89,17.16,47093002400
161,47,093,005201,12.85,35.54,34.27,17.35,47093005201
162,47,093,003300,3.29,19.27,30.24,47.2,47093003300
163,47,093,004700,7.46,32.17,31.48,28.89,47093004700
164,47,093,005100,8.8,20.82,25.5,44.88,47093005100
165,47,093,005803,3.65,21.11,27.24,48.01,47093005803
166,47,093,006102,13.6,34.12,29.61,22.67,47093006102
167,47,093,006203,10.0,35.3,36.32,18.38,47093006203
168,47,093,001600,19.69,30.73,26.87,22.7,47093001600
169,47,093,002200,12.63,26.41,33.04,27.92,47093002200
170,47,149,040810,9.83,35.34,27.97,26.86,47149040810
171,47,149,040901,9.78,28.69,35.09,26.44,47149040901
172,47,149,040902,2.79,20.67,34.08,42.47,47149040902
173,47,149,040903,4.85,26.26,29.7,39.19,47149040903
174,47,149,040904,4.64,29.28,29.59,36.48,47149040904
175,47,149,040905,4.08,18.96,31.62,45.35,47149040905
176,47,149,041101,5.31,20.1,27.37,47.22,47149041101
177,47,149,041102,9.82,38.81,27.81,23.56,47149041102
178,47,149,041201,5.85,20.98,31.69,41.48,47149041201
179,47,149,041202,7.81,31.45,29.79,30.96,47149041202
180,47,149,041301,0.84,15.73,22.34,61.09,47149041301
181,47,149,041302,4.95,20.36,23.84,50.85,47149041302
182,47,149,041401,3.09,18.0,30.46,48.46,47149041401
183,47,149,041402,7.07,25.59,35.85,31.49,47149041402
184,47,149,041403,6.42,17.8,35.37,40.41,47149041403
185,47,149,042200,16.06,28.8,35.17,19.97,47149042200
186,47,153,060101,23.18,39.71,24.83,12.28,47153060101
187,47,153,060102,10.84,43.47,28.3,17.4,47153060102
188,47,155,080101,15.99,48.37,23.1,12.54,47155080101
189,47,157,009300,3.73,15.85,30.56,49.86,47157009300
190,47,157,010610,30.79,35.54,27.76,5.91,47157010610
191,47,157,020222,13.57,36.1,30.45,19.88,47157020222
192,47,157,021138,2.13,14.06,25.48,58.33,47157021138
193,47,157,021341,3.78,5.4,19.01,71.81,47157021341
194,47,157,021351,2.29,10.95,21.91,64.85,47157021351
195,47,157,021352,0.54,9.97,24.49,65.01,47157021352
196,47,157,021520,1.34,12.75,18.46,67.45,47157021520
197,47,157,021721,11.53,38.17,34.27,16.02,47157021721
198,47,157,021732,13.67,36.14,38.56,11.64,47157021732
199,47,157,021751,6.73,20.21,41.52,31.54,47157021751
200,47,157,022220,19.0,33.07,38.4,9.52,47157022220
201,47,157,010000,25.13,41.55,25.41,7.92,47157010000
202,47,157,008110,25.11,43.23,25.99,5.66,47157008110
203,47,157,008120,29.21,28.87,29.27,12.65,47157008120
204,47,157,020210,14.26,33.89,35.08,16.77,47157020210
205,47,157,020541,14.43,37.07,26.65,21.85,47157020541
206,47,157,010110,28.47,46.64,20.71,4.18,47157010110
207,47,157,010630,32.63,29.15,31.68,6.54,47157010630
208,47,157,020400,6.52,18.22,48.15,27.11,47157020400
209,47,157,020542,12.22,26.87,46.33,14.58,47157020542
210,47,157,020622,9.72,34.79,31.1,24.39,47157020622
211,47,157,021113,10.76,28.05,36.21,24.98,47157021113
212,47,157,021342,3.38,11.29,29.98,55.35,47157021342
213,47,157,021530,1.66,10.44,21.35,66.55,47157021530
214,47,157,021611,7.19,19.12,30.13,43.56,47157021611
215,47,157,021731,25.9,39.29,26.21,8.59,47157021731
216,47,139,950100,19.04,44.33,24.42,12.21,47139950100
217,47,149,041500,0.0,0.0,43.62,56.38,47149041500
218,47,149,041900,21.87,35.45,21.46,21.22,47149041900
219,47,149,041800,21.18,37.09,29.71,12.02,47149041800
220,47,149,040302,8.83,43.74,31.41,16.02,47149040302
221,47,149,040403,10.2,37.56,30.14,22.1,47149040403
222,47,149,041700,9.78,33.56,28.66,28.0,47149041700
223,47,149,041000,11.63,21.97,28.61,37.78,47149041000
224,47,149,042100,12.53,24.8,32.49,30.18,47149042100
225,47,149,042000,12.4,21.41,26.09,40.11,47149042000
226,47,149,040200,11.34,33.66,28.75,26.25,47149040200
227,47,149,041600,17.02,17.61,27.66,37.71,47149041600
228,47,149,040600,10.66,37.92,27.67,23.75,47149040600
229,47,063,100700,14.78,44.84,27.96,12.41,47063100700
230,47,063,101000,18.89,41.45,23.97,15.69,47063101000
231,47,063,100400,22.5,38.44,23.21,15.85,47063100400
232,47,063,100300,38.19,39.13,16.14,6.53,47063100300
233,47,063,100800,24.16,42.88,26.26,6.71,47063100800
234,47,063,101100,15.53,36.68,25.15,22.64,47063101100
235,47,063,101200,12.87,37.96,26.2,22.98,47063101200
236,47,063,100600,12.53,46.38,21.28,19.81,47063100600
237,47,083,120100,21.51,53.47,15.6,9.42,47083120100
238,47,083,120300,23.96,40.92,25.26,9.85,47083120300
239,47,083,120200,24.82,41.92,19.96,13.31,47083120200
240,47,119,011200,13.51,46.51,31.07,8.91,47119011200
241,47,119,010900,10.05,43.27,33.43,13.26,47119010900
242,47,119,010100,16.83,43.22,24.02,15.92,47119010100
243,47,119,010600,16.02,33.42,33.16,17.4,47119010600
244,47,119,010500,15.26,51.48,24.16,9.11,47119010500
245,47,119,010400,9.83,39.75,34.67,15.75,47119010400
246,47,119,010700,21.34,40.77,27.63,10.26,47119010700
247,47,081,950100,21.59,42.14,27.79,8.48,47081950100
248,47,081,950500,29.04,45.16,19.56,6.24,47081950500
249,47,081,950200,20.02,50.18,21.13,8.67,47081950200
250,47,085,130300,13.37,48.77,19.45,18.41,47085130300
251,47,085,130200,24.58,48.87,19.69,6.86,47085130200
252,47,085,130500,9.48,51.74,27.47,11.3,47085130500
253,47,085,130100,17.24,41.37,28.25,13.14,47085130100
254,47,085,130400,16.58,47.1,27.24,9.08,47085130400
255,47,089,070500,12.29,49.17,24.18,14.36,47089070500
256,47,093,002900,18.61,34.55,32.87,13.97,47093002900
257,47,093,004500,5.72,15.83,20.82,57.63,47093004500
258,47,093,004606,5.04,13.36,32.17,49.43,47093004606
259,47,093,005202,10.78,39.29,36.35,13.58,47093005202
260,47,159,975100,16.94,43.34,24.13,15.59,47159975100
261,47,159,975400,9.77,47.99,26.27,15.98,47159975400
262,47,159,975200,15.97,49.09,25.44,9.49,47159975200
263,47,159,975300,13.21,55.48,21.76,9.56,47159975300
264,47,159,975000,18.24,41.22,29.37,11.17,47159975000
265,47,189,030202,7.26,24.96,30.13,37.65,47189030202
266,47,189,030304,3.69,26.15,37.51,32.64,47189030304
267,47,189,030307,5.96,22.66,32.01,39.37,47189030307
268,47,189,030305,6.3,27.47,33.82,32.42,47189030305
269,47,189,030500,12.66,43.38,31.02,12.95,47189030500
270,47,189,030101,6.2,29.97,32.97,30.85,47189030101
271,47,189,030800,16.7,32.91,26.17,24.23,47189030800
272,47,189,030901,2.26,24.82,32.75,40.17,47189030901
273,47,189,030102,14.35,35.35,28.73,21.57,47189030102
274,47,189,030303,3.64,24.33,39.66,32.37,47189030303
275,47,189,030700,22.07,39.09,26.22,12.61,47189030700
276,47,189,030600,11.71,35.89,29.59,22.81,47189030600
277,47,189,031000,13.07,42.84,28.63,15.46,47189031000
278,47,163,040900,8.04,28.64,29.62,33.7,47163040900
279,47,163,041300,9.61,38.16,26.4,25.82,47163041300
280,47,163,042600,9.4,34.21,34.17,22.21,47163042600
281,47,163,043000,21.1,31.96,29.39,17.55,47163043000
282,47,163,040500,28.4,39.07,23.06,9.48,47163040500
283,47,093,005602,7.56,38.62,29.17,24.65,47093005602
284,47,093,001400,34.29,43.24,18.97,3.51,47093001400
285,47,093,002100,11.64,42.93,28.18,17.25,47093002100
286,47,093,003000,12.24,30.81,36.61,20.34,47093003000
287,47,093,004100,11.11,35.9,34.36,18.63,47093004100
288,47,093,004200,6.05,24.5,38.67,30.78,47093004200
289,47,093,004800,16.87,28.77,31.72,22.64,47093004800
290,47,093,004900,7.51,33.39,31.03,28.07,47093004900
291,47,093,002000,19.37,40.29,36.94,3.39,47093002000
292,47,093,002600,12.4,33.54,37.28,16.77,47093002600
293,47,093,002800,13.17,34.38,41.26,11.2,47093002800
294,47,093,003100,10.38,33.12,34.58,21.92,47093003100
295,47,093,006202,3.95,26.77,40.58,28.69,47093006202
296,47,093,003400,7.42,29.91,29.74,32.94,47093003400
297,47,093,005000,10.9,29.86,34.34,24.91,47093005000
298,47,093,005701,2.58,13.35,15.72,68.35,47093005701
299,47,093,000800,14.85,34.41,31.53,19.21,47093000800
300,47,093,001900,18.95,48.19,21.62,11.24,47093001900
301,47,093,002300,15.84,24.38,24.99,34.79,47093002300
302,47,093,003500,9.71,24.47,19.13,46.69,47093003500
303,47,093,003200,19.66,34.92,29.37,16.05,47093003200
304,47,093,004000,13.11,31.04,30.38,25.47,47093004000
305,47,093,005704,1.58,12.15,30.57,55.7,47093005704
306,47,163,042100,14.48,33.56,29.0,22.96,47163042100
307,47,163,042801,12.43,29.43,35.67,22.47,47163042801
308,47,163,043600,8.0,30.81,32.16,29.03,47163043600
309,47,163,042900,3.95,18.93,31.79,45.34,47163042900
310,47,163,043500,10.64,27.92,29.57,31.88,47163043500
311,47,163,041400,10.45,43.69,27.85,18.0,47163041400
312,47,163,041800,19.4,45.36,20.66,14.58,47163041800
313,47,163,042701,20.31,38.48,23.07,18.14,47163042701
314,47,163,040700,9.29,29.98,27.31,33.42,47163040700
315,47,163,041000,3.41,32.94,25.58,38.07,47163041000
316,47,163,041500,3.7,20.36,25.62,50.31,47163041500
317,47,163,041600,12.54,34.2,31.94,21.31,47163041600
318,47,163,041700,17.79,47.32,28.68,6.21,47163041700
319,47,163,042000,15.46,47.93,28.06,8.55,47163042000
320,47,163,040300,18.03,36.93,33.17,11.87,47163040300
321,47,163,041200,9.35,31.31,26.0,33.35,47163041200
322,47,163,042300,7.25,23.19,35.12,34.44,47163042300
323,47,163,042400,14.3,41.06,31.29,13.36,47163042400
324,47,163,042702,12.89,31.87,25.83,29.41,47163042702
325,47,163,040200,18.9,32.83,32.67,15.6,47163040200
326,47,163,040800,21.22,39.97,23.2,15.61,47163040800
327,47,163,042200,11.48,35.17,30.45,22.91,47163042200
328,47,163,042500,11.54,30.73,39.13,18.6,47163042500
329,47,163,043100,16.29,43.59,19.79,20.34,47163043100
330,47,163,041100,9.94,37.38,27.49,25.19,47163041100
331,47,163,042802,21.2,42.74,21.07,14.99,47163042802
332,47,089,070700,10.96,38.94,32.56,17.55,47089070700
333,47,089,070100,18.32,39.19,28.58,13.91,47089070100
334,47,089,070200,18.74,46.58,25.38,9.31,47089070200
335,47,089,070400,14.9,40.12,29.51,15.47,47089070400
336,47,089,070600,18.73,29.57,35.24,16.46,47089070600
337,47,089,070800,15.63,33.74,32.53,18.1,47089070800
338,47,089,070900,14.91,38.35,27.17,19.57,47089070900
339,47,089,070300,16.72,38.27,23.49,21.53,47089070300
340,47,141,001300,15.68,37.71,26.33,20.28,47141001300
341,47,141,001200,10.75,36.69,18.11,34.45,47141001200
342,47,141,000100,21.22,44.14,21.65,12.98,47141000100
343,47,141,000600,14.38,34.95,21.48,29.19,47141000600
344,47,141,000700,17.7,43.11,18.74,20.44,47141000700
345,47,141,000500,4.14,26.07,19.89,49.89,47141000500
346,47,141,000200,10.67,38.43,21.8,29.1,47141000200
347,47,141,000800,27.66,29.52,25.94,16.89,47141000800
348,47,141,001100,18.11,43.59,24.1,14.21,47141001100
349,47,141,000400,3.94,28.28,26.17,41.61,47141000400
350,47,141,000900,14.47,36.11,31.03,18.39,47141000900
351,47,141,001000,18.29,37.18,25.45,19.08,47141001000
352,47,153,060200,10.79,35.77,36.22,17.21,47153060200
353,47,155,080400,24.09,38.43,25.48,12.0,47155080400
354,47,155,080300,8.45,37.91,32.15,21.49,47155080300
355,47,155,081000,25.4,29.49,28.05,17.05,47155081000
356,47,155,080500,17.68,35.49,30.98,15.85,47155080500
357,47,161,110200,12.81,44.33,27.81,15.04,47161110200
358,47,161,110600,21.17,41.97,27.46,9.4,47161110600
359,47,157,002400,24.58,31.37,25.07,18.98,47157002400
360,47,157,002500,14.09,22.3,30.62,33.0,47157002500
361,47,157,003000,13.8,29.4,25.13,31.67,47157003000
362,47,157,003300,1.55,8.21,18.53,71.7,47157003300
363,47,157,005900,11.65,58.46,24.47,5.41,47157005900
364,47,157,006200,17.26,46.14,23.42,13.18,47157006200
365,47,005,963200,18.95,50.13,22.48,8.43,47005963200
366,47,005,963300,19.76,36.98,26.33,16.92,47005963300
367,47,005,963400,22.07,53.97,16.3,7.65,47005963400
368,47,007,953000,29.53,35.57,26.56,8.34,47007953000
369,47,013,950700,27.79,40.18,22.8,9.23,47013950700
370,47,007,953100,22.28,39.05,24.26,14.41,47007953100
371,47,007,953200,24.62,41.07,19.45,14.86,47007953200
372,47,013,950300,31.67,36.74,14.95,16.64,47013950300
373,47,013,950100,35.23,46.82,13.12,4.83,47013950100
374,47,013,950200,35.07,35.61,20.83,8.5,47013950200
375,47,013,950600,25.6,46.63,19.18,8.59,47013950600
376,47,013,950500,19.24,36.78,26.82,17.17,47013950500
377,47,013,950800,23.3,37.27,28.43,11.0,47013950800
378,47,013,950900,23.04,42.84,25.3,8.82,47013950900
379,47,013,951000,27.04,37.47,23.3,12.19,47013951000
380,47,013,951100,16.9,41.86,26.12,15.11,47013951100
381,47,013,950400,19.16,43.16,22.51,15.17,47013950400
382,47,015,960100,17.6,48.21,20.04,14.15,47015960100
383,47,015,960300,13.56,48.61,24.38,13.45,47015960300
384,47,015,960200,16.22,48.62,21.34,13.82,47015960200
385,47,031,970200,18.06,37.55,27.72,16.67,47031970200
386,47,031,970400,21.55,38.49,22.63,17.33,47031970400
387,47,031,970500,8.41,31.93,31.29,28.37,47031970500
388,47,031,970600,13.46,49.78,20.06,16.7,47031970600
389,47,031,970300,11.78,42.56,23.22,22.44,47031970300
390,47,031,970900,18.27,41.36,32.0,8.37,47031970900
391,47,031,970100,11.7,54.99,23.45,9.86,47031970100
392,47,031,970700,15.33,45.24,27.89,11.54,47031970700
393,47,031,971000,10.37,34.34,32.9,22.39,47031971000
394,47,047,060600,13.36,38.41,33.31,14.92,47047060600
395,47,047,060300,18.03,39.75,27.14,15.09,47047060300
396,47,157,007821,19.85,42.63,24.72,12.8,47157007821
397,47,157,008600,4.89,11.77,20.18,63.16,47157008600
398,47,157,008700,20.97,33.76,22.7,22.57,47157008700
399,47,157,010720,15.78,31.7,35.65,16.86,47157010720
400,47,157,020610,7.3,39.53,32.09,21.09,47157020610
401,47,157,020642,4.16,17.11,35.47,43.27,47157020642
402,47,157,020652,7.54,32.75,35.84,23.87,47157020652
403,47,157,020810,3.38,28.79,39.32,28.5,47157020810
404,47,157,021020,2.74,14.75,29.06,53.44,47157021020
405,47,157,021111,12.98,26.87,39.73,20.42,47157021111
406,47,157,021122,10.83,35.34,27.12,26.71,47157021122
407,47,157,021744,13.65,32.95,32.88,20.52,47157021744
408,47,157,021320,6.57,11.4,23.96,58.07,47157021320
409,47,157,021510,7.17,18.39,34.84,39.61,47157021510
410,47,157,001200,31.72,35.08,19.86,13.34,47157001200
411,47,157,002000,22.37,40.47,19.93,17.23,47157002000
412,47,157,002700,14.74,25.93,26.0,33.33,47157002700
413,47,157,003400,15.51,11.12,31.18,42.19,47157003400
414,47,157,011010,24.71,34.92,23.5,16.88,47157011010
415,47,157,003500,5.0,16.23,14.0,64.77,47157003500
416,47,157,003600,18.07,27.31,23.08,31.55,47157003600
417,47,157,010710,14.32,41.67,30.14,13.88,47157010710
418,47,157,020221,10.3,37.29,33.15,19.26,47157020221
419,47,157,020651,11.79,40.11,27.6,20.5,47157020651
420,47,157,021121,5.74,29.45,39.77,25.04,47157021121
421,47,157,021136,7.68,14.81,27.47,50.04,47157021136
422,47,157,022210,13.3,42.83,32.39,11.47,47157022210
423,47,157,021540,2.28,9.78,22.8,65.15,47157021540
424,47,157,021620,13.84,31.67,30.8,23.69,47157021620
425,47,157,021745,6.03,27.28,36.0,30.68,47157021745
426,47,073,050200,17.15,43.95,21.17,17.72,47073050200
427,47,073,050400,19.27,42.7,26.97,11.06,47073050400
428,47,073,050900,18.29,52.83,22.73,6.15,47073050900
429,47,073,050800,17.22,51.39,26.35,5.04,47073050800
430,47,073,050100,18.9,42.54,26.85,11.7,47073050100
431,47,073,050700,19.12,36.11,27.22,17.55,47073050700
432,47,091,956300,16.93,41.84,27.99,13.24,47091956300
433,47,091,956200,9.64,39.99,31.08,19.29,47091956200
434,47,091,956000,13.75,50.93,21.19,14.13,47091956000
435,47,091,956100,25.08,43.42,23.8,7.7,47091956100
436,47,091,956400,26.39,39.41,25.81,8.39,47091956400
437,47,103,975100,17.17,44.26,19.35,19.23,47103975100
438,47,103,975000,17.81,42.68,20.98,18.53,47103975000
439,47,103,975500,24.52,42.32,21.22,11.94,47103975500
440,47,103,975300,21.07,33.48,22.13,23.32,47103975300
441,47,103,975700,11.78,42.76,24.08,21.38,47103975700
442,47,103,975400,12.25,43.5,24.93,19.33,47103975400
443,47,103,975200,10.1,38.77,29.14,21.99,47103975200
444,47,111,970300,23.43,50.41,20.96,5.2,47111970300
445,47,111,970100,29.4,43.42,19.76,7.43,47111970100
446,47,111,970400,14.28,49.01,20.88,15.84,47111970400
447,47,111,970200,16.04,40.17,28.78,15.02,47111970200
448,47,157,000200,24.56,37.62,33.53,4.29,47157000200
449,47,157,000300,27.51,46.79,24.38,1.32,47157000300
450,47,157,003700,24.07,24.07,29.85,22.0,47157003700
451,47,157,000900,33.31,35.52,23.49,7.67,47157000900
452,47,157,001600,1.26,9.42,18.91,70.41,47157001600
453,47,157,002900,0.24,12.2,25.62,61.95,47157002900
454,47,157,003800,20.0,34.24,31.8,13.96,47157003800
455,47,157,004500,23.67,29.42,40.71,6.19,47157004500
456,47,157,005000,31.69,47.06,17.65,3.61,47157005000
457,47,157,006900,9.48,38.85,39.36,12.31,47157006900
458,47,157,008200,29.07,46.0,20.07,4.85,47157008200
459,47,157,009800,28.97,29.11,26.32,15.6,47157009800
460,47,157,008500,0.97,5.11,21.01,72.92,47157008500
461,47,157,008800,36.86,37.67,18.11,7.36,47157008800
462,47,157,009400,2.93,22.86,29.17,45.04,47157009400
463,47,157,022022,14.61,40.88,34.61,9.91,47157022022
464,47,065,010413,6.82,18.49,30.59,44.1,47065010413
465,47,065,010501,7.23,26.42,29.29,37.07,47065010501
466,47,065,010502,2.98,21.07,20.17,55.78,47065010502
467,47,065,011700,15.17,24.73,37.19,22.91,47065011700
468,47,065,010432,3.37,17.85,30.93,47.85,47065010432
469,47,065,010412,10.38,35.34,28.51,25.77,47065010412
470,47,065,011442,7.1,32.07,33.64,27.19,47065011442
471,47,065,001300,22.26,33.55,25.59,18.6,47065001300
472,47,065,010101,12.77,28.21,37.82,21.2,47065010101
473,47,065,002000,13.48,16.67,18.91,50.94,47065002000
474,47,017,962400,20.59,38.58,29.02,11.8,47017962400
475,47,017,962000,19.2,50.75,21.51,8.53,47017962000
476,47,017,962100,17.45,40.59,21.88,20.09,47017962100
477,47,017,962300,16.19,46.39,23.18,14.24,47017962300
478,47,017,962500,17.19,43.74,23.38,15.68,47017962500
479,47,023,970200,19.02,31.4,23.69,25.89,47023970200
480,47,023,970300,13.78,38.55,33.97,13.7,47023970300
481,47,023,970100,10.07,49.01,28.89,12.03,47023970100
482,47,037,010302,11.49,30.98,32.29,25.24,47037010302
483,47,037,011200,6.54,21.57,26.4,45.48,47037011200
484,47,037,010402,21.91,39.5,27.52,11.08,47037010402
485,47,037,010502,17.9,26.24,29.33,26.53,47037010502
486,47,037,010904,22.41,35.9,26.13,15.56,47037010904
487,47,037,011300,24.35,35.23,19.72,20.7,47037011300
488,47,037,013700,18.83,30.38,24.95,25.84,47037013700
489,47,037,014200,26.49,25.87,33.26,14.37,47037014200
490,47,037,014800,35.27,41.13,19.15,4.45,47037014800
491,47,037,015610,5.04,22.5,28.76,43.7,47037015610
492,47,037,015614,15.87,23.22,24.1,36.81,47037015614
493,47,037,016000,13.76,36.73,24.48,25.03,47037016000
494,47,037,017000,5.69,13.01,18.14,63.17,47037017000
495,47,037,017100,2.38,6.49,13.85,77.27,47037017100
496,47,037,017401,21.47,31.82,26.37,20.34,47037017401
497,47,037,018500,2.19,5.33,12.63,79.85,47037018500
498,47,037,018700,0.81,5.9,12.91,80.38,47037018700
499,47,037,019109,31.68,28.47,21.11,18.74,47037019109
500,47,037,019112,12.52,21.22,30.11,36.16,47037019112
501,47,037,010301,7.94,37.2,31.42,23.45,47037010301
502,47,037,010401,23.21,26.12,30.46,20.21,47037010401
503,47,037,011002,9.87,29.39,29.05,31.7,47037011002
504,47,037,015502,11.17,28.35,28.56,31.92,47037015502
505,47,037,014300,20.37,31.49,27.92,20.21,47037014300
506,47,037,015402,13.11,25.15,30.33,31.41,47037015402
507,47,037,015405,6.28,29.88,35.41,28.43,47037015405
508,47,037,015615,28.76,29.87,22.33,19.04,47037015615
509,47,037,015618,10.3,27.7,34.5,27.51,47037015618
510,47,037,016500,3.98,9.43,3.83,82.77,47037016500
511,47,037,016800,0.03,5.19,14.84,79.94,47037016800
512,47,037,017402,19.0,22.97,20.16,37.87,47037017402
513,47,037,017500,25.43,28.55,18.7,27.32,47037017500
514,47,037,018102,4.64,6.79,22.65,65.92,47037018102
515,47,037,018401,5.68,20.13,29.22,44.98,47037018401
516,47,037,018602,1.09,3.93,13.71,81.28,47037018602
517,47,037,019003,26.7,26.25,23.09,23.96,47037019003
518,47,093,004614,6.03,18.36,33.39,42.21,47093004614
519,47,093,004615,11.74,24.31,24.98,38.97,47093004615
520,47,093,005301,12.22,28.8,29.24,29.74,47093005301
521,47,093,005302,11.82,41.84,25.1,21.24,47093005302
522,47,093,005401,11.19,38.29,34.7,15.82,47093005401
523,47,157,021311,3.31,6.8,18.4,71.5,47157021311
524,47,157,021312,4.04,17.25,23.79,54.92,47157021312
525,47,157,021333,3.66,15.67,30.35,50.32,47157021333
526,47,157,021334,5.07,27.23,30.07,37.63,47157021334
527,47,157,021725,10.92,29.77,41.08,18.23,47157021725
528,47,157,021726,12.07,21.07,47.09,19.76,47157021726
529,47,157,021746,9.49,31.62,41.65,17.24,47157021746
530,47,157,021747,13.54,46.04,26.21,14.21,47157021747
531,47,157,022023,10.94,27.17,36.6,25.28,47157022023
532,47,157,022024,8.14,36.78,37.07,18.01,47157022024
533,47,157,022121,9.43,28.06,33.48,29.03,47157022121
534,47,157,022122,8.76,33.79,42.82,14.63,47157022122
535,47,157,022500,20.51,31.78,30.39,17.32,47157022500
536,47,157,022600,16.79,32.2,35.08,15.93,47157022600
537,47,157,022700,15.68,49.23,30.25,4.84,47157022700
538,47,157,980100,31.67,36.67,31.67,0.0,47157980100
539,47,157,980200,0.0,0.0,0.0,0.0,47157980200
540,47,157,980300,0.0,0.0,0.0,0.0,47157980300
541,47,157,980400,35.98,39.02,22.35,2.65,47157980400
542,47,161,110700,12.64,40.38,29.38,17.6,47161110700
543,47,161,980100,0.0,0.0,0.0,0.0,47161980100
544,47,161,980200,0.0,0.0,0.0,0.0,47161980200
545,47,163,043201,9.07,28.95,33.06,28.92,47163043201
546,47,163,043202,15.64,36.74,28.34,19.28,47163043202
547,47,163,043301,8.84,31.88,33.01,26.27,47163043301
548,47,163,043302,19.06,36.95,28.57,15.42,47163043302
549,47,165,020102,16.48,43.22,28.26,12.04,47165020102
550,47,163,043401,13.02,36.04,32.12,18.82,47163043401
551,47,163,043402,17.78,35.75,30.19,16.28,47163043402
552,47,165,020101,17.81,48.77,25.16,8.26,47165020101
553,47,165,020203,12.5,39.69,34.74,13.08,47165020203
554,47,165,020204,17.92,42.03,28.33,11.73,47165020204
555,47,165,020205,14.52,43.09,32.95,9.43,47165020205
556,47,165,020206,18.15,36.18,25.5,20.17,47165020206
557,47,165,020207,17.87,34.36,28.04,19.72,47165020207
558,47,165,020208,16.25,42.23,30.18,11.33,47165020208
559,47,165,020209,13.8,45.75,29.45,11.01,47165020209
560,47,093,005402,13.45,41.84,28.94,15.77,47093005402
561,47,093,005501,14.28,46.64,23.07,16.01,47093005501
562,47,093,005502,22.33,38.23,23.94,15.5,47093005502
563,47,037,012600,18.64,25.18,26.44,29.75,47037012600
564,47,037,010501,11.57,27.84,33.28,27.3,47037010501
565,47,037,011400,16.94,25.52,26.27,31.27,47037011400
566,47,037,013800,18.66,40.38,27.78,13.18,47037013800
567,47,037,015401,6.04,20.25,30.23,43.48,47037015401
568,47,037,015612,4.99,25.49,30.4,39.12,47037015612
569,47,037,015700,17.83,37.46,25.9,18.82,47037015700
570,47,037,016300,15.92,18.26,19.73,46.09,47037016300
571,47,037,018000,0.0,4.19,14.67,81.14,47037018000
572,47,037,018101,22.16,21.02,22.77,34.05,47037018101
573,47,037,018404,4.84,10.05,20.08,65.03,47037018404
574,47,037,018801,2.16,15.74,17.72,64.37,47037018801
575,47,037,019105,24.89,25.58,22.1,27.43,47037019105
576,47,037,019106,1.37,15.81,23.15,59.67,47037019106
577,47,037,019114,3.87,14.0,25.86,56.27,47037019114
578,47,163,041900,16.78,41.04,30.83,11.35,47163041900
579,47,163,040600,21.15,36.34,31.56,10.95,47163040600
580,47,171,080200,18.48,40.33,27.61,13.58,47171080200
581,47,171,080400,10.34,36.77,33.4,19.49,47171080400
582,47,171,080300,13.16,42.13,29.32,15.39,47171080300
583,47,171,080100,19.48,42.52,27.77,10.23,47171080100
584,47,165,021203,3.17,17.01,29.08,50.74,47165021203
585,47,181,950200,16.3,38.93,26.89,17.88,47181950200
586,47,181,950400,18.86,50.99,19.97,10.17,47181950400
587,47,181,950300,24.98,38.49,25.9,10.63,47181950300
588,47,181,950100,21.93,49.79,22.58,5.7,47181950100
589,47,169,090200,18.82,35.57,31.67,13.94,47169090200
590,47,169,090100,20.31,34.45,27.14,18.11,47169090100
591,47,187,050800,18.15,29.26,22.27,30.32,47187050800
592,47,187,050502,12.35,27.59,31.03,29.03,47187050502
593,47,003,950100,8.45,33.96,29.44,28.15,47003950100
594,47,003,950200,19.59,43.68,23.76,12.97,47003950200
595,47,003,950300,16.58,37.73,26.35,19.34,47003950300
596,47,003,950700,18.4,36.31,23.16,22.13,47003950700
597,47,003,950800,15.83,36.29,31.97,15.92,47003950800
598,47,157,010120,23.39,47.03,24.92,4.66,47157010120
599,47,157,010220,22.56,41.17,21.41,14.86,47157010220
600,47,157,021112,19.91,39.59,26.18,14.32,47157021112
601,47,157,020521,16.24,41.29,35.23,7.24,47157020521
602,47,157,020632,5.41,20.1,42.16,32.33,47157020632
603,47,157,021331,4.38,17.82,35.2,42.6,47157021331
604,47,157,021430,3.22,11.51,26.36,58.91,47157021430
605,47,157,021612,3.78,15.41,36.51,44.3,47157021612
606,47,157,021613,4.31,18.13,24.89,52.67,47157021613
607,47,093,005603,8.76,32.43,30.21,28.6,47093005603
608,47,093,005604,6.05,30.61,23.41,39.93,47093005604
609,47,093,005706,1.68,15.06,19.45,63.81,47093005706
610,47,093,005707,3.02,8.45,29.47,59.07,47093005707
611,47,093,005708,0.31,10.09,20.34,69.25,47093005708
612,47,093,005709,2.09,14.1,26.52,57.29,47093005709
613,47,093,005710,2.13,8.69,20.01,69.17,47093005710
614,47,093,005711,3.4,12.15,21.52,62.92,47093005711
615,47,093,005712,1.79,11.67,22.34,64.21,47093005712
616,47,093,005807,6.08,8.34,24.66,60.92,47093005807
617,47,093,005808,1.19,15.59,35.07,48.15,47093005808
618,47,093,005809,3.17,13.13,18.25,65.45,47093005809
619,47,093,005810,1.84,10.78,18.23,69.15,47093005810
620,47,093,005811,1.87,8.63,22.54,66.96,47093005811
621,47,093,005812,3.15,8.91,21.14,66.8,47093005812
622,47,093,005813,0.92,12.25,24.25,62.58,47093005813
623,47,093,005903,4.93,18.06,27.53,49.48,47093005903
624,47,093,005904,8.83,17.2,33.94,40.04,47093005904
625,47,093,005905,7.15,16.87,25.13,50.85,47093005905
626,47,093,005906,3.42,19.91,26.07,50.6,47093005906
627,47,093,005907,4.34,8.12,21.21,66.34,47093005907
628,47,093,005908,5.36,27.1,32.05,35.48,47093005908
629,47,093,006001,5.03,25.02,30.36,39.6,47093006001
630,47,093,006002,3.17,25.35,29.24,42.23,47093006002
631,47,093,006003,1.57,26.75,35.71,35.97,47093006003
632,47,093,006103,10.24,27.08,35.21,27.47,47093006103
633,47,093,006104,9.33,29.03,32.51,29.14,47093006104
634,47,093,006205,7.74,25.07,29.64,37.55,47093006205
635,47,093,006206,5.23,26.64,35.5,32.63,47093006206
636,47,093,006207,9.89,33.97,31.93,24.2,47093006207
637,47,093,006208,17.97,40.28,28.36,13.39,47093006208
638,47,093,006301,17.7,37.84,26.08,18.38,47093006301
639,47,165,020404,11.17,37.5,33.66,17.67,47165020404
640,47,093,006302,17.83,46.9,26.75,8.52,47093006302
641,47,093,006401,7.85,35.67,37.99,18.49,47093006401
642,47,165,020403,10.27,43.64,23.18,22.91,47165020403
643,47,165,020405,7.76,45.47,27.5,19.26,47165020405
644,47,165,020406,9.94,40.86,27.54,21.66,47165020406
645,47,165,020407,9.19,35.96,36.74,18.11,47165020407
646,47,165,020501,2.96,23.85,23.72,49.47,47165020501
647,47,165,020502,4.28,24.3,34.08,37.34,47165020502
648,47,165,020503,11.28,30.67,34.41,23.65,47165020503
649,47,165,020601,13.92,32.88,33.44,19.76,47165020601
650,47,165,020602,16.1,38.63,33.74,11.53,47165020602
651,47,037,015802,21.4,27.81,24.48,26.3,47037015802
652,47,157,021741,12.06,41.79,32.61,13.55,47157021741
653,47,157,021900,16.06,39.23,30.65,14.06,47157021900
654,47,157,022111,18.0,30.07,34.88,17.05,47157022111
655,47,157,022130,9.83,35.05,38.92,16.2,47157022130
656,47,113,000400,12.41,39.51,23.4,24.68,47113000400
657,47,113,000600,10.8,33.16,24.76,31.28,47113000600
658,47,113,001300,16.91,37.09,34.45,11.55,47113001300
659,47,113,001604,8.48,28.52,22.93,40.08,47113001604
660,47,113,001607,8.0,23.43,37.76,30.81,47113001607
661,47,113,001800,14.31,41.13,31.41,13.14,47113001800
662,47,113,001610,3.32,16.8,22.07,57.81,47113001610
663,47,113,000300,15.12,26.45,29.47,28.96,47113000300
664,47,133,950100,22.73,48.52,17.58,11.17,47133950100
665,47,133,950200,23.01,44.49,23.26,9.24,47133950200
666,47,133,950400,16.93,50.17,23.67,9.24,47133950400
667,47,133,950500,10.97,48.89,24.31,15.83,47133950500
668,47,133,950600,29.09,39.87,19.13,11.91,47133950600
669,47,165,020902,18.54,36.11,32.0,13.35,47165020902
670,47,165,020800,27.54,31.92,35.63,4.91,47165020800
671,47,165,021103,4.72,35.16,35.05,25.07,47165021103
672,47,165,020700,20.25,33.78,32.42,13.56,47165020700
673,47,165,020300,15.77,46.64,32.21,5.38,47165020300
674,47,165,020901,8.19,35.53,34.46,21.82,47165020901
675,47,165,021002,2.6,22.32,28.18,46.9,47165021002
676,47,165,021201,2.59,16.32,28.11,52.98,47165021201
677,47,157,022321,10.66,34.54,34.15,20.65,47157022321
678,47,157,020300,13.66,36.71,34.97,14.65,47157020300
679,47,157,021010,2.73,19.92,32.12,45.23,47157021010
680,47,157,020621,5.52,29.46,44.23,20.78,47157020621
681,47,157,021420,0.91,14.88,28.46,55.74,47157021420
682,47,157,022112,16.59,40.51,30.49,12.41,47157022112
683,47,157,000400,32.49,43.49,20.59,3.43,47157000400
684,47,037,012802,19.42,38.52,26.64,15.43,47037012802
685,47,157,002600,1.77,12.51,24.0,61.72,47157002600
686,47,157,021353,0.95,7.36,16.27,75.43,47157021353
687,47,037,015200,13.32,26.24,29.85,30.59,47037015200
688,47,037,013100,14.66,28.55,23.88,32.91,47037013100
689,47,037,013400,2.64,8.6,19.23,69.54,47037013400
690,47,037,017300,19.91,35.79,16.05,28.24,47037017300
691,47,037,017901,2.09,3.42,17.33,77.16,47037017901
692,47,037,011800,23.27,27.05,24.59,25.08,47037011800
693,47,037,010901,15.81,28.79,25.45,29.95,47037010901
694,47,037,012200,5.83,17.13,19.41,57.63,47037012200
695,47,037,015404,13.97,38.05,28.57,19.41,47037015404
696,47,037,013000,28.32,45.22,25.17,1.28,47037013000
697,47,037,016600,7.53,6.51,11.25,74.71,47037016600
698,47,037,016700,2.35,4.76,9.33,83.56,47037016700
699,47,037,016900,3.85,7.24,16.51,72.4,47037016900
700,47,037,017902,0.62,6.98,12.28,80.13,47037017902
701,47,037,010702,21.76,40.31,25.49,12.44,47037010702
702,47,037,010802,14.47,29.74,26.17,29.61,47037010802
703,47,037,011001,24.36,33.83,30.45,11.37,47037011001
704,47,037,011500,7.8,23.71,25.92,42.57,47037011500
705,47,037,012701,18.73,34.04,28.73,18.51,47037012701
706,47,037,012801,16.7,22.31,39.16,21.83,47037012801
707,47,037,011900,16.69,20.44,34.25,28.62,47037011900
708,47,037,011600,3.7,22.08,32.78,41.43,47037011600
709,47,037,012100,0.79,9.67,24.54,65.0,47037012100
710,47,037,012702,7.54,35.6,30.42,26.44,47037012702
711,47,011,011500,18.04,27.31,28.75,25.89,47011011500
712,47,011,011201,10.59,31.45,33.33,24.62,47011011201
713,47,011,010100,14.41,32.5,32.17,20.92,47011010100
714,47,011,010500,17.32,25.14,29.01,28.52,47011010500
715,47,011,010800,20.5,43.2,28.89,7.41,47011010800
716,47,011,010200,14.88,25.79,23.99,35.35,47011010200
717,47,011,010300,28.33,29.1,32.18,10.4,47011010300
718,47,011,011202,9.14,23.81,36.63,30.41,47011011202
719,47,011,010400,28.91,31.18,26.05,13.87,47011010400
720,47,011,010700,24.46,37.74,28.54,9.26,47011010700
721,47,011,011300,10.76,35.54,31.87,21.83,47011011300
722,47,011,010900,22.98,41.59,23.18,12.24,47011010900
723,47,011,011000,15.58,47.23,23.28,13.91,47011011000
724,47,011,011100,15.0,31.49,32.83,20.68,47011011100
725,47,011,010600,18.4,31.85,24.67,25.08,47011010600
726,47,121,960100,19.21,41.57,29.26,9.97,47121960100
727,47,121,960200,16.41,46.23,26.54,10.83,47121960200
728,47,063,100100,25.59,39.88,27.64,6.88,47063100100
729,47,121,960300,11.41,47.64,30.36,10.59,47121960300
730,47,063,100500,11.23,40.74,26.56,21.47,47063100500
731,47,063,100900,15.36,33.85,24.86,25.94,47063100900
732,47,063,100200,23.52,39.99,26.82,9.68,47063100200
733,47,001,020201,2.4,10.38,17.76,69.46,47001020201
734,47,001,020202,10.18,20.62,24.79,44.41,47001020202
735,47,001,980100,0.0,0.0,0.0,0.0,47001980100
736,47,003,950401,16.35,40.92,27.65,15.09,47003950401
737,47,003,950402,25.76,38.07,18.27,17.9,47003950402
738,47,009,010301,9.3,34.24,29.04,27.42,47009010301
739,47,009,010302,10.6,31.89,33.43,24.08,47009010302
740,47,009,011001,8.35,36.18,27.12,28.35,47009011001
741,47,037,015617,6.47,20.58,33.37,39.59,47037015617
742,47,037,015619,7.9,24.45,29.87,37.77,47037015619
743,47,065,980200,0.0,0.0,0.0,0.0,47065980200
744,47,067,960500,17.51,43.14,29.84,9.5,47067960500
745,47,067,960600,27.96,42.28,16.85,12.91,47067960600
746,47,071,920100,19.25,48.04,21.18,11.54,47071920100
747,47,071,920200,20.11,42.69,23.78,13.42,47071920200
748,47,071,920300,11.25,41.04,23.32,24.38,47071920300
749,47,071,920400,27.29,41.77,23.76,7.18,47071920400
750,47,155,080801,25.58,37.62,28.94,7.86,47155080801
751,47,155,080802,12.92,32.56,33.24,21.28,47155080802
752,47,155,080901,25.5,41.98,18.77,13.74,47155080901
753,47,155,080902,15.85,44.67,26.48,13.0,47155080902
754,47,155,081101,14.6,37.48,28.63,19.28,47155081101
755,47,155,081102,18.12,24.24,35.04,22.59,47155081102
756,47,155,980100,0.0,0.0,0.0,0.0,47155980100
757,47,157,009901,24.1,39.96,27.6,8.35,47157009901
758,47,157,009902,26.07,30.85,25.43,17.65,47157009902
759,47,157,011100,30.33,39.33,18.99,11.34,47157011100
760,47,157,011200,35.47,27.08,29.74,7.71,47157011200
761,47,157,011300,26.03,31.14,18.86,23.97,47157011300
762,47,157,011400,29.3,40.3,19.37,11.03,47157011400
763,47,157,011500,22.78,54.06,19.61,3.55,47157011500
764,47,157,011600,25.29,48.9,22.51,3.29,47157011600
765,47,157,011700,22.38,32.98,33.72,10.92,47157011700
766,47,157,011800,28.85,25.92,24.36,20.87,47157011800
767,47,157,020101,22.64,35.15,27.14,15.08,47157020101
768,47,157,020102,9.15,33.16,33.99,23.7,47157020102
769,47,157,020523,15.69,46.48,31.52,6.32,47157020523
770,47,157,020524,18.13,40.33,30.29,11.25,47157020524
771,47,157,020531,11.67,31.46,42.28,14.59,47157020531
772,47,157,020532,13.24,31.38,38.32,17.06,47157020532
773,47,157,020643,3.65,24.98,35.57,35.8,47157020643
774,47,157,020633,4.51,23.63,38.99,32.87,47157020633
775,47,157,020634,6.93,33.96,30.48,28.63,47157020634
776,47,157,020635,5.64,30.21,40.79,23.36,47157020635
777,47,157,020644,5.27,29.33,35.88,29.52,47157020644
778,47,157,020831,3.58,20.42,38.98,37.02,47157020831
779,47,157,020832,6.25,14.73,29.9,49.11,47157020832
780,47,157,021124,7.49,33.13,33.24,26.14,47157021124
781,47,157,021125,3.85,24.23,24.57,47.35,47157021125
782,47,157,021126,9.8,17.74,30.65,41.81,47157021126
783,47,157,021139,2.94,15.29,27.34,54.44,47157021139
784,47,157,021140,1.65,23.36,34.78,40.22,47157021140
785,47,157,021141,3.91,22.51,39.54,34.04,47157021141
786,47,009,011002,11.41,32.9,32.29,23.41,47009011002
787,47,009,011301,10.55,35.66,33.66,20.13,47009011301
788,47,009,011302,21.02,35.05,28.86,15.07,47009011302
789,47,009,011401,18.46,37.64,22.41,21.48,47009011401
790,47,009,011402,13.76,42.14,23.78,20.32,47009011402
791,47,009,011501,15.28,41.39,23.59,19.73,47009011501
792,47,009,011502,11.77,44.92,20.94,22.37,47009011502
793,47,009,011503,5.65,40.38,33.73,20.24,47009011503
794,47,009,011603,13.9,43.13,31.36,11.61,47009011603
795,47,009,011604,7.6,34.22,29.88,28.3,47009011604
796,47,009,011605,5.84,23.9,26.71,43.54,47009011605
797,47,009,980100,0.0,0.0,100.0,0.0,47009980100
798,47,009,980200,0.0,69.23,30.77,0.0,47009980200
799,47,011,011401,9.45,25.11,34.03,31.41,47011011401
800,47,179,060400,3.85,16.96,23.38,55.81,47179060400
801,47,179,060900,19.86,45.58,16.78,17.79,47179060900
802,47,179,061800,15.07,35.89,25.16,23.88,47179061800
803,47,179,061500,11.07,28.87,32.15,27.91,47179061500
804,47,179,060600,5.52,23.22,25.81,45.45,47179060600
805,47,179,061000,27.16,24.34,28.47,20.03,47179061000
806,47,179,060100,17.55,28.08,29.05,25.32,47179060100
807,47,179,060700,0.0,0.0,55.56,44.44,47179060700
808,47,179,061300,9.23,21.47,26.11,43.19,47179061300
809,47,179,060800,9.7,18.7,25.26,46.34,47179060800
810,47,179,061200,15.11,29.29,30.21,25.39,47179061200
811,47,179,061100,7.82,21.62,29.55,41.01,47179061100
812,47,183,968400,20.59,43.47,22.56,13.38,47183968400
813,47,183,968300,13.55,42.43,26.86,17.16,47183968300
814,47,183,968700,21.22,43.66,21.88,13.24,47183968700
815,47,183,968000,16.67,47.26,22.7,13.38,47183968000
816,47,183,968500,15.55,47.34,20.47,16.64,47183968500
817,47,003,950600,18.82,47.54,20.36,13.29,47003950600
818,47,183,968600,22.92,37.66,24.9,14.52,47183968600
819,47,005,963000,17.49,47.26,24.92,10.33,47005963000
820,47,005,963100,16.71,45.43,19.19,18.66,47005963100
821,47,003,950500,25.29,42.15,21.84,10.72,47003950500
822,47,027,955000,22.4,42.09,20.26,15.24,47027955000
823,47,027,955100,13.52,53.83,19.23,13.42,47027955100
824,47,059,090800,17.51,50.06,22.8,9.64,47059090800
825,47,059,090400,13.1,36.68,29.96,20.26,47059090400
826,47,059,091400,14.01,44.72,28.22,13.04,47059091400
827,47,059,090300,8.57,39.93,23.47,28.04,47059090300
828,47,059,090600,12.07,39.04,34.09,14.8,47059090600
829,47,059,090900,12.88,43.95,33.63,9.54,47059090900
830,47,059,091200,16.33,48.39,23.79,11.49,47059091200
831,47,157,021142,2.31,18.12,43.89,35.68,47157021142
832,47,071,920500,17.63,44.3,25.8,12.27,47071920500
833,47,071,920600,20.67,38.71,22.75,17.88,47071920600
834,47,073,050301,15.81,39.96,25.77,18.45,47073050301
835,47,073,050302,13.84,52.13,23.9,10.13,47073050302
836,47,073,050501,21.85,44.62,26.18,7.35,47073050501
837,47,073,050502,18.58,44.13,24.14,13.15,47073050502
838,47,073,050503,15.01,35.45,29.02,20.52,47073050503
839,47,073,050601,12.64,44.84,27.65,14.86,47073050601
840,47,073,050602,7.4,35.51,33.29,23.8,47073050602
841,47,075,930100,22.46,46.31,20.53,10.7,47075930100
842,47,075,930200,13.14,48.68,27.41,10.78,47075930200
843,47,075,930301,15.1,42.43,22.73,19.74,47075930301
844,47,075,930302,19.09,44.51,27.0,9.4,47075930302
845,47,113,001401,24.32,40.74,29.43,5.52,47113001401
846,47,113,000200,19.8,38.03,24.91,17.27,47113000200
847,47,113,001000,23.15,59.25,15.08,2.53,47113001000
848,47,113,001501,8.36,38.05,31.12,22.47,47113001501
849,47,113,001603,6.72,22.31,35.59,35.38,47113001603
850,47,113,001900,13.1,44.42,25.44,17.05,47113001900
851,47,113,001608,7.33,32.82,29.56,30.3,47113001608
852,47,157,022330,13.78,32.66,40.5,13.05,47157022330
853,47,157,005600,23.63,40.88,24.87,10.61,47157005600
854,47,157,005700,15.92,56.48,18.65,8.95,47157005700
855,47,157,007810,21.49,40.22,28.35,9.94,47157007810
856,47,157,000600,33.58,38.79,23.53,4.1,47157000600
857,47,157,006000,21.46,32.08,34.36,12.11,47157006000
858,47,157,006400,14.86,24.45,37.11,23.58,47157006400
859,47,157,006600,10.1,26.95,23.85,39.1,47157006600
860,47,157,006700,25.09,39.17,23.88,11.86,47157006700
861,47,157,010300,43.83,27.52,24.68,3.97,47157010300
862,47,157,007200,0.0,4.72,15.63,79.66,47157007200
863,47,157,009100,38.56,44.96,12.17,4.3,47157009100
864,47,157,008900,31.38,38.97,23.41,6.24,47157008900
865,47,157,010500,28.49,44.06,23.65,3.8,47157010500
866,47,157,010810,19.52,39.39,29.26,11.83,47157010810
867,47,157,007000,23.75,31.35,33.91,10.99,47157007000
868,47,157,007300,11.11,14.4,29.92,44.57,47157007300
869,47,157,021137,2.16,22.8,31.2,43.84,47157021137
870,47,157,005500,27.08,31.05,34.3,7.58,47157005500
871,47,157,007500,21.16,47.74,20.57,10.53,47157007500
872,47,157,010620,22.24,42.45,24.77,10.54,47157010620
873,47,025,970300,15.12,38.48,24.87,21.52,47025970300
874,47,025,970400,35.87,50.36,11.96,1.81,47025970400
875,47,025,970500,18.82,39.54,24.36,17.28,47025970500
876,47,059,091300,14.63,53.63,22.79,8.95,47059091300
877,47,059,091100,19.11,41.28,25.22,14.38,47059091100
878,47,059,090200,17.27,32.56,23.34,26.83,47059090200
879,47,059,090700,15.23,46.35,30.71,7.72,47059090700
880,47,059,091000,19.77,39.66,22.53,18.05,47059091000
881,47,059,091500,20.46,38.67,27.18,13.69,47059091500
882,47,059,090500,17.14,39.51,24.19,19.16,47059090500
883,47,059,090100,27.16,44.89,19.72,8.22,47059090100
884,47,035,970200,18.64,43.06,24.69,13.61,47035970200
885,47,035,970400,19.24,43.45,27.77,9.54,47035970400
886,47,035,970800,22.2,46.44,20.25,11.11,47035970800
887,47,037,013500,5.3,15.89,19.83,58.98,47037013500
888,47,037,014400,14.15,24.95,27.36,33.54,47037014400
889,47,037,015100,7.67,22.03,32.66,37.64,47037015100
890,47,037,015501,4.97,29.73,30.25,35.04,47037015501
891,47,037,015609,4.85,16.61,30.52,48.03,47037015609
892,47,037,016200,23.89,25.35,20.57,30.19,47037016200
893,47,037,016400,5.3,17.13,18.58,59.0,47037016400
894,47,037,019004,27.61,34.42,21.5,16.47,47037019004
895,47,037,019111,18.34,20.77,29.34,31.55,47037019111
896,47,037,010801,18.78,30.63,36.28,14.31,47037010801
897,47,037,011100,10.74,22.91,28.74,37.6,47037011100
898,47,037,011700,7.93,23.4,23.43,45.24,47037011700
899,47,037,015613,16.41,43.03,25.74,14.82,47037015613
900,47,037,015620,11.34,33.04,26.39,29.22,47037015620
901,47,037,016100,19.06,21.93,30.58,28.43,47037016100
902,47,037,018203,1.56,7.59,13.81,77.04,47037018203
903,47,037,018405,1.17,13.3,28.25,57.27,47037018405
904,47,037,018407,2.96,9.51,25.39,62.14,47037018407
905,47,037,018202,2.24,12.16,31.93,53.66,47037018202
906,47,037,018601,1.24,4.36,10.71,83.7,47037018601
907,47,037,019108,36.31,37.78,11.81,14.11,47037019108
908,47,037,018201,4.61,9.79,18.09,67.5,47037018201
909,47,037,018902,7.47,20.21,22.14,50.18,47037018902
910,47,037,019110,23.06,38.11,17.14,21.69,47037019110
911,47,037,010701,18.16,35.21,29.57,17.06,47037010701
912,47,037,015300,2.81,19.62,30.97,46.6,47037015300
913,47,037,010903,18.32,31.84,33.51,16.33,47037010903
914,47,037,013900,22.52,33.06,33.06,11.36,47037013900
915,47,037,018901,11.57,18.98,29.67,39.78,47037018901
916,47,037,017800,3.39,5.44,20.02,71.15,47037017800
917,47,037,015900,22.3,32.08,29.5,16.12,47037015900
918,47,037,013300,10.52,26.85,11.54,51.09,47037013300
919,47,037,017200,22.79,18.21,19.35,39.65,47037017200
920,47,025,970100,18.02,40.92,22.8,18.26,47025970100
921,47,025,970200,15.08,36.67,22.54,25.71,47025970200
922,47,025,970700,26.0,30.12,32.55,11.34,47025970700
923,47,025,970800,18.85,49.14,22.06,9.95,47025970800
924,47,025,970600,16.83,40.02,29.09,14.06,47025970600
925,47,025,970900,20.01,35.91,32.06,12.02,47025970900
926,47,077,975500,18.22,49.82,23.74,8.21,47077975500
927,47,077,975100,17.06,46.75,26.47,9.72,47077975100
928,47,077,975200,18.03,35.07,25.76,21.14,47077975200
929,47,077,975400,22.67,42.09,28.49,6.75,47077975400
930,47,077,975300,15.49,38.49,29.11,16.91,47077975300
931,47,077,975000,25.95,31.28,28.12,14.65,47077975000
932,47,081,950400,13.81,49.97,20.16,16.06,47081950400
933,47,093,000100,9.14,18.29,10.57,62.0,47093000100
934,47,093,002700,23.07,45.21,20.53,11.19,47093002700
935,47,093,003700,17.39,14.83,16.29,51.49,47093003700
936,47,093,004300,9.22,32.52,28.61,29.64,47093004300
937,47,093,001700,18.48,38.93,30.71,11.88,47093001700
938,47,093,001800,5.25,29.52,23.08,42.15,47093001800
939,47,093,004401,0.8,12.82,16.49,69.88,47093004401
940,47,093,001500,13.79,33.05,28.83,24.32,47093001500
941,47,101,970100,10.2,47.35,31.96,10.5,47101970100
942,47,101,970200,18.84,37.28,31.72,12.16,47101970200
943,47,107,970300,15.32,33.06,26.02,25.6,47107970300
944,47,107,970500,21.38,49.72,20.67,8.23,47107970500
945,47,107,970600,13.07,39.94,31.93,15.06,47107970600
946,47,107,970800,15.74,47.94,26.94,9.38,47107970800
947,47,107,970200,15.84,51.46,22.33,10.37,47107970200
948,47,107,970700,14.76,41.85,30.12,13.28,47107970700
949,47,117,955000,12.28,36.02,31.26,20.44,47117955000
950,47,117,955100,11.33,39.97,31.18,17.52,47117955100
951,47,117,955400,12.35,41.47,29.01,17.17,47117955400
952,47,117,955300,33.91,44.73,17.54,3.81,47117955300
953,47,117,955200,13.02,47.67,27.64,11.66,47117955200
954,47,117,955500,13.46,45.94,29.44,11.16,47117955500
955,47,131,965300,17.73,45.99,20.79,15.48,47131965300
956,47,131,965800,18.14,37.36,20.22,24.28,47131965800
957,47,131,965200,20.15,50.4,16.55,12.9,47131965200
958,47,131,965700,11.57,42.9,25.67,19.86,47131965700
959,47,131,965000,13.52,45.66,23.89,16.94,47131965000
960,47,131,965400,19.39,45.0,23.57,12.04,47131965400
961,47,131,965900,14.33,59.48,18.51,7.67,47131965900
962,47,131,965100,15.29,41.05,30.45,13.21,47131965100
963,47,131,965500,20.18,49.12,21.59,9.12,47131965500
964,47,131,965600,18.61,38.29,29.62,13.47,47131965600
965,47,037,018408,1.97,9.55,21.14,67.34,47037018408
966,47,087,960400,26.08,49.3,17.45,7.17,47087960400
967,47,087,960200,20.16,55.26,14.93,9.65,47087960200
968,47,087,960100,19.9,48.19,24.96,6.95,47087960100
969,47,087,960300,20.78,41.38,27.59,10.25,47087960300
970,47,145,030400,9.58,37.37,35.06,18.0,47145030400
971,47,145,030500,23.32,47.23,21.85,7.6,47145030500
972,47,145,030202,9.98,26.76,38.11,25.15,47145030202
973,47,145,030800,11.83,45.57,33.64,8.96,47145030800
974,47,145,030600,14.46,36.27,32.35,16.91,47145030600
975,47,145,030300,13.6,32.31,29.21,24.88,47145030300
976,47,145,030900,15.92,45.05,27.59,11.44,47145030900
977,47,145,030700,12.85,44.67,32.2,10.28,47145030700
978,47,145,030100,3.3,15.33,27.22,54.16,47145030100
979,47,145,030201,4.71,38.86,32.91,23.52,47145030201
980,47,011,011402,21.42,25.88,35.8,16.9,47011011402
981,47,011,011601,16.98,41.99,22.3,18.73,47011011601
982,47,011,011602,19.98,37.67,29.18,13.17,47011011602
983,47,017,962201,21.8,40.31,24.74,13.15,47017962201
984,47,017,962202,14.88,32.2,22.57,30.34,47017962202
985,47,017,980100,0.0,0.0,0.0,0.0,47017980100
986,47,021,070103,22.13,34.36,24.73,18.78,47021070103
987,47,021,070104,19.95,37.9,25.84,16.31,47021070104
988,47,021,070201,10.55,31.64,28.09,29.73,47021070201
989,47,021,070202,21.29,37.11,26.68,14.92,47021070202
990,47,021,070203,11.69,44.78,28.26,15.27,47021070203
991,47,021,070401,7.87,44.76,31.3,16.07,47021070401
992,47,093,006402,11.57,40.06,32.43,15.93,47093006402
993,47,093,006403,9.33,36.05,31.9,22.72,47093006403
994,47,093,006501,10.73,43.97,24.81,20.5,47093006501
995,47,093,006800,19.33,32.58,30.42,17.67,47093006800
996,47,093,006502,16.21,42.43,32.46,8.9,47093006502
997,47,093,006600,16.89,23.81,22.65,36.65,47093006600
998,47,093,006700,18.94,33.17,26.08,21.81,47093006700
999,47,093,006900,8.99,16.76,31.61,42.64,47093006900
1000,47,093,007000,15.87,29.86,40.67,13.6,47093007000
1001,47,093,007100,1.4,4.29,12.01,82.3,47093007100
1002,47,097,050503,10.21,42.07,39.67,8.06,47097050503
1003,47,097,050504,27.51,31.01,28.28,13.2,47097050504
1004,47,097,050505,15.08,55.6,19.86,9.46,47097050505
1005,47,097,050506,19.68,42.57,23.82,13.92,47097050506
1006,47,099,960401,15.23,41.44,24.87,18.47,47099960401
1007,47,099,960402,9.11,49.84,26.42,14.63,47099960402
1008,47,099,960501,17.42,44.59,27.82,10.16,47099960501
1009,47,099,960502,22.39,37.5,26.96,13.15,47099960502
1010,47,143,975100,22.13,37.93,26.03,13.9,47143975100
1011,47,143,975300,25.04,41.12,22.16,11.68,47143975300
1012,47,143,975200,15.64,39.86,28.42,16.07,47143975200
1013,47,143,975000,19.03,34.69,21.64,24.65,47143975000
1014,47,151,975200,20.42,43.21,30.76,5.61,47151975200
1015,47,151,975300,24.22,45.44,23.14,7.2,47151975300
1016,47,151,975000,18.83,46.62,25.62,8.93,47151975000
1017,47,151,975100,22.15,44.51,19.93,13.41,47151975100
1018,47,151,975400,21.77,47.29,20.34,10.6,47151975400
1019,47,167,040900,11.24,48.54,25.18,15.04,47167040900
1020,47,167,040800,9.89,36.27,33.77,20.07,47167040800
1021,47,167,040302,4.97,25.88,39.45,29.69,47167040302
1022,47,167,040400,21.41,42.13,24.24,12.22,47167040400
1023,47,167,040500,9.81,36.41,36.96,16.82,47167040500
1024,47,167,040601,14.11,54.21,23.62,8.06,47167040601
1025,47,167,040200,24.29,46.07,17.81,11.82,47167040200
1026,47,167,040602,15.68,41.81,24.22,18.29,47167040602
1027,47,167,040700,23.04,31.91,30.21,14.85,47167040700
1028,47,167,040100,13.84,46.15,30.51,9.5,47167040100
1029,47,167,041000,18.21,44.83,24.99,11.97,47167041000
1030,47,001,020400,10.8,31.39,32.72,25.08,47001020400
1031,47,001,020600,5.34,28.82,28.71,37.12,47001020600
1032,47,001,020902,11.65,39.09,28.73,20.53,47001020902
1033,47,001,020500,16.51,31.63,35.18,16.68,47001020500
1034,47,001,021100,7.86,28.34,31.62,32.17,47001021100
1035,47,001,021202,17.63,35.78,33.73,12.85,47001021202
1036,47,001,020100,6.22,32.37,38.91,22.5,47001020100
1037,47,001,021201,17.45,34.33,34.64,13.58,47001021201
1038,47,001,020901,14.21,35.14,24.65,25.99,47001020901
1039,47,001,021301,16.41,32.43,29.6,21.55,47001021301
1040,47,001,020300,6.97,27.8,37.87,27.35,47001020300
1041,47,001,020700,30.88,50.34,14.04,4.74,47001020700
1042,47,001,021000,13.17,35.08,38.25,13.5,47001021000
1043,47,001,021302,13.64,40.16,29.51,16.7,47001021302
1044,47,155,080102,11.96,37.46,36.53,14.05,47155080102
1045,47,155,080201,8.69,39.84,31.42,20.05,47155080201
1046,47,155,080202,9.98,33.45,31.58,24.99,47155080202
1047,47,155,080601,17.34,33.94,26.19,22.53,47155080601
1048,47,155,080602,13.52,35.26,35.1,16.13,47155080602
1049,47,155,080700,16.85,35.12,32.42,15.61,47155080700
1050,47,065,010104,16.42,37.97,28.53,17.08,47065010104
1051,47,065,010201,7.42,31.5,33.0,28.08,47065010201
1052,47,065,010202,14.31,41.24,30.67,13.78,47065010202
1053,47,065,010303,12.65,26.28,42.85,18.22,47065010303
1054,47,065,010304,3.24,28.86,33.74,34.17,47065010304
1055,47,103,975601,15.66,35.42,29.41,19.5,47103975601
1056,47,103,975602,14.59,50.18,20.52,14.7,47103975602
1057,47,105,060201,15.31,35.76,31.18,17.75,47105060201
1058,47,105,060202,26.98,37.64,22.32,13.07,47105060202
1059,47,105,060301,6.93,21.71,30.49,40.87,47105060301
1060,47,105,060302,6.96,34.73,27.4,30.9,47105060302
1061,47,105,060501,9.21,22.24,21.31,47.24,47105060501
1062,47,105,060502,14.59,49.59,24.04,11.78,47105060502
1063,47,107,970101,17.56,42.8,24.73,14.9,47107970101
1064,47,107,970102,18.33,43.21,16.85,21.61,47107970102
1065,47,107,970401,13.61,36.53,30.61,19.24,47107970401
1066,47,107,970402,6.93,31.93,33.23,27.91,47107970402
1067,47,109,930100,21.32,37.67,24.22,16.79,47109930100
1068,47,109,930200,19.75,48.98,22.65,8.62,47109930200
1069,47,109,930300,16.4,49.95,26.11,7.55,47109930300
1070,47,109,930400,17.63,49.06,19.23,14.08,47109930400
1071,47,109,930500,19.93,42.99,23.14,13.94,47109930500
1072,47,109,930600,17.96,47.66,23.81,10.57,47109930600
1073,47,109,930700,18.01,39.94,28.25,13.8,47109930700
1074,47,021,070402,7.63,30.49,35.78,26.1,47021070402
1075,47,029,920100,25.97,43.64,25.46,4.93,47029920100
1076,47,029,920200,20.37,46.05,26.68,6.9,47029920200
1077,47,029,920300,13.73,44.63,25.74,15.91,47029920300
1078,47,029,920400,28.41,44.13,21.19,6.28,47029920400
1079,47,029,920501,30.35,47.33,18.09,4.23,47029920501
1080,47,029,920502,15.64,51.92,21.32,11.12,47029920502
1081,47,029,920600,19.23,40.6,22.9,17.27,47029920600
1082,47,029,920700,19.87,41.0,18.36,20.77,47029920700
1083,47,035,970101,7.36,22.92,30.61,39.11,47035970101
1084,47,031,970801,11.94,27.26,31.44,29.36,47031970801
1085,47,031,970802,7.64,33.66,31.22,27.48,47031970802
1086,47,031,980100,0.0,0.0,0.0,100.0,47031980100
1087,47,035,970102,4.52,31.83,28.95,34.71,47035970102
1088,47,035,970301,15.51,52.28,20.4,11.81,47035970301
1089,47,001,020800,24.88,43.62,25.02,6.48,47001020800
1090,47,045,964500,15.24,39.0,29.25,16.52,47045964500
1091,47,045,964600,20.23,38.52,30.95,10.3,47045964600
1092,47,045,964200,19.63,24.95,23.61,31.81,47045964200
1093,47,045,964400,23.41,35.27,30.14,11.18,47045964400
1094,47,045,964300,14.28,35.95,39.87,9.91,47045964300
1095,47,045,964000,13.22,41.73,26.6,18.45,47045964000
1096,47,049,965200,22.52,42.47,21.24,13.77,47049965200
1097,47,049,965100,25.99,45.34,20.51,8.16,47049965100
1098,47,049,965000,11.89,39.54,31.19,17.39,47049965000
1099,47,065,010305,11.79,28.31,33.46,26.44,47065010305
1100,47,065,010306,13.59,36.14,32.03,18.24,47065010306
1101,47,065,010307,10.9,45.56,28.56,14.98,47065010307
1102,47,065,010434,13.63,26.82,32.59,26.95,47065010434
1103,47,065,010435,12.99,36.16,26.16,24.7,47065010435
1104,47,065,010901,4.59,22.93,24.54,47.94,47065010901
1105,47,065,010902,11.83,32.19,28.89,27.1,47065010902
1106,47,065,010903,8.04,24.53,29.1,38.33,47065010903
1107,47,065,011001,14.87,32.45,37.14,15.53,47065011001
1108,47,065,011002,2.83,14.94,23.09,59.13,47065011002
1109,47,065,011203,6.77,17.12,26.25,49.86,47065011203
1110,47,065,011204,9.94,19.55,32.94,37.57,47065011204
1111,47,065,011323,4.19,20.95,31.28,43.58,47065011323
1112,47,065,011324,4.27,12.98,26.34,56.41,47065011324
1113,47,065,011325,2.55,15.34,28.95,53.15,47065011325
1114,47,065,011326,5.68,22.18,35.85,36.29,47065011326
1115,47,065,011443,11.13,30.02,35.23,23.62,47065011443
1116,47,065,011444,12.81,37.84,32.02,17.33,47065011444
1117,47,065,011445,7.49,25.98,39.52,27.01,47065011445
1118,47,065,011446,8.83,23.62,38.03,29.51,47065011446
1119,47,065,011447,3.67,26.75,35.74,33.83,47065011447
1120,47,065,012200,39.11,43.45,15.28,2.17,47065012200
1121,47,065,012300,16.98,41.47,25.71,15.84,47065012300
1122,47,065,012400,7.79,23.07,21.57,47.57,47065012400
1123,47,065,980100,0.0,0.0,0.0,0.0,47065980100
1124,47,075,930400,17.89,40.92,28.8,12.38,47075930400
1125,47,075,930500,19.0,52.23,19.76,9.01,47075930500
1126,47,093,000902,10.17,0.0,25.42,64.41,47093000902
1127,47,081,950301,16.78,42.25,27.54,13.43,47081950301
1128,47,081,950302,18.97,37.58,27.03,16.42,47081950302
1129,47,093,000901,0.0,0.0,100.0,0.0,47093000901
1130,47,093,003801,9.94,17.15,28.46,44.44,47093003801
1131,47,093,003802,10.29,25.54,33.24,30.92,47093003802
1132,47,093,003901,9.46,33.63,33.42,23.48,47093003901
1133,47,093,003902,17.11,36.62,28.91,17.36,47093003902
1134,47,093,004403,5.24,18.87,25.45,50.45,47093004403
1135,47,093,004404,3.87,17.4,18.67,60.06,47093004404
1136,47,093,004607,6.26,30.63,26.38,36.73,47093004607
1137,47,093,004608,7.65,24.97,34.44,32.93,47093004608
1138,47,093,004609,8.77,27.7,30.88,32.65,47093004609
1139,47,093,004610,14.4,16.44,31.41,37.74,47093004610
1140,47,093,004611,4.74,19.26,28.84,47.17,47093004611
1141,47,093,004612,2.75,15.44,20.76,61.05,47093004612
1142,47,093,004613,6.23,23.62,34.53,35.62,47093004613
1143,47,049,965300,18.39,48.68,17.41,15.52,47049965300
1144,47,053,966300,16.18,39.31,31.8,12.71,47053966300
1145,47,053,966400,18.5,38.01,28.14,15.35,47053966400
1146,47,053,966500,16.55,37.62,25.17,20.67,47053966500
1147,47,053,966600,10.72,44.02,31.92,13.34,47053966600
1148,47,053,967100,6.44,22.58,36.89,34.09,47053967100
1149,47,053,966800,16.2,48.94,20.89,13.97,47053966800
1150,47,053,966100,12.72,48.77,25.43,13.08,47053966100
1151,47,053,966200,16.46,39.52,25.79,18.23,47053966200
1152,47,053,966700,16.51,42.87,25.88,14.74,47053966700
1153,47,053,966900,25.0,45.22,23.53,6.25,47053966900
1154,47,053,967300,8.31,49.59,23.3,18.8,47053967300
1155,47,053,967000,14.65,37.1,29.63,18.62,47053967000
1156,47,173,040300,20.32,43.33,20.95,15.4,47173040300
1157,47,173,040201,25.06,44.95,21.94,8.05,47173040201
1158,47,173,040202,23.17,44.58,23.03,9.21,47173040202
1159,47,173,040100,24.93,48.94,20.66,5.47,47173040100
1160,47,065,011900,8.55,40.34,36.07,15.04,47065011900
1161,47,065,011411,11.76,19.76,41.0,27.47,47065011411
1162,47,065,000400,26.47,50.21,18.75,4.57,47065000400
1163,47,065,000700,2.89,9.45,22.35,65.31,47065000700
1164,47,065,003100,20.24,20.72,13.67,45.36,47065003100
1165,47,065,003200,15.92,35.17,31.84,17.06,47065003200
1166,47,165,020603,14.25,34.0,34.2,17.55,47165020603
1167,47,165,020903,5.1,33.07,31.23,30.59,47165020903
1168,47,165,021004,15.67,29.54,35.71,19.08,47165021004
1169,47,165,021005,4.1,26.83,32.92,36.14,47165021005
1170,47,165,021006,4.66,28.28,30.99,36.07,47165021006
1171,47,165,021007,2.45,15.67,28.37,53.51,47165021007
1172,47,165,021105,5.54,30.9,38.36,25.2,47165021105
1173,47,165,021008,2.85,15.07,29.23,52.85,47165021008
1174,47,165,021009,10.44,27.42,34.43,27.71,47165021009
1175,47,165,021104,13.23,29.62,40.22,16.92,47165021104
1176,47,165,021106,12.05,32.49,33.8,21.66,47165021106
1177,47,165,021107,5.92,32.52,38.09,23.47,47165021107
1178,47,165,021204,4.1,22.79,33.48,39.63,47165021204
1179,47,165,021205,9.19,20.4,29.6,40.81,47165021205
1180,47,167,040303,10.27,41.56,33.19,14.99,47167040303
1181,47,167,040304,14.91,33.43,36.58,15.07,47167040304
1182,47,175,925000,14.38,51.99,25.92,7.71,47175925000
1183,47,175,925200,25.83,47.63,17.16,9.38,47175925200
1184,47,177,930100,18.11,44.04,22.56,15.3,47177930100
1185,47,177,930200,23.07,40.95,26.83,9.16,47177930200
1186,47,177,930300,13.7,50.98,23.53,11.79,47177930300
1187,47,177,930400,21.77,37.96,24.51,15.76,47177930400
1188,47,177,930500,29.87,44.68,18.22,7.22,47177930500
1189,47,177,930600,25.81,40.34,15.27,18.58,47177930600
1190,47,177,930700,15.47,37.67,22.53,24.33,47177930700
1191,47,177,930800,14.61,48.64,23.52,13.23,47177930800
1192,47,177,930900,24.53,50.57,14.72,10.19,47177930900
1193,47,179,060501,12.6,32.04,31.75,23.61,47179060501
1194,47,179,060502,9.82,29.32,30.16,30.7,47179060502
1195,47,179,061401,8.02,27.33,29.89,34.75,47179061401
1196,47,179,061402,10.69,24.45,20.35,44.51,47179061402
1197,47,179,061601,5.47,30.76,30.36,33.41,47179061601
1198,47,179,061602,7.85,31.92,36.11,24.12,47179061602
1199,47,179,061701,10.47,20.99,21.18,47.36,47179061701
1200,47,179,061702,12.13,30.29,28.32,29.27,47179061702
1201,47,179,061901,17.75,40.23,28.05,13.97,47179061901
1202,47,179,061902,18.86,34.08,27.09,19.97,47179061902
1203,47,179,062000,8.45,35.95,29.65,25.95,47179062000
1204,47,183,968101,7.79,28.48,25.44,38.29,47183968101
1205,47,183,968102,11.1,35.08,23.41,30.41,47183968102
1206,47,183,968201,8.04,28.59,31.39,31.98,47183968201
1207,47,183,968202,33.9,30.17,16.27,19.66,47183968202
1208,47,065,011201,7.8,17.53,30.37,44.3,47065011201
1209,47,065,011311,14.84,31.06,30.98,23.12,47065011311
1210,47,065,011314,9.98,18.98,33.73,37.31,47065011314
1211,47,065,011600,17.64,34.08,30.72,17.56,47065011600
1212,47,065,001400,14.76,37.43,20.35,27.45,47065001400
1213,47,065,001800,11.48,17.82,17.19,53.51,47065001800
1214,47,065,002600,27.58,43.31,23.03,6.09,47065002600
1215,47,065,010431,6.54,28.46,32.36,32.65,47065010431
1216,47,065,002800,7.24,19.36,29.91,43.49,47065002800
1217,47,065,011402,6.2,34.66,43.25,15.89,47065011402
1218,47,065,010600,4.45,32.55,43.07,19.94,47065010600
1219,47,065,002300,45.78,29.09,17.5,7.63,47065002300
1220,47,065,002900,6.33,36.82,30.25,26.6,47065002900
1221,47,065,001200,18.67,44.66,24.32,12.35,47065001200
1222,47,065,002500,32.35,37.6,19.71,10.35,47065002500
1223,47,065,010433,8.16,35.0,36.21,20.63,47065010433
1224,47,065,010800,13.97,34.36,23.67,28.0,47065010800
1225,47,065,001900,25.81,38.13,29.93,6.14,47065001900
1226,47,065,010411,6.07,26.38,35.84,31.71,47065010411
1227,47,125,101400,2.44,19.58,51.4,26.58,47125101400
1228,47,125,101802,4.1,33.3,24.28,38.32,47125101802
1229,47,125,101902,3.17,24.32,35.9,36.6,47125101902
1230,47,125,101600,9.15,41.3,30.32,19.23,47125101600
1231,47,125,100601,4.04,26.54,31.24,38.18,47125100601
1232,47,125,100900,13.86,41.52,38.84,5.78,47125100900
1233,47,125,101001,10.27,37.75,35.29,16.68,47125101001
1234,47,125,100700,9.9,27.36,29.14,33.59,47125100700
1235,47,125,100800,17.35,27.55,38.78,16.33,47125100800
1236,47,125,101700,14.52,35.41,26.56,23.51,47125101700
1237,47,125,100300,16.26,35.38,29.24,19.12,47125100300
1238,47,125,100400,19.68,33.8,32.29,14.23,47125100400
1239,47,125,100602,5.88,27.76,31.43,34.92,47125100602
1240,47,125,101101,14.17,32.12,37.56,16.15,47125101101
1241,47,125,101103,8.99,39.23,36.96,14.82,47125101103
1242,47,125,100100,15.57,41.31,28.06,15.06,47125100100
1243,47,125,100200,9.89,39.48,38.12,12.51,47125100200
1244,47,125,100500,7.3,27.18,34.36,31.16,47125100500
1245,47,125,101102,9.47,30.52,44.02,15.99,47125101102
1246,47,125,101500,8.35,35.77,37.89,17.99,47125101500
1247,47,125,101002,8.48,21.52,44.07,25.94,47125101002
1248,47,043,060700,16.93,41.95,29.54,11.58,47043060700
1249,47,043,060100,15.79,48.14,24.6,11.46,47043060100
1250,47,043,060200,23.88,49.08,17.26,9.78,47043060200
1251,47,043,060300,21.62,40.53,26.32,11.53,47043060300
1252,47,065,010700,4.51,31.9,37.88,25.71,47065010700
1253,47,065,011100,1.31,6.82,20.86,71.02,47065011100
1254,47,065,011800,14.47,34.77,28.2,22.55,47065011800
1255,47,065,000800,8.58,30.25,23.55,37.62,47065000800
1256,47,065,003300,13.75,26.66,35.55,24.04,47065003300
1257,47,065,003400,7.82,24.62,36.33,31.23,47065003400
1258,47,065,011321,10.95,24.4,28.46,36.19,47065011321
1259,47,065,012000,0.79,4.93,17.64,76.64,47065012000
1260,47,065,001600,32.35,33.99,24.49,9.17,47065001600
1261,47,065,012100,9.51,31.24,34.96,24.29,47065012100
1262,47,065,000600,6.82,9.09,18.89,65.21,47065000600
1263,47,065,001100,10.67,30.97,27.01,31.35,47065001100
1264,47,065,002400,39.56,34.47,16.84,9.12,47065002400
1265,47,065,003000,13.48,23.94,42.85,19.72,47065003000
1266,47,183,968203,18.71,29.25,28.21,23.83,47183968203
1267,47,185,935000,19.69,42.64,21.72,15.95,47185935000
1268,47,185,935100,16.06,42.83,26.04,15.06,47185935100
1269,47,185,935200,16.83,49.61,19.65,13.91,47185935200
1270,47,185,935300,17.81,39.14,31.89,11.17,47185935300
1271,47,185,935400,21.31,41.48,26.68,10.53,47185935400
1272,47,185,935500,16.4,45.89,23.91,13.8,47185935500
1273,47,187,050101,2.85,9.23,19.1,68.82,47187050101
1274,47,187,050102,3.85,14.45,22.45,59.24,47187050102
1275,47,187,050103,6.5,21.43,22.48,49.59,47187050103
1276,47,187,050203,1.76,10.09,10.37,77.77,47187050203
1277,47,187,050204,1.64,5.85,17.1,75.41,47187050204
1278,47,187,050205,1.17,9.34,18.47,71.01,47187050205
1279,47,187,050206,1.65,4.29,14.53,79.53,47187050206
1280,47,187,050207,1.87,4.71,12.97,80.46,47187050207
1281,47,187,050208,1.06,5.87,18.45,74.62,47187050208
1282,47,187,050303,1.22,5.81,15.95,77.01,47187050303
1283,47,187,050304,1.37,12.55,18.24,67.83,47187050304
1284,47,187,050305,2.98,4.93,21.07,71.02,47187050305
1285,47,187,050306,2.44,13.74,22.9,60.93,47187050306
1286,47,187,050307,0.72,14.53,20.87,63.88,47187050307
1287,47,187,050403,0.0,9.16,22.46,68.38,47187050403
1288,47,187,050404,0.37,6.21,12.23,81.19,47187050404
1289,47,187,050405,0.66,5.52,20.65,73.16,47187050405
1290,47,187,050406,0.71,7.76,18.2,73.33,47187050406
1291,47,187,050503,17.76,28.26,29.92,24.07,47187050503
1292,47,187,050504,7.62,27.43,33.9,31.05,47187050504
1293,47,187,050601,10.53,14.06,22.44,52.97,47187050601
1294,47,187,050602,2.17,11.95,26.3,59.58,47187050602
1295,47,187,050701,3.47,7.19,21.34,68.0,47187050701
1296,47,187,050702,2.14,14.45,17.98,65.43,47187050702
1297,47,187,050904,19.13,15.62,22.73,42.52,47187050904
1298,47,187,050905,3.85,14.5,22.44,59.21,47187050905
1299,47,187,050906,0.63,12.24,19.6,67.52,47187050906
1300,47,187,050907,1.83,9.61,26.24,62.33,47187050907
1301,47,187,050908,1.45,6.66,21.18,70.71,47187050908
1302,47,187,050909,2.77,16.04,21.34,59.85,47187050909
1303,47,187,051001,2.0,9.49,15.96,72.55,47187051001
1304,47,187,051202,1.71,12.4,37.15,48.74,47187051202
1305,47,187,051002,4.94,15.98,24.38,54.69,47187051002
1306,47,187,051100,8.08,23.22,24.54,44.15,47187051100
1307,47,187,051201,7.96,22.5,23.37,46.17,47187051201
1308,47,189,030203,7.64,23.3,28.09,40.97,47189030203
1309,47,189,030204,10.16,24.44,31.16,34.24,47189030204
1310,47,189,030308,5.17,23.15,28.91,42.76,47189030308
1311,47,189,030309,7.75,33.82,24.95,33.49,47189030309
1312,47,189,030401,7.96,40.5,28.27,23.27,47189030401
1313,47,189,030402,26.34,42.23,18.21,13.22,47189030402
1314,47,189,030903,4.71,26.58,30.16,38.55,47189030903
1315,47,189,030904,8.82,31.49,35.19,24.51,47189030904
1316,47,149,042300,8.23,41.44,27.96,22.36,47149042300
1317,47,035,970302,16.42,42.05,24.21,17.32,47035970302
1318,47,035,970501,14.11,45.47,26.03,14.4,47035970501
1319,47,035,970502,15.44,39.1,31.61,13.86,47035970502
1320,47,035,970601,9.22,42.2,31.95,16.63,47035970601
1321,47,035,970602,14.52,35.35,34.61,15.52,47035970602
1322,47,035,970603,7.15,49.2,27.04,16.61,47035970603
1323,47,035,970701,13.5,35.92,32.18,18.4,47035970701
1324,47,035,970702,18.25,43.88,27.44,10.43,47035970702
1325,47,037,010103,15.5,28.96,29.62,25.91,47037010103
1326,47,037,010104,13.18,37.83,24.0,24.99,47037010104
1327,47,037,010105,11.27,27.17,30.5,31.06,47037010105
1328,47,037,010106,13.26,31.44,32.94,22.35,47037010106
1329,47,037,010201,10.13,27.77,29.65,32.45,47037010201
1330,47,037,010202,6.89,33.47,33.47,26.17,47037010202
1331,47,037,010303,7.58,25.4,39.27,27.76,47037010303
1332,47,037,010601,15.84,40.03,20.83,23.3,47037010601
1333,47,037,010602,15.49,33.45,35.15,15.91,47037010602
1334,47,037,013201,16.51,35.57,29.39,18.53,47037013201
1335,47,037,013202,15.82,29.19,26.91,28.09,47037013202
1336,47,037,013601,16.28,32.66,31.08,19.98,47037013601
1337,47,037,013602,0.0,28.28,50.34,21.38,47037013602
1338,47,037,015622,4.41,27.42,28.72,39.45,47037015622
1339,47,115,050101,15.84,41.2,30.36,12.6,47115050101
1340,47,115,050102,24.84,44.0,25.1,6.05,47115050102
1341,47,115,050201,19.22,38.88,32.62,9.29,47115050201
1342,47,115,050202,18.65,36.76,32.06,12.53,47115050202
1343,47,115,050301,18.51,42.94,27.76,10.79,47115050301
1344,47,115,050302,13.35,30.44,33.4,22.8,47115050302
1345,47,119,010201,6.4,32.39,29.73,31.48,47119010201
1346,47,119,010202,4.71,22.99,33.56,38.74,47119010202
1347,47,119,010301,4.12,35.85,35.75,24.29,47119010301
1348,47,119,011001,13.29,40.6,25.49,20.62,47119011001
1349,47,119,010302,4.72,41.61,26.06,27.61,47119010302
1350,47,119,010801,10.04,36.5,36.66,16.8,47119010801
1351,47,119,010802,10.4,32.76,38.09,18.75,47119010802
1352,47,119,011002,17.32,35.51,33.85,13.32,47119011002
1353,47,119,011101,5.31,26.07,28.29,40.32,47119011101
1354,47,119,011102,12.95,27.51,31.15,28.39,47119011102
1355,47,123,925000,14.89,39.29,28.3,17.52,47123925000
1356,47,123,925100,19.78,43.68,23.13,13.41,47123925100
1357,47,123,925200,24.19,35.8,23.32,16.69,47123925200
1358,47,123,925300,22.46,43.29,23.03,11.22,47123925300
1359,47,123,925400,22.77,33.42,33.19,10.62,47123925400
1360,47,123,925501,24.73,46.69,20.05,8.53,47123925501
1361,47,123,925502,23.02,43.71,23.86,9.41,47123925502
1362,47,125,101201,8.5,27.96,49.17,14.38,47125101201
1363,47,125,101202,5.8,36.25,39.53,18.42,47125101202
1364,47,125,101303,6.13,22.22,44.34,27.3,47125101303
1365,47,125,101304,7.04,20.96,49.68,22.32,47125101304
1366,47,125,101305,2.09,20.11,48.42,29.37,47125101305
1367,47,125,101306,4.56,26.37,47.2,21.88,47125101306
1368,47,125,101307,7.18,28.54,42.2,22.07,47125101307
1369,47,125,101803,5.84,22.39,21.56,50.22,47125101803
1370,47,125,101804,4.75,24.32,30.53,40.4,47125101804
1371,47,125,101903,5.55,29.14,32.99,32.32,47125101903
1372,47,125,101904,4.16,22.55,34.55,38.74,47125101904
1373,47,125,102001,10.82,35.99,32.83,20.36,47125102001
1374,47,125,102002,6.18,19.49,40.18,34.15,47125102002
1375,47,125,102003,5.94,37.06,34.06,22.93,47125102003
1376,47,037,015623,10.92,18.64,41.2,29.24,47037015623
1377,47,037,015624,5.93,26.83,28.98,38.26,47037015624
1378,47,037,015625,7.18,23.07,31.73,38.03,47037015625
1379,47,037,015626,6.47,34.77,32.23,26.52,47037015626
1380,47,037,015627,19.59,35.33,24.75,20.32,47037015627
1381,47,037,015628,14.67,23.86,33.35,28.12,47037015628
1382,47,037,015629,5.85,28.08,23.25,42.82,47037015629
1383,47,037,015630,7.28,18.8,32.53,41.39,47037015630
1384,47,037,015631,10.38,21.31,35.79,32.52,47037015631
1385,47,037,015803,32.88,36.28,19.79,11.05,47037015803
1386,47,037,015804,22.25,27.13,21.84,28.77,47037015804
1387,47,037,017701,2.82,5.58,14.04,77.57,47037017701
1388,47,037,017702,1.14,9.37,12.83,76.65,47037017702
1389,47,037,018301,6.22,16.04,28.35,49.39,47037018301
1390,47,037,018302,3.01,16.89,29.68,50.42,47037018302
1391,47,037,018409,6.16,17.46,30.7,45.68,47037018409
1392,47,037,018410,5.85,18.93,30.46,44.76,47037018410
1393,47,037,018905,15.51,21.79,14.01,48.7,47037018905
1394,47,037,018803,1.03,6.98,17.58,74.42,47037018803
1395,47,037,018804,1.36,11.27,25.77,61.6,47037018804
1396,47,037,018904,16.75,22.6,21.55,39.1,47037018904
1397,47,037,019005,23.43,37.34,28.67,10.56,47037019005
1398,47,037,019006,28.84,28.46,29.97,12.73,47037019006
1399,47,037,019115,3.89,13.47,20.23,62.41,47037019115
1400,47,037,019116,7.76,17.34,26.36,48.53,47037019116
1401,47,037,019117,11.52,17.3,27.8,43.38,47037019117
1402,47,037,019118,10.61,28.4,25.37,35.61,47037019118
1403,47,037,019200,10.45,23.48,14.93,51.14,47037019200
1404,47,037,019300,28.56,27.28,35.04,9.12,47037019300
1405,47,037,019400,16.78,6.58,10.37,66.27,47037019400
1406,47,037,019500,6.15,11.64,22.41,59.8,47037019500
1407,47,037,019600,20.6,23.16,26.81,29.44,47037019600
1408,47,037,980100,0.0,0.0,0.0,0.0,47037980100
1409,47,037,980200,0.0,0.0,0.0,0.0,47037980200
1410,47,039,955001,20.53,39.46,24.16,15.85,47039955001
1411,47,039,955002,21.62,37.38,28.48,12.52,47039955002
1412,47,039,955101,12.07,45.58,26.24,16.12,47039955101
1413,47,125,102004,5.57,21.48,43.95,29.0,47125102004
1414,47,125,102005,4.4,32.2,31.28,32.12,47125102005
1415,47,125,102006,4.54,21.46,42.02,31.98,47125102006
1416,47,125,980100,0.0,10.47,73.26,16.28,47125980100
1417,47,127,930100,15.69,38.55,25.04,20.72,47127930100
1418,47,127,930200,12.38,47.3,19.69,20.64,47127930200
1419,47,133,950301,25.61,42.48,17.47,14.44,47133950301
1420,47,133,950302,24.44,41.17,21.73,12.65,47133950302
1421,47,135,930100,30.12,35.43,24.15,10.29,47135930100
1422,47,135,930200,23.18,35.49,29.04,12.29,47135930200
1423,47,137,925100,23.7,40.89,26.71,8.69,47137925100
1424,47,139,950201,17.43,36.28,39.55,6.74,47139950201
1425,47,139,950202,19.95,38.19,28.8,13.06,47139950202
1426,47,141,000301,11.07,35.92,26.53,26.48,47141000301
1427,47,141,000302,11.47,34.49,24.64,29.4,47141000302
1428,47,141,000303,15.98,32.3,32.43,19.29,47141000303
1429,47,143,975401,29.36,36.47,26.35,7.82,47143975401
1430,47,143,975402,17.19,28.94,33.57,20.3,47143975402
1431,47,145,980100,0.0,0.0,0.0,0.0,47145980100
1432,47,147,080103,8.18,32.51,31.05,28.26,47147080103
1433,47,147,080104,9.32,44.54,29.44,16.7,47147080104
1434,47,147,080301,19.24,42.77,28.06,9.93,47147080301
1435,47,147,080302,19.73,43.52,19.78,16.96,47147080302
1436,47,147,080603,13.76,34.71,30.48,21.05,47147080603
1437,47,149,040101,19.7,39.75,30.05,10.51,47149040101
1438,47,147,080604,8.3,39.16,27.1,25.44,47147080604
1439,47,147,080605,13.05,43.22,31.37,12.36,47147080605
1440,47,147,080606,10.86,32.62,39.01,17.52,47147080606
1441,47,149,040102,12.74,30.43,38.41,18.43,47149040102
1442,47,149,040103,15.27,27.97,39.6,17.15,47149040103
1443,47,149,040104,17.01,33.13,35.14,14.72,47149040104
1444,47,149,040105,15.31,39.22,30.47,15.01,47149040105
1445,47,149,040303,9.13,29.83,42.54,18.5,47149040303
1446,47,149,040304,9.56,38.59,34.13,17.73,47149040304
1447,47,149,040305,16.14,35.82,35.03,13.01,47149040305
1448,47,149,040306,7.79,29.7,32.95,29.56,47149040306
1449,47,149,040307,7.17,28.79,30.43,33.61,47149040307
1450,47,039,955102,10.28,52.98,27.26,9.48,47039955102
1451,47,041,920101,10.87,40.79,27.57,20.77,47041920101
1452,47,041,920102,24.0,46.35,18.96,10.69,47041920102
1453,47,041,920200,23.71,37.98,20.25,18.07,47041920200
1454,47,041,920300,16.44,43.78,24.48,15.3,47041920300
1455,47,043,060401,11.99,36.55,29.43,22.02,47043060401
1456,47,043,060402,11.93,39.03,30.02,19.02,47043060402
1457,47,043,060501,11.22,37.7,28.39,22.69,47043060501
1458,47,043,060502,17.63,38.22,19.27,24.89,47043060502
1459,47,043,060601,21.47,38.25,27.49,12.79,47043060601
1460,47,043,060602,15.02,40.29,31.24,13.45,47043060602
1461,47,045,964800,16.75,54.06,18.41,10.77,47045964800
1462,47,045,964900,15.81,38.84,27.48,17.88,47045964900
1463,47,047,060401,14.73,31.48,29.37,24.42,47047060401
1464,47,047,060402,10.18,21.8,40.6,27.42,47047060402
1465,47,047,060403,8.59,31.49,34.63,25.29,47047060403
1466,47,047,060404,9.6,27.87,43.25,19.28,47047060404
1467,47,047,060501,27.52,36.88,18.95,16.64,47047060501
1468,47,047,060502,14.38,40.94,26.45,18.23,47047060502
1469,47,047,060701,8.22,40.95,27.1,23.73,47047060701
1470,47,047,060702,7.21,29.82,27.44,35.53,47047060702
1471,47,047,060800,16.03,27.93,35.11,20.93,47047060800
1472,47,051,960201,4.63,40.38,30.55,24.43,47051960201
1473,47,051,960202,9.33,46.7,32.98,10.99,47051960202
1474,47,053,967400,17.47,43.33,27.12,12.08,47053967400
1475,47,053,980100,0.0,0.0,100.0,0.0,47053980100
1476,47,055,920100,10.72,41.52,26.93,20.82,47055920100
1477,47,055,920200,17.93,44.59,24.64,12.83,47055920200
1478,47,055,920300,10.8,40.69,30.82,17.69,47055920300
1479,47,055,920400,17.42,44.87,23.38,14.33,47055920400
1480,47,055,920500,16.36,41.62,28.22,13.79,47055920500
1481,47,055,920600,16.14,53.38,20.11,10.38,47055920600
1482,47,055,920700,9.9,51.39,26.13,12.59,47055920700
1483,47,065,010103,8.64,29.36,39.78,22.22,47065010103
1484,47,055,920800,17.44,42.08,24.31,16.17,47055920800
1485,47,057,500401,23.61,44.19,23.83,8.37,47057500401
1486,47,057,500402,20.69,46.25,22.51,10.55,47057500402
1487,47,149,040308,5.65,33.87,39.3,21.19,47149040308
1488,47,149,040501,9.82,28.8,27.97,33.41,47149040501
1489,47,149,040502,9.29,39.25,29.53,21.94,47149040502
1490,47,149,040701,3.75,27.11,30.51,38.63,47149040701
1491,47,149,040702,10.04,33.07,30.66,26.22,47149040702
1492,47,149,040805,5.97,23.21,31.13,39.69,47149040805
1493,47,149,040806,15.75,28.02,28.15,28.08,47149040806
1494,47,149,040807,6.94,28.47,35.46,29.13,47149040807
1495,47,149,040808,3.08,21.85,29.81,45.26,47149040808
1496,47,149,040809,3.49,29.34,32.73,34.44,47149040809
