,TractCode,MaxAdDown_2015,MaxAdDown_2017,MaxAdDown_2019
0,47165021002,216.7923855421687,963.5,950.0869565217391
1,47165020901,179.44133333333335,772.75,829.0736666666667
2,47165020300,220.14678899082568,865.5495495495495,887.6486486486486
3,47165020902,277.92472413793104,924.1681415929204,952.9203539823009
4,47165020800,344.7709923664122,921.820895522388,955.9477611940298
5,47165021203,239.1628,918.5820895522388,939.044776119403
6,47105060302,102.47447804878048,129.54784688995215,800.5840336134454
7,47105060202,99.27179487179487,140.50446464646464,903.2378640776699
8,47105060301,99.33384771573604,154.86294416243655,901.3219512195122
9,47179060400,104.32642487046633,383.6458333333333,884.8717948717949
10,47157001200,147.07388235294118,147.52941176470588,987.0
11,47157001300,135.05084745762713,130.3125,987.0
12,47157001400,138.35621052631578,155.175,933.9937297297296
13,47157001500,112.20870588235294,190.61818181818182,788.0156734693877
14,47157001700,122.736,162.14285714285714,999.2571428571429
15,47157001900,145.3548387096774,145.63636363636363,957.2727272727273
16,47157002000,139.60714285714286,150.0,987.0
17,47157002100,118.65,127.0875,842.65
18,47157002400,143.01828571428572,146.46428571428572,941.1457674418604
19,47157002500,120.75925925925925,146.82666666666665,916.0533333333333
20,47179061800,114.21210714285715,216.8590909090909,259.02477477477476
21,47179061300,108.99317406143345,371.33561643835617,856.931506849315
22,47179061100,101.92307692307692,405.6442307692308,942.8846153846154
23,47179060600,114.56106870229007,338.7325581395349,760.4731692307693
24,47179061200,96.53125,394.11392405063293,922.5534591194969
25,47179060900,101.05095541401273,397.49044585987264,934.796178343949
26,47179061500,123.79710144927536,140.7440758293839,203.74146341463415
27,47037010106,187.59609523809524,846.5,894.5
28,47179060100,102.36686390532545,400.0,989.7041420118343
29,47157002600,150.0,146.55,969.45
30,47157002700,110.48644444444444,611.375,844.6229019607842
31,47157002800,121.44096774193548,266.67123287671234,846.7027741935484
32,47157002900,138.5147441860465,220.9795918367347,953.3170731707318
33,47105060201,98.30869565217391,123.3859649122807,882.4430894308944
34,47105060501,95.72032835820896,158.20240963855423,743.4351464435147
35,47105060502,95.36559139784946,114.65263157894736,815.9904761904762
36,47037010103,228.11629268292683,915.3414634146342,907.7567567567568
37,47037010202,229.9281777777778,894.8846153846154,912.5294117647059
38,47037010104,244.74358974358975,987.0,962.3333333333334
39,47121960200,82.51523809523809,301.661035971223,516.844327176781
40,47035970200,28.18487394957983,99.75100401606426,161.1082621082621
41,47035970800,34.72854385964912,135.2913043478261,71.72881355932203
42,47035970400,86.42811501597444,260.86942675159236,774.1820809248555
43,47055920300,42.84509181141439,148.80276381909547,322.10287081339715
44,47121960100,9.69369230769231,243.85146820809243,306.2259036144578
45,47121960300,73.05656,315.8709152542373,562.6190476190476
46,47157003000,132.51063829787233,277.875,851.0714285714286
47,47135930100,9.531380753138075,17.45575221238938,273.6542372881356
48,47113000900,733.3406476190476,740.1904761904761,981.1428571428571
49,47065001100,965.1636363636363,972.8272727272728,990.7614678899082
50,47155080300,99.15463917525773,128.93814432989691,941.1030927835052
51,47155080500,100.0868888888889,127.38248847926268,893.1347826086957
52,47155080400,98.95819230769231,131.40813745704466,495.359133126935
53,47155081000,112.97532075471696,134.4639288888889,582.9270633397313
54,47055920400,77.3400303030303,287.06115107913666,714.5785440613026
55,47055920500,76.92990654205607,248.734375,611.5573770491803
56,47055920600,9.785454545454545,12.698529411764707,24.907063197026023
57,47055920200,61.301596837944665,199.9810996563574,462.9896907216495
58,47055920800,49.378434163701066,245.14402173913044,302.1666666666667
59,47055920700,18.224432432432433,121.70289855072464,28.068181818181817
60,47055920100,14.465293103448277,17.086533333333332,36.69305472636816
61,47029920400,11.078947368421053,18.153846153846153,5.6506849315068495
62,47157001100,150.0,132.7058823529412,944.6086956521739
63,47037013300,628.3457446808511,937.0932642487047,948.0621761658031
64,47037018102,223.1031746031746,977.3620689655172,977.8103448275862
65,47029920100,11.407407407407407,17.950617283950617,278.55555555555554
66,47029920502,115.45763313609467,136.59883720930233,276.2535211267606
67,47029920200,72.53592814371258,91.96038323353294,769.8865671641792
68,47029920600,106.18966210045662,139.91705069124424,843.7213114754098
69,47029920300,17.256871794871795,27.518939393939394,210.3678756476684
70,47029920501,92.28082539682539,119.0361216730038,701.945205479452
71,47065011324,1000.0,1000.0,1000.0
72,47019070400,105.17241379310344,400.0,940.0
73,47019070700,121.7741935483871,267.734375,555.6484375
74,47065001300,932.9059405940594,979.9108910891089,979.6938775510204
75,47031970801,100.0,793.8356164383562,983.1506849315068
76,47031980100,92.46153846153847,86.25,307.1794871794872
77,47065001400,1000.0,980.4705882352941,980.4901960784314
78,47065003000,945.1612903225806,967.4317419354838,951.5247741935483
79,47065003400,947.9705882352941,971.9855072463768,971.7971014492754
80,47065010412,923.5964912280701,999.0714285714286,999.0877192982456
81,47065010433,894.7878787878788,913.5609714285714,941.4492753623189
82,47065010502,960.4651162790698,999.3953488372093,999.3953488372093
83,47065010307,948.8645161290323,961.9358974358975,973.9805194805194
84,47065012200,970.3829999999999,979.1831752577319,979.1831752577319
85,47065011445,928.038961038961,925.3,901.3703703703703
86,47065010306,854.4166666666666,970.7054794520548,970.9246575342465
87,47065011446,983.0,980.2549019607843,979.86
88,47065011204,770.5826771653543,923.34,956.3951612903226
89,47065012300,1000.0,983.0015227272726,988.7045454545455
90,47065002400,989.4329599999999,994.2158171428571,994.2901028571428
91,47065002800,920.3125,978.1010638297872,999.2777777777778
92,47165021104,242.0,999.5806451612904,999.1612903225806
93,47165021205,212.88793103448276,904.3272727272728,928.5892857142857
94,47165021009,238.17073170731706,930.1333333333333,998.5227272727273
95,47165020501,226.05531707317073,842.8333333333334,898.0555555555555
96,47187050205,274.61538461538464,945.8085106382979,966.9574468085107
97,47037010602,240.85185185185185,914.4543703703704,920.2321481481481
98,47037013602,337.5768,932.8098823529411,932.8098823529411
99,47065002900,1000.0,980.1020408163265,980.1020408163265
100,47065010431,929.0541818181817,967.0337078651686,976.3488372093024
101,47065010101,164.97455319148938,874.672619047619,965.1802325581396
102,47065003300,979.4354838709677,991.8709677419355,999.8943089430894
103,47065001200,950.7152777777778,999.4507042253521,985.8194444444445
104,47065010501,944.8631578947368,978.7935510204081,979.058857142857
105,47065003200,974.2753623188406,999.8088235294117,999.8088235294117
106,47065011311,798.8407079646017,946.8421052631579,938.8
107,47065012100,912.874251497006,964.5777777777778,970.8098222222221
108,47065002000,868.0,944.5873015873016,966.5333333333333
109,47065010600,922.7272727272727,999.0545454545454,981.4363636363636
110,47065011442,969.6428571428571,999.5357142857143,967.2413793103449
111,47065000400,1000.0,990.6342592592592,990.6342592592592
112,47065011800,1000.0,999.8452380952381,999.843373493976
113,47065011321,960.4651162790698,977.2608695652174,999.1333333333333
114,47001020300,147.7659574468085,967.4791666666666,928.86
115,47065003100,946.5210084033613,982.9327731092437,973.5701754385965
116,47065000800,1000.0,1000.0,1000.0
117,47135930200,19.683937823834196,15.833746898263028,330.79245283018867
118,47187050304,138.32467532467533,556.1334117647059,609.4115223880597
119,47187050203,239.0677966101695,935.6296296296297,952.5192307692307
120,47187050905,219.4535,768.6415094339623,759.1666666666666
121,47187050204,309.30232558139534,860.7906976744187,928.5813953488372
122,47037019200,239.236,923.2204724409448,969.1771653543307
123,47037019500,143.7215743440233,485.95580110497235,518.4010989010989
124,47037019400,419.7412525252525,786.7255813953489,819.2477788018434
125,47029920700,110.55490909090909,147.79527559055117,329.95844155844156
126,47187050206,242.0,924.6551724137931,924.6551724137931
127,47037016700,319.96666666666664,997.4939759036145,976.7058823529412
128,47037015612,221.7948717948718,935.2777777777778,941.75
129,47037010105,233.2566511627907,991.3333333333334,992.6666666666666
130,47037010303,190.40697674418604,807.7271627906975,795.569
131,47001021201,134.12791304347826,952.0714285714286,718.8272727272728
132,47001021302,124.13740458015268,814.179104477612,630.1329479768787
133,47001021202,128.75816993464053,764.8980891719746,631.8484848484849
134,47001020901,118.76919727891156,810.6843971631206,450.5096525096525
135,47001020902,127.03571612903225,812.0853658536586,446.2549668874172
136,47001020700,132.887,986.3518479087452,782.0030120481928
137,47001020100,85.3607619047619,651.1590270270269,443.28333333333336
138,47001020400,128.34842857142857,833.2209302325581,652.3272727272728
139,47001020500,132.30882352941177,912.3968253968254,668.3372093023256
140,47001021000,118.65187878787879,927.7512953367876,541.3761194029851
141,47001021301,137.67024,871.9245789473683,625.8018867924528
142,47001020800,133.0278125,470.2927926267281,369.3424657534247
143,47001021100,132.875,871.4015151515151,594.5670103092783
144,47093007100,137.0,959.887323943662,725.7872340425532
145,47093006207,122.14285714285714,677.5357142857143,555.5
146,47093005810,810.5263157894736,814.7368421052631,798.6808510638298
147,47093004612,143.75,972.5625,997.5625
148,47125980100,100.0,310.0487804878049,941.175
149,47125101804,91.08387878787879,552.955452631579,878.22
150,47125101903,125.96153846153847,468.2692307692308,968.8461538461538
151,47125101904,83.24706849315069,370.0635,637.4802631578947
152,47125101306,121.0,636.0,970.0
153,47125101305,181.52380952380952,475.0,955.0
154,47125102002,153.38297872340425,576.4468085106383,944.1063829787234
155,47155080901,122.5276923076923,133.76966666666667,237.81512605042016
156,47155080201,93.07804444444444,317.0183768115942,868.8802816901408
157,47155080202,89.78099173553719,202.29918032786884,814.888
158,47155080802,102.65346534653466,228.69668246445497,835.2688679245283
159,47155080902,114.29946774193549,129.122,445.62985074626863
160,47065011411,932.2686567164179,939.8484848484849,984.2131147540983
161,47017962300,119.87689830508475,184.52595155709344,664.9274193548387
162,47017962400,232.8498795180723,26.967741935483872,41.12387368421053
163,47017962500,31.675025000000005,68.64163822525597,297.0470787878788
164,47017962000,86.77380952380952,166.32835820895522,644.0279605263158
165,47017962100,124.03532222222218,208.072265625,823.9101096605743
166,47021070203,98.36521739130434,300.8534482758621,940.4122807017544
167,47021070103,133.5820895522388,357.1705507246377,903.7357681159419
168,47065010411,961.3636363636364,970.0522388059702,955.5
169,47065001800,955.9967323943662,978.8879999999999,985.8545753424656
170,47065002300,955.8543689320388,980.1435643564356,990.0297029702971
171,47065001900,934.8908045977012,971.2458876404494,965.5611818181817
172,47065010700,938.5087719298245,964.0940714285714,963.4412363636363
173,47065001600,854.8823529411765,806.9756097560976,810.9047619047619
174,47065010432,928.61024,948.6578947368421,961.2236842105264
175,47065000700,970.6896551724138,999.4090909090909,999.546511627907
176,47065002600,978.1788321167883,978.2773722627737,970.4629629629629
177,47163042400,1000.0,1000.0,1000.0
178,47037011300,233.20557142857143,962.8148148148148,974.9753086419753
179,47037017901,240.38311688311688,925.2430555555555,926.4154929577464
180,47105060600,92.44929616724738,138.19049819494583,738.8927536231884
181,47105060100,86.56293150684931,138.76527331189712,556.5697940503433
182,47105060400,120.69925423728813,442.13623188405796,354.45927601809956
183,47105060700,58.88732919254659,81.10884353741497,298.2360655737705
184,47037015620,259.8,970.0,947.1944444444445
185,47005963300,99.59482758620689,298.8103448275862,940.0
186,47005963100,12.293098039215685,41.37078651685393,87.34375
187,47005963400,77.82322105263158,138.28212244897958,477.6421052631579
188,47005963200,1.8982222222222225,21.162857142857142,11.2012987012987
189,47005963000,11.797956521739133,15.92778761061947,46.562
190,47015960100,12.722627737226277,63.208333333333336,468.83941605839414
191,47015960200,10.316326530612244,56.73103448275862,509.8839590443686
192,47015960300,11.129139072847682,56.18421052631579,63.09271523178808
193,47021070300,102.65346534653466,297.72727272727275,930.7575757575758
194,47021070102,144.9208,176.88741463414635,403.5287356321839
195,47023970300,103.7847138047138,107.55344117647059,547.7706184210525
196,47163040200,100.15772870662461,1000.0,1000.0
197,47163040900,98.87341772151899,1000.0,1000.0
198,47163041600,100.0,1000.0,1000.0
199,47163041500,100.0,1000.0,1000.0
200,47163041800,100.4424778761062,1000.0,1000.0
201,47163042100,1000.0,1000.0,1000.0
202,47163042300,1000.0,1000.0,1000.0
203,47163042600,1000.0,1000.0,1000.0
204,47163042801,1000.0,1000.0,1000.0
205,47163042900,1000.0,1000.0,1000.0
206,47163043000,1000.0,1000.0,1000.0
207,47049965100,559.5086705202312,915.971264367816,837.0796019900497
208,47023970100,312.60439436619686,47.64684023668639,105.09710280373831
209,47023970200,228.57142857142858,286.6871165644172,960.4481707317074
210,47049965200,785.6051282051282,933.6510416666666,826.6288209606987
211,47049965300,819.7808219178082,859.5918367346939,754.8439306358382
212,47049965000,833.2767295597484,914.7716049382716,747.4258373205741
213,47057500300,68.85792349726776,82.7479674796748,645.9635854341736
214,47057500100,17.623893805309734,18.54468085106383,20.77542372881356
215,47123925400,87.97756476683936,132.4538258575198,716.917225950783
216,47057500200,75.67703448275861,358.2950819672131,270.5478927203065
217,47125100200,100.0,550.7462686567164,979.4029850746268
218,47125100602,134.6153846153846,420.90384615384613,945.5192307692307
219,47165021103,263.6363636363636,997.8333333333334,999.7592592592592
220,47165021201,248.34246575342465,1000.0,986.231884057971
221,47185935000,777.0104166666666,155.90104166666666,828.5373134328358
222,47185935200,940.6216216216217,94.22018348623853,910.6666666666666
223,47185935500,902.7058823529412,166.6951871657754,590.151832460733
224,47185935400,709.0508474576271,286.8926553672316,955.2542372881356
225,47185935300,726.3928571428571,300.70982142857144,970.5555555555555
226,47185935100,793.8225806451613,171.95698924731184,939.8082901554404
227,47157003400,150.0,150.0,989.6
228,47123925000,37.67732786885246,49.402902777777776,120.46078431372548
229,47123925300,88.63849635036496,110.52158273381295,648.7086834733893
230,47123925200,96.68812738853504,132.397476340694,732.4923857868021
231,47079969500,100.0,300.0,940.2752293577981
232,47123925100,93.50520388349514,113.25080906148867,716.3394255874674
233,47157000100,130.23188059701494,272.7878787878788,843.1439393939394
234,47157000300,102.17353846153846,140.34508108108108,751.1351351351351
235,47157000400,131.5616603773585,131.584,860.6111111111111
236,47079969000,451.18940350877205,542.4497607655502,911.1277372262774
237,47079969400,100.0,305.8333333333333,940.5
238,47079969800,60.72,125.98726114649682,440.3174603174603
239,47079969200,904.1345029239766,808.4081632653061,909.4216216216216
240,47079969700,4.3768,22.122448979591837,11.484396396396397
241,47079969100,996.3210332103321,996.3985239852399,996.3468634686346
242,47081950100,100.45087898089172,287.4142086956522,386.73320851063824
243,47079969300,99.08644859813084,279.68831168831167,906.9684684684685
244,47081950400,12.126504672897196,15.847682119205299,49.84189723320158
245,47081950200,158.481608040201,555.5743930131005,516.885686746988
246,47081950500,13.394844444444445,11.429411764705883,24.5354609929078
247,47145030100,141.66666666666666,948.1914893617021,771.2033898305085
248,47145030300,22.669065088757396,345.4780701754386,429.0692307692308
249,47145030800,126.04428044280442,915.5231291512915,666.7005347593583
250,47145030900,134.33522727272728,928.3316326530612,620.4175084175084
251,47145030700,125.38914285714286,857.3099047619048,479.4985250737463
252,47145030500,120.98922905027933,804.0210208333333,460.75748502994014
253,47145030202,133.2054794520548,889.5253456221199,568.5204678362574
254,47145030600,129.2590909090909,904.5299145299145,551.8298969072165
255,47145030201,73.14058149779736,448.8624859813084,262.14039408866995
256,47145030400,128.56322779922775,916.2307692307693,587.4066496163683
257,47159975400,39.903323262839876,148.7012578616352,448.406432748538
258,47159975100,204.51456310679612,769.140350877193,999.8859649122807
259,47159975200,133.74565765765766,515.4112979591837,739.8178294573644
260,47115050101,171.19166666666666,188.0994318181818,944.6489361702128
261,47159975000,757.4935555555556,963.7396449704142,981.6756756756756
262,47159975300,67.33673469387755,272.375,440.3398058252427
263,47073050400,8.138571428571428,20.106791946308725,285.3073394495413
264,47073050700,19.944444444444443,52.9078947368421,235.4832808988764
265,47093006104,136.55172413793105,842.1666666666666,769.2388059701492
266,47073050900,57.68390804597701,66.08959090909092,469.624
267,47073050100,62.327586206896555,93.20689655172414,708.5621621621622
268,47187050207,256.68373333333335,635.0444444444445,974.2666666666667
269,47187050102,435.0943396226415,762.377358490566,834.811320754717
270,47187050504,221.8135593220339,906.3050847457627,946.8709677419355
271,47187051001,228.71862721893493,938.26,939.05
272,47187051100,116.70665217391304,280.9711408450704,496.46610169491527
273,47037011400,232.47368421052633,960.3466666666667,973.3733333333333
274,47179060700,101.51515151515152,400.0,940.0
275,47179060800,102.91970802919708,400.0,986.8613138686131
276,47179061000,101.67785234899328,400.0,940.4026845637584
277,47115050202,119.8198051948052,99.30591259640103,972.2608695652174
278,47115050102,102.79208921933086,114.68250193050193,982.1266666666667
279,47115050302,74.4735641025641,85.50356294536817,556.4330357142857
280,47115050301,138.32872928176795,178.88123076923077,995.8595641646489
281,47115050201,266.4944545454545,275.9610950570342,979.6454849498327
282,47157010630,136.390243902439,161.1081081081081,932.6666666666666
283,47137925100,590.3177570093458,776.5779816513761,558.1802816901409
284,47037010702,212.88,848.1851851851852,848.7321481481481
285,47037010801,280.61224489795916,989.1666666666666,993.7708333333334
286,47157020635,136.45945945945945,133.84615384615384,987.0
287,47157011200,146.54651162790697,143.2325581395349,965.0930232558139
288,47157011300,89.82692307692308,101.28947368421052,617.4303797468355
289,47157011400,82.46616541353383,143.12890625,573.9806201550388
290,47157011600,127.61688311688312,140.32432432432432,920.8513513513514
291,47157011500,123.95165853658537,134.013698630137,879.2570958904109
292,47125100700,100.0,300.0,983.125
293,47125100800,100.0,514.3138686131387,968.2773722627737
294,47125101101,100.0,328.0,942.4
295,47125101002,100.0,407.6923076923077,949.2307692307693
296,47157011800,147.94285714285715,446.6,982.1428571428571
297,47157022700,148.35,158.975,977.8125
298,47157007821,148.14705882352942,150.0,972.7067826086956
299,47157007822,145.875,150.0,987.0
300,47157007900,145.47540983606558,144.0,955.655737704918
301,47157008000,139.67142857142858,238.40540540540542,960.5820895522388
302,47157008110,146.36019512195122,146.4878048780488,987.0
303,47157021341,124.62542857142857,128.45238095238096,815.7901234567901
304,47157021612,150.0,181.4814814814815,987.7222222222222
305,47157006600,132.12772881355932,101.0561797752809,877.4666666666667
306,47021070201,96.01834862385321,315.6111111111111,928.574074074074
307,47021070401,154.56614814814816,549.812350877193,462.7544705882353
308,47021070402,196.20316981132075,770.5178571428571,720.8916666666667
309,47157008120,137.8695652173913,452.3013698630137,949.9565217391304
310,47157008600,142.4835164835165,174.45283018867926,961.876404494382
311,47157008700,143.625,232.3235294117647,963.6865671641791
312,47157021620,102.81818181818181,192.39772727272728,734.3333333333334
313,47157021721,132.0196923076923,130.84020512820513,861.0728421052631
314,47119010802,97.79830120481928,405.9787878787879,925.7484848484848
315,47119010201,95.22865625000001,393.3006784810126,876.3461506493506
316,47119011002,90.65080563380282,364.6182336182336,856.4665754985756
317,47119010302,76.11406802721089,355.28688524590166,820.483870967742
318,47139950201,57.62618867924529,64.81065517241379,72.50657894736842
319,47155080101,129.71793548387097,806.3555555555556,534.0571428571428
320,47155080601,97.00021428571429,286.1111111111111,636.9216589861751
321,47043060502,209.88192248062015,887.6764705882352,879.0746268656717
322,47043060601,197.29728301886792,830.7566535947713,772.7837692307692
323,47157008800,147.15463917525773,266.2857142857143,982.0526315789474
324,47157008900,135.3230769230769,107.51162790697674,907.4754098360655
325,47157009100,150.0,270.7906976744186,992.2702702702703
326,47157021731,84.52012500000001,172.0965925925926,671.9572857142857
327,47157021741,136.5211267605634,141.52941176470588,929.2941176470588
328,47157021732,136.0,128.0,841.651172413793
329,47125100601,100.0,314.9347826086956,967.3913043478261
330,47125101902,100.0,796.7741935483871,982.5806451612904
331,47125102006,132.044776119403,655.7647058823529,933.0147058823529
332,47125101307,100.0,408.15625,948.15625
333,47155080102,114.81929559748427,764.0641025641025,449.125
334,47155080602,72.13170731707316,136.07911392405063,405.07878787878786
335,47125101202,98.17777777777778,378.5,957.8723404255319
336,47125101303,104.10958904109589,443.1232876712329,951.6164383561644
337,47125102005,98.48387096774194,458.06451612903226,959.3548387096774
338,47125102003,254.28571428571428,800.0,991.4285714285714
339,47157006700,138.43860674157304,379.2608695652174,945.9916818181817
340,47157009300,146.0374054054054,378.02702702702703,979.5945945945946
341,47157009400,150.0,392.85714285714283,993.1904761904761
342,47071920400,99.36,119.41304347826087,936.6036363636364
343,47071920600,22.354910714285715,40.556338028169016,27.991416309012877
344,47071920300,98.88128395061729,111.80898876404494,940.29375
345,47071920500,82.084,62.47089947089947,819.0339626168224
346,47071920100,72.76,56.744471744471745,420.7645631067961
347,47071920200,63.6120989010989,72.2176188605108,624.1714143302181
348,47157009500,146.3545043478261,355.359375,988.4434782608696
349,47157009600,126.17716853932585,324.021897810219,859.8620689655172
350,47063101200,96.46376811594203,1000.0,1000.0
351,47063100700,66.46013667425969,1000.0,1000.0
352,47063100300,100.87096774193549,1000.0,1000.0
353,47063100800,96.04980842911877,1000.0,1000.0
354,47063100600,102.40625,1000.0,1000.0
355,47063100500,95.15789473684211,1000.0,1000.0
356,47063101100,95.42424242424242,1000.0,1000.0
357,47063101000,68.15328467153284,1000.0,1000.0
358,47063100400,99.45098039215686,1000.0,1000.0
359,47063100100,99.72,994.1333333333333,999.6
360,47063100900,99.2,1000.0,1000.0
361,47063100200,100.03980099502488,1000.0,1000.0
362,47157021752,150.0,375.0,990.8235294117648
363,47157021751,137.39364705882352,328.3787878787879,875.2941176470588
364,47125100400,100.0,657.4888888888889,985.3333333333334
365,47065010800,1000.0,985.986301369863,985.5915492957746
366,47065011447,899.2191780821918,985.1917808219179,971.7777777777778
367,47065980200,716.6666666666666,997.4,882.0
368,47065980100,1000.0,668.5555555555555,779.0
369,47149040806,228.0287356321839,770.62,910.4444444444445
370,47149041102,244.6969696969697,925.258064516129,959.7
371,47149041202,227.0,835.1272727272727,868.5576923076923
372,47149041401,230.41666666666666,879.4615384615385,993.76
373,47149040305,214.96296296296296,895.1379310344828,894.9655172413793
374,47073050302,94.45106329113923,392.43949044585986,867.1345029239766
375,47149040105,954.421052631579,1000.0,1000.0
376,47149040501,254.1494252873563,902.9896907216495,907.0
377,47149040808,257.25324675324674,913.8294117647059,964.4069767441861
378,47149040303,250.0,929.5172413793103,996.1481481481482
379,47149040502,127.88777981651376,580.0512592592593,999.4036697247707
380,47149041201,241.20824615384615,558.343137254902,631.2421052631579
381,47149040809,229.46391666666668,936.98,956.64
382,47149041403,225.9591836734694,936.4722222222222,957.9166666666666
383,47149040304,233.390243902439,948.439024390244,951.390243902439
384,47157009700,146.0921052631579,354.26666666666665,999.2972972972973
385,47157009800,144.04536,319.56140350877195,949.5833333333334
386,47157010000,148.12025316455697,146.27848101265823,976.5189873417721
387,47149040904,246.9777777777778,803.7636363636364,900.265306122449
388,47149041402,250.0,918.2962962962963,953.9615384615385
389,47157010110,146.3835616438356,150.0,987.0
390,47157021420,128.75133333333335,194.05633802816902,970.2448979591836
391,47157021430,126.94520547945206,121.25882352941177,859.8266666666667
392,47157021754,143.71428571428572,143.38235294117646,932.6176470588235
393,47157021900,132.6290322580645,135.22413793103448,827.6961333333333
394,47157021753,140.89655172413794,185.41666666666666,988.5
395,47157006800,130.1860465116279,132.41860465116278,873.2093023255813
396,47157006900,139.625,131.47169811320754,926.8541666666666
397,47157007000,142.95,331.72727272727275,990.25
398,47157010210,147.9047619047619,150.0,989.0967741935484
399,47157010610,126.69961643835616,135.34285714285716,875.8768115942029
400,47157010620,127.17073170731707,139.69643243243243,908.8315675675675
401,47093006003,139.2,933.1666666666666,907.918918918919
402,47097050506,29.193021276595747,81.33333333333333,483.04615384615386
403,47157007100,146.86363636363637,137.41666666666666,965.7045454545455
404,47157007200,145.94117647058823,142.58823529411765,987.0
405,47157010710,128.03076923076924,135.66666666666666,921.4
406,47157010720,147.65625,144.3125,958.3870967741935
407,47157010810,145.47368421052633,148.58490566037736,953.6851851851852
408,47157010820,144.95744680851064,150.0,987.0
409,47037013202,240.33333333333334,999.7291666666666,999.7291666666666
410,47037013201,245.0,974.780487804878,998.7317073170732
411,47037018409,242.06666666666666,987.0,974.1166666666667
412,47037018410,340.57142857142856,991.0625,991.875
413,47037015803,214.5,824.7946666666667,824.7946666666667
414,47157011010,150.0,150.0,987.0
415,47037015804,500.0,992.5714285714286,993.1904761904761
416,47037015629,147.21428571428572,485.3333333333333,485.6333333333333
417,47125101500,87.77946391752577,280.97,722.6863636363636
418,47125101103,100.0,539.8125,961.6875
419,47125100900,100.0,310.9047619047619,940.7460317460317
420,47125101102,152.24719101123594,488.03370786516854,960.9887640449438
421,47125101802,97.57277419354838,364.04347826086956,927.354054054054
422,47125101600,98.83256470588235,383.3333333333333,943.8823529411765
423,47125101700,71.76097916666667,180.64301276595745,497.4912125984252
424,47125101400,43.98000000000002,784.64,940.1153846153846
425,47125100100,100.0,335.3974358974359,944.7179487179487
426,47125100500,100.0,372.74626865671644,974.0298507462686
427,47157011020,90.328125,138.46153846153845,755.1851851851852
428,47157020400,73.69047619047619,46.27067669172932,96.78571428571429
429,47037015626,239.65217391304347,923.3846153846154,925.3461538461538
430,47037015628,156.0,559.2727272727273,645.6363636363636
431,47165021106,213.94230769230768,938.98,959.7
432,47093005401,122.13068181818181,635.680412371134,470.34965034965035
433,47093005604,134.76139130434782,809.6111111111111,628.5510204081633
434,47093004403,129.6086956521739,944.7849462365591,909.030303030303
435,47093005710,132.19230769230768,611.265306122449,576.7142857142857
436,47093006208,553.3583333333333,815.2714285714286,739.7777777777778
437,47093005812,370.07936507936506,447.265625,945.234375
438,47093004611,147.02907692307693,727.1428571428571,794.2282608695652
439,47093005904,451.64835164835165,575.6067415730337,892.7628865979382
440,47093005808,797.5,780.0,975.0864197530864
441,47093006205,815.8139534883721,974.6046511627907,977.0227272727273
442,47093005906,138.15,823.8823529411765,454.5483870967742
443,47093005712,146.73239436619718,980.1388888888889,916.4935064935065
444,47093006001,139.3846153846154,989.3947368421053,965.95
445,47093006900,115.19354838709677,731.7210526315789,671.7407407407408
446,47093005811,770.5882352941177,810.1960784313726,985.8823529411765
447,47093006206,115.45945945945945,689.7948717948718,613.1363636363636
448,47093005706,120.28378378378379,795.2658227848101,837.7882352941176
449,47011011500,142.1032258064516,536.3103448275862,931.2470238095239
450,47093007000,136.53694117647058,876.5472079207921,840.7009345794393
451,47157020511,135.33333333333334,104.64,957.2727272727273
452,47157020541,131.81273684210527,128.275,905.5915492957746
453,47157020542,93.77304347826087,92.65789473684211,845.5055833333332
454,47153060200,169.3548387096774,402.32,680.3107569721116
455,47011010200,124.16107382550335,472.48322147651004,962.1476510067114
456,47011010600,145.68345323741008,434.43884892086334,966.3309352517986
457,47011011201,106.72052401746726,421.2008733624454,897.6882845188285
458,47011011202,116.3,464.8059701492537,955.3333333333334
459,47011010300,110.8433734939759,421.5301204819277,965.144578313253
460,47011010100,129.03225806451613,419.35483870967744,960.0
461,47011011300,111.83064516129032,365.42015189873416,858.859793548387
462,47011011000,106.39285714285714,435.7214285714286,982.8571428571429
463,47011011100,85.94256221198157,401.47511312217193,809.056338028169
464,47011010500,135.79545454545453,423.8636363636364,973.75
465,47011010900,95.56880733944953,398.091743119266,949.7142857142857
466,47011010700,114.51612903225806,409.6774193548387,967.0967741935484
467,47167040100,93.10810810810811,89.1025641025641,95.45454545454545
468,47167040400,16.15714285714286,49.56097142857143,753.9383561643835
469,47167041000,114.35922330097087,56.53398058252427,356.45631067961165
470,47167040900,33.07843137254902,4.673076923076923,171.21311475409837
471,47167040500,96.12854054054054,105.89380530973452,692.2962962962963
472,47167040200,35.45348837209303,46.5,347.17021276595744
473,47165020204,211.6817619047619,826.9468571428571,863.4734285714285
474,47157006500,119.9715918367347,112.66666666666667,816.0659999999998
475,47157980200,5.9524,7.07072,51.598608695652175
476,47169090100,164.1348076923077,429.4621988304093,824.5204918032787
477,47169090200,219.5934418604651,873.9476744186046,891.5113636363636
478,47165020503,229.8009,792.3076923076923,799.609756097561
479,47165020101,1000.0,1000.0,1000.0
480,47165020602,516.0565217391304,876.795731707317,938.2960893854748
481,47165020203,192.2392888888889,721.3913043478261,698.030612244898
482,47165020207,210.84,874.1538461538462,874.4230769230769
483,47165020206,222.5857142857143,906.2018888888889,881.709945945946
484,47165020404,235.25757575757575,987.0,987.0
485,47165021005,205.07647058823528,944.4226206896551,936.8640888888889
486,47165021004,266.6190476190476,818.7386363636364,824.9444444444445
487,47165020903,253.9788732394366,891.6987179487179,931.7402597402597
488,47165021107,246.1320754716981,962.1851851851852,998.7735849056604
489,47165021008,244.92304761904762,951.0,953.5813953488372
490,47165020405,241.125,949.4230769230769,917.1851851851852
491,47065011203,844.6666666666666,932.0338983050848,931.8644067796611
492,47165020502,270.9339622641509,875.8983050847457,912.483606557377
493,47165020603,172.11475409836066,713.615365079365,793.6383283582089
494,47101970200,71.93620323325635,283.19158878504675,765.2649082568807
495,47101970100,20.88904347826087,73.31460674157303,332.93140794223825
496,47127930200,90.17196850393701,190.15481171548117,261.45064377682405
497,47065011444,907.9082105263158,947.6896551724138,962.4629629629629
498,47065000600,1000.0,990.5510204081633,999.7319587628866
499,47065010304,905.5555555555555,988.7386363636364,987.4825581395348
500,47065010201,913.768115942029,998.0410958904109,998.4927536231884
501,47065010434,915.0,998.7,978.94
502,47065010202,935.7777777777778,966.3898305084746,957.948275862069
503,47065011323,944.5652173913044,999.7045454545455,999.7111111111111
504,47065012400,956.3362831858407,973.5752212389381,965.1681415929204
505,47165020403,230.54166666666666,901.7578823529411,875.3857142857142
506,47165021105,210.83333333333334,904.6901481481481,961.5605185185185
507,47165021204,228.22594444444445,908.5151515151515,926.6969696969697
508,47165021007,219.640625,993.2758620689655,997.4
509,47165020102,993.3384533333332,1000.0,1000.0
510,47165020407,224.75558333333333,933.6666666666666,972.5370370370371
511,47165020601,583.015625,977.8990384615385,978.8333333333334
512,47165020209,528.57072,835.0333333333333,808.8709677419355
513,47165020208,253.2716595744681,820.2884615384615,784.8653846153846
514,47165020205,233.0,924.639344262295,927.6935483870968
515,47149040600,147.83058823529413,657.8571428571429,743.8471074380166
516,47165021006,225.14789743589745,916.4054054054054,892.7236842105264
517,47165020406,238.45238095238096,988.2380952380952,988.547619047619
518,47117955200,63.33928822055138,273.39444743935303,640.8364405797101
519,47117955100,63.47653429602888,325.93333333333334,634.2686249999999
520,47117955000,204.32291666666666,334.60069444444446,407.68402777777777
521,47117955300,100.0,410.5263157894737,942.1052631578947
522,47117955500,17.378497354497355,65.87724937027708,111.77493606138107
523,47019071500,42.19135802469136,69.38372093023256,120.05995238095241
524,47187050800,223.98529411764707,941.7857142857143,950.5467625899281
525,47149042000,310.8095238095238,828.7464788732394,890.4545454545455
526,47149041800,166.95203921568628,500.3112582781457,645.101918699187
527,47149040403,236.09375,900.2403846153846,966.5784313725491
528,47149042100,249.8190476190476,788.484375,935.0818181818182
529,47149041000,230.85624242424242,912.82,941.3786407766991
530,47149040200,797.1929824561404,835.271186440678,805.5666666666667
531,47093005905,121.96296296296296,591.7916666666666,656.3783783783783
532,47149040302,239.625,877.0380434782609,989.7682926829268
533,47187050502,142.12742342342344,632.9318181818181,493.42578125
534,47149041500,250.0,197.8695652173913,456.44444444444446
535,47149041600,324.136,872.031746031746,889.216
536,47149041700,242.83333333333334,873.8265306122449,951.695652173913
537,47149041900,470.24,924.75,942.9607843137255
538,47143975402,123.0091743119266,420.8715596330275,927.6330275229358
539,47093005707,230.76612903225808,631.5431034482758,732.527027027027
540,47093005908,130.7462686567164,860.4852941176471,726.109756097561
541,47093006103,142.58823529411765,968.4807692307693,949.8301886792453
542,47093005903,280.8235294117647,873.7333333333333,734.0526315789474
543,47093005907,124.16441379310345,990.12,709.2857142857143
544,47093006402,230.38202247191012,946.2696629213483,870.204081632653
545,47093006302,164.7741935483871,789.3125,794.1012658227849
546,47093006501,137.1875,946.9460618556701,792.3189655172414
547,47093006301,575.1621621621622,813.0133333333333,744.9111111111112
548,47093005708,657.6923076923077,660.5384615384615,984.1538461538462
549,47093005813,743.395061728395,747.0,971.3827160493827
550,47043060200,167.8829090909091,501.4047955801105,419.85714285714283
551,47065002500,975.8707482993198,979.7084533333332,986.2382972972972
552,47065010413,869.2307692307693,998.9387755102041,999.4468085106383
553,47065011201,598.360119047619,928.0900621118012,938.7420382165606
554,47043060700,166.4551654676259,720.8964307692307,616.6872052980132
555,47043060300,214.31758083832335,797.3031914893617,739.266512562814
556,47043060100,199.58868376068375,151.5135294117647,83.08451485148515
557,47037011500,243.81578947368422,987.4868421052631,987.4868421052631
558,47037015300,268.1506849315069,913.9733333333334,939.917808219178
559,47037018601,250.0,993.5,993.8421052631579
560,47037013000,90.31818181818181,144.34782608695653,185.5
561,47037010903,268.54696296296294,961.4642857142857,933.6206896551724
562,47037015401,275.3285714285714,965.75,966.7348484848485
563,47037980200,34.620347826086956,156.96672727272727,165.55763636363636
564,47037013100,212.12897777777778,925.5555555555555,926.5555555555555
565,47037015619,651.7857142857143,998.6071428571429,1000.0
566,47037015609,368.70588235294116,888.2894736842105,890.3421052631579
567,47037015405,356.6060606060606,961.9428571428572,964.5428571428571
568,47037019112,239.91304347826087,989.2608695652174,957.0
569,47037018407,295.04347826086956,989.1666666666666,989.7083333333334
570,47037011700,237.11708860759492,958.5,973.4140127388536
571,47037018404,190.0344827586207,897.1666666666666,896.7333333333333
572,47037012801,421.3768115942029,968.7866666666666,957.0394736842105
573,47037011600,250.0,989.8166666666667,997.1833333333333
574,47037018500,251.58105882352942,959.0388349514564,971.6470588235294
575,47037019111,250.0,960.36,921.12
576,47037010901,237.4938947368421,994.5833333333334,999.6388888888889
577,47037015617,221.0,994.8,995.32
578,47037018000,234.7605633802817,938.1986301369863,944.3561643835617
579,47037012701,250.6122448979592,951.625,954.75
580,47037015610,301.53333333333336,948.9772727272727,951.4782608695652
581,47037018408,377.8125,991.3333333333334,991.3333333333334
582,47037015615,232.8148148148148,924.6551724137931,959.5862068965517
583,47037018201,285.4035087719298,997.3518518518518,999.2777777777778
584,47037018405,229.11111111111111,945.6363636363636,967.5
585,47093005704,132.6417910447761,929.6470588235294,791.719512195122
586,47047060501,136.52305454545456,174.07828571428573,803.1869565217391
587,47037010501,235.56209150326796,940.940051948052,949.2049548387098
588,47037010502,242.73333333333332,950.6555555555556,968.5
589,47037011200,247.34848484848484,999.8030303030303,999.8030303030303
590,47037011800,247.22471910112358,986.3555555555556,997.5444444444445
591,47037011900,238.62307692307692,921.3923076923077,952.9765625
592,47183968600,170.440758974359,153.375,647.8436894977168
593,47183968500,88.88149056603774,141.0909090909091,589.5908767123287
594,47183968700,245.9349593495935,169.81632653061226,238.16666666666666
595,47183968000,158.6869677419355,148.55542068965516,25.984126984126984
596,47183968400,19.842105263157894,24.0,307.54046242774564
597,47183968300,56.58720930232558,114.52863436123349,405.56
598,47037012100,244.5287356321839,983.7816091954023,988.7126436781609
599,47037012200,241.5090909090909,990.9,991.1363636363636
600,47093003000,150.0,997.6888888888889,917.469387755102
601,47093002000,150.0,994.9019607843137,976.4326923076923
602,47093004300,127.78947368421052,746.8620689655172,568.8333333333334
603,47093001500,143.52903816793892,944.5005496183205,932.9776119402985
604,47093002900,143.28378378378378,942.3071466666665,857.9294117647058
605,47093002300,139.41509433962264,935.5,860.7931034482758
606,47093004700,144.7076923076923,993.2537313432836,860.379746835443
607,47093004401,139.5375,983.125,939.5434782608696
608,47093006102,121.53333333333333,701.8688524590164,643.3823529411765
609,47093005201,127.80952380952381,914.9692307692308,889.4117647058823
610,47093000800,134.76394520547944,895.147506849315,770.9176470588235
611,47093002200,146.07042253521126,976.112676056338,855.3975903614457
612,47093005803,440.38461538461536,543.1153846153846,933.925925925926
613,47093004500,147.9591836734694,998.2156862745098,909.2678571428571
614,47093006203,488.71153846153845,942.9038461538462,928.5964912280701
615,47093003500,134.29536,891.9207920792079,654.3642857142858
616,47093003100,140.8,948.2558139534884,747.2363636363636
617,47093005202,131.1627906976744,844.120253164557,624.7757009345794
618,47093002400,135.33620689655172,883.2477876106195,825.546875
619,47093002800,146.4878048780488,952.4791325301204,775.4803921568628
620,47093005000,141.80555555555554,979.7222222222222,934.171052631579
621,47093005602,136.90769230769232,815.8809523809524,779.6363636363636
622,47093003400,148.1095890410959,995.3698630136986,935.1923076923077
623,47147080500,141.81596396396395,589.7112897196259,574.3411214953271
624,47047060600,98.89159183673469,70.31594146341463,645.8373983739838
625,47047060300,121.07911627906977,90.756,720.6902173913044
626,47147080700,86.21014285714286,281.666075,641.8070444444444
627,47147080101,129.91683333333333,652.9379999999999,426.81298203592814
628,47147080401,236.18023255813952,884.6720430107526,850.0260416666666
629,47147080402,228.26713513513513,910.8441558441558,923.9473684210526
630,47047060800,454.2483684210527,48.973118279569896,238.14754098360655
631,47037012600,327.3818181818182,997.2631578947369,997.2631578947369
632,47037012802,308.08196721311475,844.3809523809524,832.375
633,47037013500,572.9084556962025,986.7564102564103,986.7564102564103
634,47037015618,245.26530612244898,972.9387755102041,979.8163265306123
635,47037015802,274.22727272727275,863.8913043478261,890.6304347826087
636,47037017401,233.06,951.1666666666666,999.4347826086956
637,47037017402,239.95833333333334,987.0,998.8936170212766
638,47037018101,230.54347826086956,893.4418723404254,859.766
639,47093001400,140.3360655737705,954.7868852459017,924.5396825396825
640,47093001700,143.73033707865167,944.4318181818181,904.8478260869565
641,47047060502,100.19548936170213,107.26168224299066,598.1666666666666
642,47047060403,126.50730909090909,105.6686046511628,825.1711711711712
643,47047060401,136.4558823529412,232.99,890.5961538461538
644,47047060402,122.00704225352112,296.2952380952381,872.1756756756756
645,47047060702,115.83712149532711,215.97794117647058,816.991452991453
646,47089070600,87.53846153846153,107.61538461538461,831.5096525096525
647,47047060701,104.11433766233766,91.10909090909091,791.7297297297297
648,47047060404,135.1,255.9640287769784,882.734693877551
649,47037013700,487.6117297297297,937.8783636363635,948.1331168831168
650,47037013800,353.6847826086956,971.2123478260869,977.7123478260869
651,47037013900,403.2381935483871,966.7582222222221,983.9328253968254
652,47037016000,357.3481012658228,817.879746835443,807.0506329113924
653,47037016200,255.27717391304347,860.3899784946236,871.0136344086021
654,47037016100,189.96791011235956,834.011911111111,834.2089333333332
655,47037018401,258.75,995.4117647058823,995.9142857142857
656,47037018901,241.5,923.551724137931,959.4137931034483
657,47037018902,250.0,995.6666666666666,998.4242424242424
658,47037018203,243.55555555555554,961.3333333333334,963.0833333333334
659,47037018602,242.0,995.2105263157895,995.8947368421053
660,47037018700,206.89333333333335,860.1590270270269,875.7302162162161
661,47089070400,45.61768306010929,59.68648648648649,280.84016393442624
662,47089070700,60.972809667673715,101.10876132930514,549.7432024169184
663,47089070100,69.99358974358974,88.0673076923077,649.9198717948718
664,47089070300,89.98653198653199,108.86531986531986,865.8888888888889
665,47089070200,47.54913294797688,73.70520231213872,414.4566473988439
666,47089070900,8.913544668587896,24.829396325459317,64.88713910761155
667,47089070800,63.07505806451613,267.1576855345912,428.6948640483384
668,47089070500,87.78312408759125,618.3162644628098,368.828431372549
669,47187050602,227.4762739726027,847.7367466666666,832.7699030837003
670,47139950202,104.55188235294118,125.18100699300697,148.55324307692305
671,47093001600,141.17741935483872,966.7868852459017,953.21875
672,47037010701,240.53061224489795,953.78,979.66
673,47029980100,75.384,150.0,87.42857142857143
674,47037014200,295.4299487179487,755.29845,755.2643
675,47037014300,761.6976744186046,999.5568181818181,999.7045454545455
676,47037014800,221.98249056603774,862.1253333333333,862.1253333333333
677,47037016300,213.81617647058823,925.5217391304348,942.8695652173913
678,47093004200,143.83098591549296,986.0845070422536,972.5
679,47093000901,72.3,380.1875,304.7
680,47093004608,136.125,968.9375,838.2702702702703
681,47093005501,128.03225806451613,765.25,716.9876543209876
682,47093003802,128.46341463414635,822.4878048780488,690.0588235294117
683,47093003902,141.0,978.3913043478261,918.6122448979592
684,47093005402,129.57065217391303,786.8965517241379,406.4022988505747
685,47019071600,61.90760869565217,117.21428571428571,343.6127819548872
686,47019070300,101.04712041884817,404.046875,935.6015625
687,47037015100,218.13554098360655,861.9197966101694,831.0559999999998
688,47037016400,226.96,915.7058823529412,955.8461538461538
689,47019071100,99.15730337078652,400.0,940.0
690,47019071300,97.32051282051282,393.4181034482759,924.7639484978541
691,47019070800,100.67699115044248,371.7391304347826,865.0862068965517
692,47019070500,112.71238938053098,300.6454545454545,648.3558558558559
693,47019070100,99.77064220183486,396.5596330275229,931.651376146789
694,47019071000,99.875,396.84684684684686,931.9642857142857
695,47053966200,220.33888000000002,147.49115044247787,940.3644444444444
696,47053966400,132.99589433962262,197.2793103448276,703.6689104477612
697,47053967100,116.59513450292398,100.81702127659574,991.9074889867842
698,47053966600,254.4685263157895,122.81318681318682,997.3626373626373
699,47053967300,1000.0,1000.0,1000.0
700,47053966100,198.93627450980392,177.9871244635193,697.0666666666667
701,47053966700,221.58122807017526,83.3953488372093,787.7125
702,47053966800,984.2640629921259,893.9130434782609,932.7272727272727
703,47053966900,83.79761904761905,78.53990610328638,805.4237288135594
704,47053967000,92.14989380530973,77.71024734982332,935.6236275303645
705,47053966500,98.8086440677966,266.4470588235294,910.2500728744939
706,47053966300,306.4471282051282,37.77777777777778,455.5432098765432
707,47037015200,316.1764705882353,961.1764705882352,971.1176470588235
708,47037015402,250.0,993.7954545454545,999.1136363636364
709,47037016500,202.56730769230768,477.3818181818182,512.5272727272727
710,47093001800,145.8679245283019,987.0,970.1320754716982
711,47093001900,135.96362264150943,914.7270943396227,851.7719298245614
712,47093002700,132.69811764705884,920.7145060240964,830.0526315789474
713,47037019108,250.0,987.0,995.3571428571429
714,47037015501,243.38709677419354,987.8666666666667,959.1666666666666
715,47037019003,221.3846153846154,876.0,917.0
716,47093000100,73.23913043478261,452.85714285714283,431.62608695652176
717,47093003200,135.33773913043478,902.9850746268656,806.88
718,47093003700,128.75,864.3076923076923,754.8441558441558
719,47093004000,142.62222222222223,981.8181818181819,846.4615384615385
720,47093004606,150.0,981.3448275862069,964.9661016949152
721,47093004900,140.725,990.2073170731708,807.22
722,47093005100,140.95505617977528,949.2840909090909,742.1315789473684
723,47093005701,135.64,878.2298850574713,558.7883211678832
724,47187050907,185.39823655913978,841.528676056338,856.1624788732395
725,47187050103,136.24026446280993,570.2647058823529,557.1984732824427
726,47037016600,232.15217391304347,792.796875,805.2063492063492
727,47037016800,349.2604166666667,974.3936170212766,974.7446808510638
728,47037019110,242.0,992.6333333333333,994.3666666666667
729,47187050101,617.8,857.5454545454545,851.5585585585585
730,47187050307,131.04466666666667,630.6301369863014,627.3472222222222
731,47187050208,181.99131578947367,853.526,858.6857142857143
732,47187050306,183.5,839.625,839.625
733,47187051201,79.67169590643275,288.74175824175825,343.0541871921182
734,47187050702,247.27864150943395,916.5961538461538,955.8461538461538
735,47187050406,250.65853658536585,940.375,942.0
736,47187050904,210.20338983050848,855.728813559322,878.7457627118644
737,47187050303,236.34375,987.0,987.448275862069
738,47187050305,214.21875,923.5333333333333,923.5333333333333
739,47187050405,189.54166666666666,919.8888888888889,849.0988571428571
740,47187050403,210.83333333333334,924.1333333333333,919.2142857142857
741,47187050404,220.97825641025642,946.1159420289855,946.8970588235294
742,47187050601,227.97297297297297,884.6954520547945,859.0927123287671
743,47043060402,128.977125,517.3169943502825,480.67034554973816
744,47187051202,128.08428368794324,729.3413793103448,972.7438596491228
745,47187050503,176.251677852349,702.2517631578947,621.1925086705203
746,47043060602,190.75390291262138,753.0909864253395,696.476350877193
747,47043060401,201.26190476190476,776.4786324786324,746.6904761904761
748,47043060501,233.5575828877005,850.625,810.1268656716418
749,47149041302,247.27058823529413,958.3411764705883,965.1882352941177
750,47149040805,581.0833333333334,741.05,807.25
751,47149040903,256.8292682926829,931.8314606741573,988.1162790697674
752,47189030600,100.0,314.14141414141415,985.4545454545455
753,47149042200,170.25662068965516,605.2611940298508,613.3604651162791
754,47149040902,259.83892617449663,912.36,945.182119205298
755,47037019105,268.56096551724136,989.84375,990.25
756,47037019106,237.78947368421052,988.2380952380952,988.2380952380952
757,47037015502,243.21428571428572,912.8965517241379,934.8793103448276
758,47037017100,232.0408163265306,846.18,846.16
759,47037016900,235.88188976377953,991.888,999.688
760,47189030901,748.3913043478261,978.9821428571429,973.8508771929825
761,47189030304,910.40625,999.1612903225806,999.3389830508474
762,47189030500,99.38888888888889,317.53472222222223,951.9791666666666
763,47189030700,99.20388349514563,304.126213592233,943.495145631068
764,47189031000,31.3996715542522,106.35257954545455,690.4187192118227
765,47189030202,132.94847328244273,443.72433460076047,943.2015209125475
766,47187050908,245.48181818181817,936.6636363636363,938.6875
767,47139950400,78.2567037037037,43.398625,43.658854166666664
768,47139950100,83.88078873239436,56.851851851851855,45.503884057971014
769,47139950300,98.72450602409639,128.75426666666667,211.89178666666666
770,47041920102,49.21761658031088,260.9476439790576,258.2746113989637
771,47041920101,79.4494382022472,499.69879518072287,594.8317757009346
772,47187051002,250.01841666666667,805.2456326530611,846.087486238532
773,47187050909,270.66071641791046,813.3205128205128,889.5068493150685
774,47109930100,71.41998518518518,80.8070652173913,706.1441186440677
775,47109930500,97.43207017543858,100.35282651072124,751.7800686274511
776,47109930200,201.4758918918919,54.098214285714285,320.1333333333333
777,47109930700,89.14632727272728,93.71153846153847,119.85082872928177
778,47109930300,73.9914862385321,61.497126436781606,361.96632124352334
779,47109930400,38.62408759124087,64.86338797814207,362.65394871794877
780,47109930600,15.76582608695653,57.034129692832764,25.730994152046783
781,47009011602,119.7169710982659,563.6363636363636,891.7621621621622
782,47031970802,102.72781065088758,400.9240837696335,806.5445292620865
783,47075930301,222.88364516129033,117.71428571428571,764.3623188405797
784,47075930302,143.82716049382717,193.9512195121951,950.3703703703703
785,47039955001,13.574850299401197,17.43820224719101,79.04787234042553
786,47039955101,71.25,85.0,699.5987654320987
787,47001980100,60.9375,331.25600000000003,16.83582089552239
788,47117955400,98.42657342657343,411.74825174825173,941.6901408450705
789,47001020202,98.0936347826087,737.1715505617977,437.31612903225806
790,47001020201,110.64285714285714,837.0526315789474,379.32142857142856
791,47065011100,973.2442748091603,977.820895522388,984.3863636363636
792,47007953100,13.20388349514563,397.66990291262135,549.8333333333334
793,47007953000,18.133723076923076,304.4555984555985,407.5945945945946
794,47007953200,10.0,111.0204081632653,137.9591836734694
795,47009010600,100.78740157480316,147.30708661417322,972.496062992126
796,47009010700,100.48076923076923,136.79807692307693,989.0384615384615
797,47009010200,99.31272727272727,135.86080586080587,946.7054545454546
798,47009010100,100.0,124.65608465608466,951.4285714285714
799,47009011102,100.34965034965035,132.12587412587413,960.3776223776224
800,47009010500,100.0,126.8267716535433,950.7637795275591
801,47009011200,100.37057220708446,188.9836956521739,946.3550135501355
802,47009010400,109.575,293.82730923694777,759.8372093023256
803,47009011101,100.18947368421053,157.17021276595744,956.6526315789474
804,47009010900,100.75187969924812,136.05839416058393,922.4817518248175
805,47009010800,100.0,120.0,973.2727272727273
806,47065011600,966.4251636363635,990.5615272727273,990.2364036697247
807,47065011402,990.2298850574713,989.5955056179776,989.5955056179776
808,47065011413,954.6666666666666,961.1025641025641,949.9625
809,47065011314,975.7142857142857,971.7142857142857,1000.0
810,47093006403,141.8181818181818,958.2424242424242,907.6857142857143
811,47093004609,123.35185185185185,973.0,800.1076923076923
812,47093005807,337.775,743.6052631578947,811.304347826087
813,47093005809,814.7058823529412,767.0588235294117,985.0
814,47093004614,146.2962962962963,964.7142857142857,931.0689655172414
815,47093005709,150.0,279.40909090909093,988.5
816,47093005711,141.13953488372093,947.3333333333334,857.36
817,47167040602,80.47704761904762,85.2009,656.6594999999999
818,47093006700,119.34322033898304,727.6525423728814,615.3802816901408
819,47039955102,8.906103286384976,16.11382113821138,47.47083333333333
820,47039955002,80.88520408163265,101.89974293059126,758.9974489795918
821,47053967400,140.0660771513353,47.42857142857143,323.1898395721925
822,47053980100,94.69643243243243,58.13427561837456,889.7837837837837
823,47167040302,105.7936507936508,80.44571428571429,162.16806722689077
824,47167040601,92.14709278350516,120.19922891566266,822.511908045977
825,47167040700,139.1095890410959,139.13422818791946,903.5906040268457
826,47167040800,75.25,105.90384615384616,314.75471698113205
827,47179061602,127.14013793103447,141.12663755458516,190.48491379310346
828,47179061901,116.87992831541219,130.0018315018315,187.47864768683274
829,47179061402,124.27173913043478,154.54360465116278,255.96285714285713
830,47179060502,131.51171875,146.01626016260164,215.03225806451613
831,47179061601,106.75,124.0,164.45652173913044
832,47179061702,111.54239534883722,141.30714285714285,332.01408450704224
833,47179060501,115.77898550724638,144.32432432432432,297.91964285714283
834,47179061701,125.41441441441441,140.10550458715596,183.27981651376146
835,47179061401,132.51270921985815,164.18965517241378,266.4113475177305
836,47179061902,95.58163265306122,116.00568181818181,161.85955056179776
837,47179062000,105.52592592592593,354.6511627906977,1000.0
838,47183968101,96.27672955974843,282.962962962963,932.3544303797469
839,47157000700,138.01182352941177,184.06060606060606,979.7538461538461
840,47157000800,131.70933333333335,138.11320754716982,948.52
841,47157000900,128.98991304347825,110.12658227848101,935.7142857142857
842,47107970102,48.59734104046243,70.80627083333333,78.02317880794702
843,47107970101,40.413562913907285,51.12434862385321,56.288
844,47107970401,129.79591836734693,298.2676767676768,442.42148760330576
845,47107970402,135.84742857142857,181.24667586206897,457.89502762430936
846,47161110700,136.12447337278107,179.18506951871657,762.4757905759163
847,47183968102,57.74683544303797,138.20689655172413,486.6181818181818
848,47183968201,78.08970099667773,209.4375,705.8881355932203
849,47183968203,98.15384615384616,639.2307692307693,991.6923076923077
850,47183968202,96.38095238095238,286.85714285714283,930.8536585365854
851,47147080104,210.56754838709676,921.7765333333333,735.5572519083969
852,47147080604,235.12244897959184,874.6078431372549,874.8627450980392
853,47147080301,203.47619047619048,866.843137254902,872.2156862745098
854,47147080606,251.63636363636363,952.4634146341464,944.5060240963855
855,47147080302,217.88362068965517,858.6757685950413,841.8564
856,47147080603,182.13131707317072,703.8470588235294,901.9529411764706
857,47147080103,235.1451612903226,950.7549019607843,943.9854368932039
858,47147080605,219.11706666666666,939.0121951219512,895.9883720930233
859,47013951000,129.79090909090908,112.02,75.23
860,47037017902,230.08695652173913,951.1395348837209,951.7441860465116
861,47013950500,133.70909090909092,141.74011299435028,189.9059829059829
862,47013951100,125.80357281553398,142.18561538461537,178.35353535353536
863,47013950200,50.0,56.08441558441559,205.1103896103896
864,47013950700,142.03954285714286,137.01351351351352,550.7668711656441
865,47013950400,121.18741666666666,424.75917117117115,240.04308390022675
866,47013950600,140.55194805194805,151.02848101265823,487.41340782122904
867,47013950100,35.80707317073171,37.01276190476191,30.39252336448598
868,47027955000,494.1834061135371,582.5677966101695,522.4427860696518
869,47013950800,110.39240506329114,110.48701298701299,105.64375
870,47013950900,115.1470588235294,113.36,119.3305785123967
871,47013950300,30.066936708860766,42.0,48.74860335195531
872,47027955100,749.719298245614,850.448275862069,846.1190476190476
873,47051960400,216.48414057507986,649.8066825775657,657.8663484486874
874,47051960600,179.6828425531914,382.38740920096853,385.9123222748815
875,47051960500,214.10645161290321,667.741116751269,675.4873096446701
876,47051960100,169.08,229.19543147208122,240.10913705583755
877,47051960300,234.98245614035088,266.8172588832487,271.73333333333335
878,47051960700,85.25244720496895,239.1938372093023,710.7016432432432
879,47051960800,18.667757575757577,56.48979591836735,50.09361702127659
880,47059090300,101.18143459915612,108.33333333333333,862.3587570621469
881,47059090700,97.51282051282051,100.07692307692308,875.4503816793894
882,47059090500,110.79207920792079,123.3069306930693,931.0571428571428
883,47059091100,83.63829787234043,91.1063829787234,730.854938271605
884,47059090900,91.42857142857143,100.71428571428571,889.0502512562814
885,47059091000,104.69576719576719,111.97089947089947,807.9239130434783
886,47059090400,112.09424083769633,119.73821989528795,884.59375
887,47059090800,110.1526717557252,127.90839694656489,937.6986849315068
888,47059090200,89.97005988023952,93.68263473053892,816.9626168224299
889,47059091300,88.45565749235475,99.96941896024465,830.9590517241379
890,47059091200,90.5940594059406,102.14521452145215,821.4375
891,47059091400,78.34808259587021,87.8023598820059,783.756038647343
892,47059091500,74.6,83.76363636363637,631.0095541401274
893,47059090600,105.17676767676768,114.0909090909091,922.6480263157895
894,47059090100,87.5164113785558,95.76586433260394,858.875
895,47083120200,9.03804347826087,20.2,648.478947368421
896,47083120100,7.741379310344827,14.996062992125983,153.41501976284584
897,47083120300,13.144329896907216,19.263157894736842,407.3567251461988
898,47157020512,137.14979104477612,149.13793103448276,930.8650793650794
899,47157021351,137.06756756756758,176.4732824427481,926.36
900,47157020642,147.80555555555554,522.3504273504274,975.3831775700935
901,47157021540,139.94382481751825,406.0548780487805,985.3055555555555
902,47157005500,118.6431,141.2544705882353,942.8955223880597
903,47037010201,241.55555555555554,976.6792452830189,976.188679245283
904,47095960200,40.38304,83.76667768595041,1000.0
905,47095960100,46.696969696969695,109.01315789473684,1000.0
906,47087960400,160.19565217391303,257.7708333333333,587.1666666666666
907,47087960200,92.11428571428571,296.8857142857143,356.75531914893617
908,47087960100,49.5406976744186,151.71764705882353,356.44117647058823
909,47087960300,193.73888888888888,501.93048128342247,680.6984126984127
910,47037015627,250.0,889.55,891.5
911,47037015623,226.3875,823.7948717948718,871.8717948717949
912,47037980100,75.90377777777778,402.0268,324.79545454545456
913,47037019116,277.57894736842104,947.8421052631579,949.8947368421053
914,47037019115,250.0,996.6296296296297,997.1111111111111
915,47037019005,250.0,989.7857142857143,1000.0
916,47037019600,163.90537777777777,583.7565365853659,570.4122439024391
917,47037019300,118.12070886075949,501.0182926829268,495.0
918,47009011002,100.0,142.56410256410257,942.3076923076923
919,47009010301,101.63223140495867,154.48559670781893,910.1547619047619
920,47009010302,97.7620320855615,118.24202127659575,918.5145888594164
921,47009011001,101.86567164179104,178.1851851851852,955.7111111111111
922,47009011301,97.24460431654676,127.47857142857143,905.9285714285714
923,47009011302,89.06988461538461,85.02158273381295,630.8661971830986
924,47009011401,125.54852525252525,212.1574827586207,211.30107526881721
925,47009011604,109.18174193548387,431.76229508196724,799.9652777777778
926,47009011402,96.3961978021978,115.908101010101,283.5387453874539
927,47009011503,96.34836994219653,285.95142857142855,749.074074074074
928,47009011603,114.51997740112995,590.497512437811,555.5578512396694
929,47009011605,126.04545454545455,652.0449438202247,694.9747899159664
930,47009980200,1.8144000000000002,25.0,6.410958904109589
931,47009011501,58.38461538461539,43.964285714285715,123.49717514124293
932,47031971000,99.54608294930875,787.4549549549549,976.9594594594595
933,47103975601,126.0990099009901,735.9243697478992,725.5042016806723
934,47103975602,143.14446153846154,552.3382352941177,556.8014705882352
935,47031970100,52.827302013422816,125.8663101604278,634.936170212766
936,47031970600,97.7408163265306,290.88709677419354,940.6469387755102
937,47031970700,46.91428571428571,99.04444444444445,830.183486238532
938,47031970300,33.59375,76.38461538461539,725.3333333333334
939,47031970200,67.54608294930875,199.2716894977169,688.5377534246575
940,47031970400,98.52363934426229,281.38759689922483,818.6267605633802
941,47031970900,100.0,683.8038277511962,969.7846889952153
942,47149040807,225.92708333333334,872.4464285714286,979.2156862745098
943,47051960202,114.84593181818181,390.0795698924731,508.79035639412996
944,47051960201,115.65581395348838,397.5,689.5551181102362
945,47189030305,987.5,984.1666666666666,984.1666666666666
946,47189030101,97.80427586206896,398.32598039215685,858.4254807692307
947,47189030303,1000.0,1000.0,1000.0
948,47081950302,59.284746987951806,272.2991245283019,803.7444089456869
949,47081950301,42.55425837320574,163.2127659574468,559.1675824175824
950,47189030102,106.70691304347827,295.05868749999996,792.2403317073172
951,47189030307,892.7064220183486,989.7767857142857,990.1018518518518
952,47189030800,89.09237060702876,276.06624605678235,850.7417417417417
953,47149040104,750.0,955.6938775510204,958.6122448979592
954,47149040101,296.875,990.25,991.46875
955,47149040103,1000.0,999.8169014084507,999.8219178082192
956,47149040306,199.63610810810812,527.8472222222222,567.0
957,47149042300,276.06874336283187,805.1742424242424,915.5299145299145
958,47149041301,250.0,987.7123287671233,995.013698630137
959,47149041101,291.8150229007633,916.2857142857143,928.2971014492754
960,47149040702,165.21466666666666,605.7515764705882,664.3525641025641
961,47149040810,64.8343619047619,276.7802376237624,268.53880769230767
962,47149040701,214.7112676056338,667.2622950819672,746.8159509202454
963,47149040905,354.5858723404255,703.1103896103896,788.7692307692307
964,47149040901,168.3214358974359,604.8571428571429,761.7556818181819
965,47157020521,116.48123076923078,102.75,987.0
966,47157008200,132.09574468085106,383.43636363636364,912.9782608695652
967,47157010220,143.4004,135.9516129032258,964.3117647058823
968,47157020221,66.83052631578947,81.9274193548387,87.10416666666667
969,47157021353,137.8216,250.36301369863014,934.91
970,47157021020,139.477125,424.1645569620253,948.1846153846154
971,47157021200,61.90909090909091,64.32,594.6
972,47157021342,109.85761589403974,266.09574468085106,777.1192307692307
973,47157021710,105.72413793103448,121.9047619047619,791.4
974,47157021745,150.0,275.0,974.955223880597
975,47157022210,145.72881355932202,145.21666666666667,939.9354838709677
976,47061955200,79.40528634361233,239.03508771929825,852.6875
977,47061955300,84.66487935656836,237.9088471849866,800.9574468085107
978,47061955000,77.03804347826087,199.8641304347826,810.8571428571429
979,47061955100,70.40880503144655,181.7283950617284,934.5923913043479
980,47099960800,19.009174311926607,67.12217194570135,305.1238738738739
981,47099960900,6.413333333333333,10.597777777777777,13.32
982,47099960300,19.244755244755243,46.245791245791246,299.751677852349
983,47099960200,7.316222222222223,20.680672268907564,27.2
984,47163043202,1000.0,1000.0,1000.0
985,47099960700,6.487394957983193,17.90546218487395,452.2878151260504
986,47099960100,47.99065420560748,166.40350877192984,534.390350877193
987,47099960600,4.79756,102.45847176079734,296.74916943521595
988,47163043402,1000.0,1000.0,1000.0
989,47163043401,1000.0,1000.0,1000.0
990,47163043301,1000.0,1000.0,1000.0
991,47163043500,1000.0,1000.0,1000.0
992,47163040500,100.0,1000.0,1000.0
993,47147080200,20.251911111111117,63.328623376623376,48.246716981132074
994,47041920200,198.6931818181818,841.4810606060606,859.2272727272727
995,47041920300,54.484848484848484,209.67741935483872,437.5835616438356
996,47163040300,98.76923076923077,1000.0,1000.0
997,47163042500,1000.0,1000.0,1000.0
998,47163042200,1000.0,1000.0,1000.0
999,47163042701,1000.0,1000.0,1000.0
1000,47163043100,1000.0,1000.0,1000.0
1001,47163042702,1000.0,1000.0,1000.0
1002,47163042000,100.0,1000.0,1000.0
1003,47163041200,98.28019323671498,1000.0,1000.0
1004,47163040700,100.0,1000.0,1000.0
1005,47163042802,1000.0,1000.0,1000.0
1006,47163041400,93.39414414414415,1000.0,1000.0
1007,47163041700,100.0,1000.0,1000.0
1008,47163040800,100.0,1000.0,1000.0
1009,47163041900,100.0,1000.0,1000.0
1010,47163041000,98.99159663865547,1000.0,1000.0
1011,47163040600,100.0,1000.0,1000.0
1012,47133950500,180.74157303370785,753.434065934066,699.4142259414226
1013,47163041100,100.9659090909091,1000.0,1000.0
1014,47163043600,111.05511811023622,1000.0,1000.0
1015,47163041300,98.6241610738255,1000.0,1000.0
1016,47133950400,157.05555555555554,303.6842105263158,646.5700934579439
1017,47133950100,39.053763440860216,51.0,327.6111111111111
1018,47133950600,91.9390243902439,147.7325581395349,226.48181818181817
1019,47133950200,43.2,94.14285714285714,409.4424778761062
1020,47077975500,53.480865384615385,16.549746031746032,55.788761904761905
1021,47037013400,374.73169098712424,969.7352103004292,982.7575757575758
1022,47037017000,256.8212549019608,978.656862745098,988.2277227722773
1023,47173040100,121.7733223140496,679.5391559633027,399.8885941644562
1024,47173040201,125.18635897435898,857.7168141592921,575.5688622754491
1025,47173040300,14.96951219512195,30.05294117647059,24.260775862068964
1026,47173040202,131.4369111111111,847.1337579617834,471.37894736842105
1027,47187050906,223.5151515151515,940.1062372881355,939.1034482758621
1028,47127930100,69.29496470588235,90.74273858921161,247.0
1029,47001020600,150.0,987.0,987.0
1030,47037010302,206.40816326530611,906.8510638297872,830.6734693877551
1031,47037010601,238.97560975609755,989.9545454545455,992.1395348837209
1032,47037015624,250.0,989.8888888888889,989.7368421052631
1033,47037015625,226.4,988.925925925926,992.2962962962963
1034,47073050800,73.14555813953488,260.5736842105263,663.1382978723404
1035,47073050200,58.64056140350877,227.49266666666665,736.6446280991736
1036,47073050301,99.1743119266055,398.20183486238534,942.9357798165138
1037,47077975000,62.000095693779905,65.75090252707581,535.8272727272728
1038,47077975300,110.31707118644067,114.3344262295082,924.1780821917808
1039,47077975400,112.1522015503876,114.25589225589225,912.3793103448276
1040,47077975100,202.50037086092715,49.84615384615385,468.452736318408
1041,47077975200,358.4214581280788,55.81142857142857,480.7393162393162
1042,47189030401,100.0,347.72727272727275,989.0909090909091
1043,47189030204,247.96060606060607,603.5672514619883,914.7543859649123
1044,47189030203,692.6559139784946,880.195652173913,977.3225806451613
1045,47189030402,101.45631067961165,381.4271844660194,948.9417475728155
1046,47189030904,34.90340425531915,166.8521505376344,834.9800995024875
1047,47189030903,415.18227218934913,708.5421348314607,793.485632183908
1048,47037014400,185.63541666666666,631.4757281553398,664.0891089108911
1049,47111970200,753.4693251533743,1000.0,1000.0
1050,47111970400,805.3088235294117,830.031847133758,830.031847133758
1051,47111970100,585.7904191616766,653.397874015748,992.203125
1052,47111970300,902.5045045045046,838.5,987.3333333333334
1053,47011011401,107.72774869109948,454.1554404145078,957.6030927835052
1054,47011011602,80.396,300.81266666666664,723.1831683168317
1055,47011011402,121.13913043478261,417.82608695652175,939.0434782608696
1056,47011011601,105.75680952380952,408.4102564102564,806.060975609756
1057,47175925200,98.44827586206897,177.29885057471265,852.8804347826087
1058,47175925000,36.45669291338583,58.38582677165354,359.3818181818182
1059,47093003300,146.4,988.625,824.1875
1060,47093002100,150.0,987.8863636363636,693.4920634920635
1061,47093002600,121.11406451612903,838.7939692307691,725.038961038961
1062,47093004100,145.08196721311475,979.2622950819672,967.9047619047619
1063,47093004800,129.44,859.4905660377359,772.2521008403361
1064,47093006202,785.0,973.6585365853658,869.8260869565217
1065,47037019004,234.6451612903226,989.4375,999.1875
1066,47037015404,225.8512,922.8275862068965,957.9333333333333
1067,47037018801,232.1868131868132,965.471264367816,962.9090909090909
1068,47037011001,235.4591836734694,924.4295849056604,960.5427924528301
1069,47037017200,362.0837333333333,863.7329655172414,846.1659325842696
1070,47037015700,240.44230769230768,893.3,899.7
1071,47037018202,296.75,994.15,996.2857142857143
1072,47037015900,137.4815873015873,410.5694603174603,435.17425806451615
1073,47037012702,239.42525714285713,957.0465352112675,957.643111111111
1074,47037019114,347.0175438596491,903.5897435897435,929.4529914529915
1075,47037010401,209.40130909090908,776.302947368421,810.9470714285715
1076,47143975300,304.36443199999997,484.1228813559322,896.8193430656934
1077,47037017800,363.4492753623188,981.0735294117648,984.3623188405797
1078,47037019109,233.0,955.0,958.3703703703703
1079,47037017500,438.8152173913044,871.1263157894737,883.4526315789474
1080,47037015613,176.07608695652175,748.6162790697674,758.2727272727273
1081,47143975200,88.56412727272728,392.55299539170505,774.6709401709402
1082,47143975000,23.36939534883721,20.834557077625572,68.42784810126582
1083,47143975100,27.274577181208056,25.661349112426034,59.743654822335024
1084,47093003801,129.68627450980392,870.1594181818181,766.2307692307693
1085,47011010800,116.36363636363636,410.90909090909093,984.7272727272727
1086,47011010400,98.4695652173913,396.67826086956524,974.7652173913043
1087,47037010301,237.67948717948718,919.75,902.0243902439024
1088,47037010402,326.73015873015873,960.484375,963.8125
1089,47037010802,241.07692307692307,987.5,992.75
1090,47037010904,237.14705882352942,968.9354838709677,940.21875
1091,47037011002,230.60466666666667,948.6517894736841,949.1315789473684
1092,47037011100,250.0,952.5409836065573,951.5245901639345
1093,47037015614,250.0,990.7142857142857,997.2142857142857
1094,47037017300,472.5855855855856,921.9741379310345,926.448275862069
1095,47189030308,980.7692307692307,1000.0,1000.0
1096,47037015622,240.06,994.28,994.28
1097,47037019006,234.41379310344828,896.6206896551724,1000.0
1098,47037019117,207.51724137931035,768.1333333333333,794.4827586206897
1099,47037018803,258.73333333333335,956.7586206896551,957.2068965517242
1100,47031970500,99.3741935483871,296.34615384615387,958.5806451612904
1101,47157020622,121.5594375,127.43283582089552,877.516129032258
1102,47157020632,131.74074074074073,315.1020408163265,982.3563218390805
1103,47157020651,145.93939393939394,133.8165137614679,987.0
1104,47019071200,98.1930693069307,387.9656862745098,917.3823529411765
1105,47019071400,127.2375,146.0483870967742,189.8252032520325
1106,47019071700,94.79842931937172,286.41623036649213,905.7041884816754
1107,47019070600,133.6734693877551,232.16,439.47058823529414
1108,47155081101,100.0,533.3333333333334,931.5339805825242
1109,47155081102,106.50925925925925,166.32234432234432,862.7269503546099
1110,47157022322,145.3479375,145.7265625,956.9609375
1111,47037017702,401.1806511627907,996.1590909090909,998.5227272727273
1112,47037017701,250.0,993.3142857142857,1000.0
1113,47037018804,250.0,992.3793103448276,992.3793103448276
1114,47037019118,267.875,937.6470588235294,995.125
1115,47017962201,94.63637988826815,234.98076923076923,859.6164827586206
1116,47017962202,110.51148051948051,239.44897959183675,927.9451612903226
1117,47017980100,0.768,24.0,6.321454545454546
1118,47099960402,89.78370786516854,344.9189189189189,808.2096774193549
1119,47099960502,85.56998757763975,275.63366336633663,641.2920792079208
1120,47099960501,92.60606060606061,352.8647342995169,829.8309178743962
1121,47099960401,88.04012749003984,345.4861660079051,807.1541501976285
1122,47003950402,83.93172690763052,326.1044176706827,784.5491803278688
1123,47003950401,90.22543352601156,360.99415204678365,886.5963855421687
1124,47125102004,123.6842105263158,778.9473684210526,976.3157894736842
1125,47125101803,100.0,428.57142857142856,956.530612244898
1126,47157020652,142.2923076923077,142.47761194029852,971.6190476190476
1127,47157021111,110.97368421052632,86.65517241379311,670.5833333333334
1128,47157021112,120.60254545454545,139.55696202531647,938.6140350877193
1129,47157021113,85.37704918032787,217.34736842105264,987.2469135802469
1130,47065012000,957.952380952381,965.7011494252873,977.0574712643678
1131,47157022330,145.6,146.25,940.5666666666667
1132,47157006300,135.8285,132.09615384615384,909.2553191489362
1133,47157021122,124.75536,166.32203389830508,947.3333333333334
1134,47157005000,113.90625,122.25806451612904,920.8965517241379
1135,47157021136,131.96052631578948,222.1529411764706,954.5735294117648
1136,47157021137,134.03773584905662,344.7741935483871,901.6138613861386
1137,47157021530,132.0,201.3265306122449,908.3260869565217
1138,47157021611,135.56,131.225,937.0972222222222
1139,47177930100,830.5194805194806,222.27272727272728,846.3141025641025
1140,47177930300,925.2678571428571,140.58035714285714,485.97391304347826
1141,47177930500,871.6903225806452,296.3032258064516,962.3506493506494
1142,47177930800,841.0352564102565,209.4551282051282,692.887537993921
1143,47177930200,902.9428571428572,122.9871382636656,569.3435582822086
1144,47177930400,844.3609022556391,291.42857142857144,952.218045112782
1145,47177930900,986.9565217391304,39.78260869565217,972.7333333333333
1146,47177930700,847.6923076923077,292.2307692307692,985.1162790697674
1147,47177930600,802.7397260273973,298.013698630137,965.068493150685
1148,47155080700,110.79517786561264,127.68859649122807,136.78420038535646
1149,47079969600,106.25021897810218,243.4852652259332,819.2937915742793
1150,47131965400,69.96150537634409,178.32946635730858,542.9744779582367
1151,47157004300,94.56144,160.6749387755102,733.00144
1152,47131965800,39.3528188976378,73.43283582089552,224.77727272727273
1153,47131965300,27.003383084577116,53.643072000000004,713.0172413793103
1154,47131965700,100.0,316.20382165605093,921.4267515923567
1155,47131965600,108.19779591836735,300.9126213592233,889.8446601941747
1156,47131965200,36.805527272727275,85.0,377.01020408163265
1157,47131965900,442.8221914893617,433.38775510204084,686.7130582010582
1158,47131965000,31.0104734299517,73.48795061728396,580.4191489361702
1159,47131965100,66.31004724409449,161.6564417177914,497.345425
1160,47131965500,95.9906218487395,374.75,821.7830882352941
1161,47019070200,103.61935483870968,391.93548387096774,916.1290322580645
1162,47065011700,1000.0,969.2995151515152,953.8390153846153
1163,47157009901,131.06846153846155,145.875,944.2647536231883
1164,47157020644,145.04716981132074,296.216,981.2450980392157
1165,47157020643,139.5,217.5686274509804,989.4492753623189
1166,47157021334,132.0909090909091,136.45454545454547,848.0
1167,47157021333,130.13513513513513,139.6216216216216,959.3142857142857
1168,47157021139,127.41666666666667,162.7608695652174,848.8823529411765
1169,47157022500,99.13812765957447,113.44269767441861,731.1498390804597
1170,47157020531,122.90963636363637,109.18987341772151,859.4754098360655
1171,47157020532,128.028,121.31182795698925,880.5156543209877
1172,47157020832,128.89971428571428,343.80281690140845,913.1848739495798
1173,47157021142,122.83636363636364,77.99173553719008,951.7608695652174
1174,47157011700,80.08566101694916,86.32935652173913,567.2254358974359
1175,47119010202,96.73361316872428,518.9990793650793,901.6945185185184
1176,47119010301,95.35705154639176,428.3089005235602,913.4031413612565
1177,47119011101,95.55321212121213,391.5526564102564,922.0410256410256
1178,47119011001,89.64454339622641,363.9961685823755,856.2481532567049
1179,47035970603,42.19642857142857,157.10344827586206,232.56944444444446
1180,47035970702,19.118367346938776,134.44758064516128,157.4914089347079
1181,47035970502,98.30601092896175,1000.0,933.027027027027
1182,47035970101,126.32323232323232,813.5094339622641,657.593984962406
1183,47035970102,96.65156794425087,595.1190476190476,491.23497267759564
1184,47035970602,80.33760683760684,237.64978902953587,695.5873015873016
1185,47035970601,77.89208633093526,1000.0,711.2384105960265
1186,47035970301,13.860294117647058,26.613793103448277,74.03921568627452
1187,47035970302,20.012048192771083,24.216374269005847,28.582278481012658
1188,47035970701,97.67241379310344,290.05128205128204,908.7008547008547
1189,47035970501,94.58646616541354,294.29323308270676,862.6934306569343
1190,47153060102,10.0,102.63157894736842,258.9142857142857
1191,47153060101,16.057971014492754,486.60869565217394,652.0869565217391
1192,47145980100,,9.8,4.879679144385027
1193,47057500402,96.59414225941423,116.82008368200837,916.8326359832636
1194,47057500401,88.35897435897436,106.51282051282051,860.2
1195,47093000902,64.50266666666667,330.3392857142857,184.91836734693877
1196,47093004607,137.768115942029,980.3768115942029,944.0416666666666
1197,47093004615,134.1141818181818,928.4375,860.8285714285714
1198,47093003901,147.67441860465115,990.0930232558139,914.5106382978723
1199,47093005302,123.17579220779221,915.6436470588235,495.1190476190476
1200,47093005502,129.3148148148148,768.6935483870968,619.6493506493506
1201,47093005603,144.09271232876713,892.9753086419753,909.1358024691358
1202,47093004404,123.09712280701754,804.1052631578947,730.6119402985074
1203,47093005301,130.86315789473684,860.8942307692307,662.4855072463768
1204,47093006502,140.91666666666666,948.4666666666667,679.6571428571428
1205,47093004613,143.02857142857144,987.4102564102565,926.547619047619
1206,47093006002,136.875,866.9166666666666,817.0588235294117
1207,47093004610,135.27083333333334,802.5370370370371,658.7462686567164
1208,47157020900,134.98336363636363,454.23728813559325,918.1035714285714
1209,47093006401,650.775,995.3333333333334,948.1463414634146
1210,47093006600,119.3423076923077,780.062015503876,699.8486842105264
1211,47093006800,117.78787878787878,742.9615384615385,509.02127659574467
1212,47133950302,221.52482269503545,743.0869565217391,677.7945945945946
1213,47133950301,209.50526315789475,739.3631578947368,824.1141552511416
1214,47157021121,125.89090909090909,101.14049586776859,920.7794117647059
1215,47157010300,122.1585,138.69230769230768,850.8571428571429
1216,47157020700,68.37209302325581,73.62962962962963,116.13513513513513
1217,47157021010,133.07268,661.7727272727273,949.315
1218,47157021510,122.67024,461.3521126760563,847.025974025974
1219,47157020621,132.0,106.53097345132744,942.5845999999999
1220,47157021744,150.0,149.0909090909091,970.8727272727273
1221,47003950700,50.947883720930236,156.20803636363635,300.281124497992
1222,47157010500,80.65129411764707,95.21786666666667,597.6178666666667
1223,47157004500,121.818,279.26116666666667,907.3653333333333
1224,47157980300,1.5,9.9,9.9375
1225,47157021724,110.45454545454545,126.08823529411765,840.46875
1226,47157980100,21.520615384615382,40.15178947368421,176.0625
1227,47065011900,920.6323529411765,998.8529411764706,998.8529411764706
1228,47003950600,94.931330472103,378.2403433476395,912.9130434782609
1229,47003950100,82.32835820895522,288.8376068376068,640.3032786885246
1230,47003950300,48.40791919191919,174.51891891891893,381.4307692307692
1231,47003950500,95.91703056768559,389.5462555066079,911.7903930131005
1232,47003950800,31.448559670781894,65.27169811320755,196.99618320610688
1233,47003950200,35.382075471698116,127.11320754716981,151.29746835443038
1234,47065011326,957.5,1000.0,1000.0
1235,47123925502,14.208609271523178,19.171140939597315,42.74695863746959
1236,47123925501,13.459259259259259,19.376923076923077,29.894495412844037
1237,47119010700,100.0,400.0,965.4676258992806
1238,47141000303,110.98666666666666,300.0,944.8
1239,47157004200,81.3064,127.25619834710744,528.1967213114754
1240,47157004600,109.30536000000001,118.70652173913044,773.75
1241,47107970300,135.27573529411765,190.72962962962964,403.2073170731707
1242,47107970500,104.61197916666667,121.65346534653466,118.87857142857143
1243,47107970800,85.81794285714285,150.8541551020408,136.664113785558
1244,47107970200,127.19937735849057,136.61848341232226,219.18589743589743
1245,47107970700,140.06175369458128,138.87911520737327,141.0280701754386
1246,47107970600,135.32446963562754,127.38447653429603,122.34114583333333
1247,47065010901,914.389953488372,914.5269787234042,953.7106363636362
1248,47065010902,905.6282051282051,998.9736842105264,998.2894736842105
1249,47065010903,920.9302325581396,998.5227272727273,998.2272727272727
1250,47065011443,944.7247706422019,963.9814814814815,972.7264150943396
1251,47065010305,942.0454545454545,957.7872340425532,976.9565217391304
1252,47065010104,94.63581651376147,365.4848484848485,663.155737704918
1253,47065011002,942.3571428571429,971.2,963.5766423357665
1254,47065010103,125.50588235294117,680.8690476190476,902.9047619047619
1255,47065010303,900.0222222222222,998.8181818181819,998.8181818181819
1256,47065011001,648.4722222222222,682.3333333333334,755.0649350649351
1257,47065010435,954.6666666666666,974.2368421052631,960.8648648648649
1258,47065011325,853.8461538461538,952.3125,994.8253968253969
1259,47119010900,80.16138271604939,343.1571466666667,805.1245298013245
1260,47119010400,100.89104262295082,407.05737704918033,930.157980456026
1261,47119010500,98.58849557522124,394.99555555555554,958.5422222222222
1262,47119011200,64.84361052631579,288.50397492163006,709.7369281045752
1263,47119010600,100.0,400.0,964.0625
1264,47085130400,48.72288,34.975,59.83216783216783
1265,47119010100,66.35496402877698,206.34698342541435,442.46091836734684
1266,47067960500,9.6064,337.9085714285714,822.418918918919
1267,47067960600,41.93880341880342,500.43241988950274,721.772946236559
1268,47085130200,60.65333333333333,251.40983606557376,260.7755102040816
1269,47085130500,14.433962264150944,23.98230088495575,980.2765957446809
1270,47085130300,193.9830754716981,766.3896991150443,874.8581840490797
1271,47085130100,12.951945205479454,15.881857819905214,513.9480154440155
1272,47141000600,118.90434782608696,304.86580086580085,932.8275862068965
1273,47141000301,93.18260869565218,284.2782608695652,879.8362068965517
1274,47141001100,120.4169014084507,569.1011235955057,917.3546666666666
1275,47141000200,95.39265536723164,253.37150837988827,748.1263157894737
1276,47141000800,106.58723404255319,297.65106382978723,933.1744680851064
1277,47141000900,95.22357723577235,331.4024390243902,882.9357429718875
1278,47141000700,116.66666666666667,303.24074074074076,940.8333333333334
1279,47141000100,77.87792207792208,206.66923076923078,565.9587155963303
1280,47141001300,46.61333333333334,121.8,284.64285714285717
1281,47141001000,75.28191489361703,411.87373737373736,509.82745098039214
1282,47141001200,118.74149659863946,370.2551020408163,878.608552631579
1283,47141000500,117.3076923076923,300.0,952.1153846153846
1284,47141000400,113.43283582089552,297.9555555555556,938.9481481481481
1285,47157021613,150.0,162.4255319148936,967.0851063829788
1286,47157007300,125.90625,112.23809523809524,872.9090909090909
1287,47157021320,113.96096,91.64356435643565,795.8787878787879
1288,47157020222,71.66666666666667,53.55555555555556,100.0
1289,47157022410,148.61052631578949,181.98969072164948,977.7397959183673
1290,47157005300,134.18432142857142,139.31626168224298,905.3756666666666
1291,47157008500,130.03636363636363,380.7014925373134,870.3090909090909
1292,47157020810,62.4076,41.59340659340659,106.73074509803922
1293,47157021520,124.84271502590674,534.8100558659218,872.5573770491803
1294,47157005700,145.1868131868132,146.96629213483146,975.9204545454545
1295,47157020300,92.84313725490196,80.42857142857143,91.57894736842105
1296,47157020820,136.25094736842107,370.6551724137931,932.4471544715448
1297,47157021135,134.30726086956523,190.93457943925233,883.8695652173913
1298,47157009200,138.34105785123967,231.71523178807948,930.7540983606557
1299,47157021138,126.70588235294117,327.85,930.4193548387096
1300,47157003300,135.9512195121951,164.85294117647058,941.8484848484849
1301,47157000600,142.84426229508196,138.31967213114754,907.0
1302,47157021331,137.63955555555555,115.31884057971014,906.2777777777778
1303,47157021352,147.70412307692308,164.475,972.952380952381
1304,47069950300,51.082248175182485,114.27171223021583,934.3051948051948
1305,47157021410,142.9875,114.84905660377359,939.35
1306,47157022130,140.61971830985917,167.3,932.9142857142857
1307,47157020210,82.05555555555556,69.26277372262774,92.44186046511628
1308,47157010120,138.57236842105263,140.46666666666667,921.68
1309,47157020610,96.47264516129033,80.03488372093024,634.1578947368421
1310,47019070900,104.31132075471699,388.20754716981133,905.0943396226415
1311,47161110200,135.74760283687942,182.54230952380954,772.9654698795181
1312,47161980200,,200.0,100.0
1313,47161980100,100.5,100.0,1000.0
1314,47161110600,26.90963855421687,89.32857142857142,293.7191011235955
1315,47097050200,111.33206808510639,55.661417322834644,515.9623430962343
1316,47097050100,65.79144000000001,18.416666666666668,37.90243902439025
1317,47097050300,287.0784329896907,63.40462427745665,864.9477611940298
1318,47097050600,90.86117647058823,61.40372670807454,493.32094594594594
1319,47097050400,180.84459459459458,74.69811320754717,764.7710843373494
1320,47157001600,123.58695652173913,330.2962962962963,860.4038181818181
1321,47091956200,78.7196261682243,176.90357142857144,529.2291666666666
1322,47091956300,96.82429239766081,302.65126843657816,936.7559526627218
1323,47091956000,12.071428571428571,935.2131147540983,944.7833333333333
1324,47091956400,93.27906976744185,291.2918660287081,894.0416666666666
1325,47091956100,97.6421052631579,295.37566137566137,926.0
1326,47157007810,102.77383333333334,75.19672131147541,691.9872876712329
1327,47033961000,460.7333861386137,51.91304347826087,426.6429999999999
1328,47033961400,239.3531291866028,97.4574898785425,837.5267037037037
1329,47033961200,207.52564102564102,54.47938144329897,199.43814432989691
1330,47033961100,281.50789285714285,88.53246753246754,651.394643478261
1331,47033961300,223.42176870748298,57.593939393939394,246.82608695652175
1332,47157003100,128.0581395348837,362.4591836734694,904.1575342465753
1333,47157003200,141.3125,147.375,994.8541666666666
1334,47189030309,943.1147540983607,983.5333333333333,983.5333333333333
1335,47141000302,105.984,301.08,925.736
1336,47069950500,101.55785106382979,101.45573708920188,572.2680840336135
1337,47069950600,73.92596923076923,65.64421739130435,331.5833333333333
1338,47069950100,96.64195294117648,10.341364341085272,73.46153383458646
1339,47069950200,167.40765714285715,85.4013023255814,516.5676496350364
1340,47069950400,34.81921243523316,81.02496682464455,533.1039999999999
1341,47045964900,118.01117318435755,121.49162011173185,569.268156424581
1342,47125101001,100.0,367.9130434782609,945.304347826087
1343,47125100300,100.0,345.45454545454544,975.8441558441558
1344,47009980100,100.0,120.0,944.8
1345,47009011502,112.8910985915493,686.6081081081081,519.8877551020408
1346,47125102001,137.22857142857143,499.8142857142857,974.2857142857143
1347,47125101201,100.0,334.35,960.35
1348,47125101304,99.15463917525773,423.5520833333333,952.09375
1349,47045964000,310.8816120906801,381.56171284634763,682.6095717884131
1350,47113000800,578.6127167630058,587.9768786127167,973.6416184971098
1351,47045964500,115.16,122.016,406.248
1352,47045964200,165.16587677725119,157.59241706161137,760.085308056872
1353,47045964800,72.84507042253522,74.92682926829268,428.30662020905925
1354,47045964300,121.68669527896996,123.30042918454936,589.7296137339056
1355,47045964400,132.06015037593986,143.38721804511277,691.9887218045113
1356,47045964600,175.43577981651376,76.35779816513761,320.9954128440367
1357,47113001502,145.22684337349395,93.31230283911673,797.2956989247311
1358,47149040307,416.6666666666667,973.1282051282051,952.2439024390244
1359,47149040102,1000.0,1000.0,1000.0
1360,47149040308,308.59375,952.3731343283582,966.5454545454545
1361,47119011102,98.08695652173913,393.94736842105266,917.5652173913044
1362,47119010801,99.05376344086021,400.0,958.2608695652174
1363,47157003500,144.9375,284.2105263157895,995.2105263157895
1364,47143975401,143.86738650306748,431.28834355828224,943.4570552147239
1365,47157003600,108.68852459016394,111.3103448275862,702.9827586206897
1366,47157003700,78.21428571428571,109.21212121212122,514.0151515151515
1367,47163043302,1000.0,1000.0,1000.0
1368,47163043201,1000.0,1000.0,1000.0
1369,47157021141,131.7887323943662,363.8292682926829,993.2173913043479
1370,47157000200,139.956,145.37037037037038,951.3703703703703
1371,47157980400,35.80066666666666,26.64406779661017,117.8
1372,47157021140,130.17564179104477,113.17073170731707,911.9354838709677
1373,47157020831,137.54090322580646,302.66,996.6744186046511
1374,47155080801,102.54040404040404,149.2336603773585,809.9910714285714
1375,47155980100,94.51576470588236,173.06666666666666,228.54545454545453
1376,47113000100,554.8387096774194,564.7311827956989,971.6129032258065
1377,47113000200,487.6237623762376,499.009900990099,962.5742574257425
1378,47113000400,835.0,825.311475409836,987.2131147540983
1379,47113001900,131.3560490797546,116.0519,734.8205128205128
1380,47113001605,329.24528301886795,344.1509433962264,958.6792452830189
1381,47113001607,620.0,634.4347826086956,977.5824175824176
1382,47113001609,212.09678571428572,118.43609022556392,837.1086956521739
1383,47113001610,634.4893793103448,644.8547008547008,977.7586206896551
1384,47113001300,703.6846846846847,672.6468085106383,976.081081081081
1385,47113001100,544.7058823529412,554.8235294117648,967.5294117647059
1386,47113001700,696.7982962962963,107.63855421686748,217.62
1387,47113001501,459.90341605839416,485.43065693430657,966.4671532846716
1388,47113001608,97.60329411764705,57.4344262295082,990.9979099099098
1389,47113001402,402.4,412.57142857142856,954.4920634920635
1390,47151975400,113.74045801526718,1000.0,1000.0
1391,47151975100,100.13123359580052,1000.0,1000.0
1392,47151975000,100.1470588235294,1000.0,1000.0
1393,47151975300,102.71966527196653,1000.0,1000.0
1394,47151975200,107.84671532846716,1000.0,1000.0
1395,47181950200,31.813813813813812,29.740298507462686,654.091811414392
1396,47113000500,652.0,659.7333333333333,979.2
1397,47113000600,960.2941176470588,961.1764705882352,996.4705882352941
1398,47157011100,99.14013559322034,86.24096385542168,701.0689655172414
1399,47181950100,21.43295019157088,26.84090909090909,340.9776119402985
1400,47181950400,7.0368663594470044,6.5,73.18942731277534
1401,47037015630,653.8888888888889,668.875,777.7
1402,47037018904,234.51724137931035,962.2413793103449,963.1724137931035
1403,47187050701,216.8256,912.8,972.64
1404,47021070104,133.85094736842106,212.2537142857143,521.939024390244
1405,47021070202,97.80615789473684,305.2966666666667,936.8566666666667
1406,47181950300,22.90277777777778,27.59433962264151,486.2490118577075
1407,47113001000,840.0,843.5555555555555,990.6666666666666
1408,47113001603,586.4864864864865,595.6756756756756,974.0540540540541
1409,47113000700,840.625,844.1666666666666,979.5104166666666
1410,47157003800,32.79545454545455,38.05,205.85
1411,47157003900,100.56,165.5,744.8
1412,47037018905,274.0769230769231,934.0666666666667,934.0666666666667
1413,47037013601,399.6500392156863,956.6142178217821,946.9782574257424
1414,47037018301,243.7941176470588,915.3157894736842,892.1923076923077
1415,47037018302,263.6818181818182,716.2934782608696,668.0444444444445
1416,47037015631,819.7950819672132,935.6709206349205,981.7
1417,47075930500,548.9550561797753,71.975,381.8723404255319
1418,47157021311,109.78846153846153,103.91,882.0277777777778
1419,47157022122,146.93617021276594,186.3913043478261,987.0
1420,47157022600,52.384095808383236,80.615296,430.30534351145036
1421,47157020101,23.830357142857142,85.42391304347827,103.1375
1422,47157020102,60.25581395348837,70.93023255813954,98.425
1423,47075930100,939.266,24.785714285714285,80.68693670886076
1424,47075930200,803.931213114754,27.698924731182796,24.704545454545453
1425,47075930400,118.09830927835051,168.99143434343435,792.7937467248908
1426,47025970400,50.0,400.0,441.6875
1427,47113000300,597.8723404255319,606.8085106382979,973.1914893617021
1428,47025970300,100.87524324324325,475.3863636363636,601.328
1429,47025970500,105.0,198.99074074074073,583.9661016949152
1430,47025970700,97.74065420560747,397.34703196347033,776.1145038167939
1431,47025970200,102.94374193548387,487.6868686868687,703.3740458015267
1432,47025970900,71.64460784313725,311.38,1000.0
1433,47025970600,78.64005925925927,522.4441398601399,566.4727722772277
1434,47025970100,81.86107317073171,812.0,721.4883720930233
1435,47025970800,81.63917525773196,609.484375,806.6712962962963
1436,47113001800,414.2546249999997,271.0064,350.0872483221477
1437,47113001604,573.0769230769231,582.5641025641025,973.0769230769231
1438,47113001401,574.7252747252747,533.76,971.6483516483516
1439,47113001606,617.0212765957447,613.0,968.2937062937064
1440,47167040303,95.43010752688173,87.21495327102804,97.22222222222223
1441,47157009902,135.21428571428572,134.6086956521739,880.6304347826087
1442,47157020633,143.05263157894737,148.72093023255815,891.8461538461538
1443,47157020634,129.7741935483871,129.5625,923.6428571428571
1444,47157021125,125.82908571428571,253.36170212765958,882.2622950819672
1445,47157021124,144.7601052631579,563.2906976744187,982.5316455696203
1446,47157021726,136.07142857142858,311.2,930.4666666666667
1447,47157021725,144.93103448275863,137.60714285714286,886.8214285714286
1448,47157021746,140.6256,143.9655172413793,923.2413793103449
1449,47157021747,145.63636363636363,146.21212121212122,987.0
1450,47157022220,146.46296296296296,146.33333333333334,962.9567901234568
1451,47157022023,143.92383673469388,143.96938775510205,946.7755102040817
1452,47157022024,147.7,147.95081967213116,971.2295081967213
1453,47157020524,143.8862608695652,137.4,987.0
1454,47157020523,136.5,139.94285714285715,959.3636363636364
1455,47157021126,130.7799069767442,144.25675675675674,808.14
1456,47157022121,132.3913043478261,133.6,875.695652173913
1457,47157021312,136.70689655172413,116.6470588235294,914.1111111111111
1458,47171080200,123.47583643122677,774.9163987138263,997.1966292134831
1459,47171080300,92.89955744680852,144.08478260869566,726.6978798586572
1460,47171080100,29.696683760683758,639.395408866995,1000.0
1461,47171080400,143.16831683168317,924.5327102803739,1000.0
1462,47097050503,52.727753846153846,75.42574257425743,776.979381443299
1463,47097050504,64.746,127.13698630136986,916.5479452054794
1464,47097050505,58.459870967741935,107.32075471698113,881.2075471698113
1465,47167040304,97.38461538461539,92.56,120.81818181818181
1466,47129110300,100.0,1000.0,1000.0
1467,47129110100,144.4262295081967,1000.0,1000.0
1468,47129110500,111.25,1000.0,1000.0
1469,47129110200,100.0,1000.0,1000.0
1470,47129110400,102.57510729613733,1000.0,1000.0
1471,47103975000,44.914300000000004,54.27771779141104,130.93379591836734
1472,47157005600,104.80302127659574,106.49466666666667,695.9756923076917
1473,47157005800,134.74285714285713,142.23529411764707,903.9428571428572
1474,47157005900,142.07142857142858,148.61111111111111,973.375
1475,47103975700,60.588972972972975,327.3611111111111,277.59322033898303
1476,47103975200,3.397496183206107,16.881918819188193,13.227941176470589
1477,47103975100,12.95709677419355,43.38414634146341,37.26315789473684
1478,47103975500,77.57128070175439,192.21254355400697,605.2831541218638
1479,47103975400,97.54040784313726,299.8519736842105,752.0728476821192
1480,47103975300,94.55336470588236,347.34948096885813,760.203125
1481,47073050503,98.42035398230088,400.0,944.2477876106195
1482,47157006000,139.69227906976744,143.175,937.7441999999999
1483,47157006200,126.6,125.625,851.92
1484,47157022111,135.46875,142.2258064516129,912.5322580645161
1485,47157022022,118.70255555555556,123.44244660194175,805.2480784313726
1486,47165020700,220.54904347826087,869.6296296296297,946.5970149253732
1487,47157006400,142.3548387096774,112.21428571428571,961.7741935483871
1488,47157007400,143.80851063829786,487.6470588235294,932.4489795918367
1489,47157007500,135.72184615384614,138.8756923076923,911.4910769230769
1490,47157022310,145.80250746268658,150.0,987.0
1491,47157022321,142.74107142857142,150.0,968.6509433962265
1492,47157022112,141.76119402985074,140.11764705882354,903.1159420289855
1493,47073050501,87.24590163934427,298.0933333333333,710.5180722891566
1494,47073050601,97.10497237569061,394.5193370165746,931.010989010989
1495,47073050602,100.0,400.0,941.4521739130435
1496,47073050502,93.84507042253522,358.91946308724835,813.2407407407408
